order_id,order_date,product_id,product_name,quantity,unit_price
ORD-000001,2025-01-01,P004,Canvas Backpack,5,64.90
ORD-000002,2025-01-01,P001,Ceramic Mug,2,12.00
ORD-000003,2025-01-01,P003,Linen Tote Bag,1,18.00
ORD-000004,2025-01-01,P001,Ceramic Mug,2,12.00
ORD-000004,2025-01-01,P002,Travel Tumbler,2,24.00
ORD-000004,2025-01-01,P018,Fountain Pen,2,38.00
ORD-000005,2025-01-01,P001,Ceramic Mug,1,12.00
ORD-000006,2025-01-01,P001,Ceramic Mug,1,10.80
ORD-000007,2025-01-01,P014,Scented Candle,1,17.60
ORD-000008,2025-01-01,P003,Linen Tote Bag,4,16.20
ORD-000009,2025-01-01,P001,Ceramic Mug,1,10.80
ORD-000010,2025-01-01,P003,Linen Tote Bag,1,18.00
ORD-000011,2025-01-01,P002,Travel Tumbler,1,24.00
ORD-000011,2025-01-01,P006,Cotton T-Shirt,2,25.00
ORD-000012,2025-01-01,P001,Ceramic Mug,3,10.80
ORD-000012,2025-01-01,P006,Cotton T-Shirt,1,25.00
ORD-000012,2025-01-01,P011,Bamboo Cutting Board,1,32.00
ORD-000013,2025-01-01,P001,Ceramic Mug,2,13.20
ORD-000013,2025-01-01,P003,Linen Tote Bag,1,18.00
ORD-000013,2025-01-01,P032,Throw Pillow,1,27.00
ORD-000014,2025-01-01,P003,Linen Tote Bag,2,19.80
ORD-000015,2025-01-01,P001,Ceramic Mug,1,12.00
ORD-000016,2025-01-01,P003,Linen Tote Bag,1,18.00
ORD-000017,2025-01-01,P001,Ceramic Mug,1,12.00
ORD-000018,2025-01-02,P001,Ceramic Mug,4,12.00
ORD-000019,2025-01-02,P012,Chef Knife,1,74.00
ORD-000020,2025-01-02,P002,Travel Tumbler,2,24.00
ORD-000021,2025-01-02,P004,Canvas Backpack,2,53.10
ORD-000022,2025-01-02,P022,Phone Case,1,13.50
ORD-000023,2025-01-02,P002,Travel Tumbler,1,24.00
ORD-000024,2025-01-02,P002,Travel Tumbler,1,24.00
ORD-000024,2025-01-02,P003,Linen Tote Bag,3,18.00
ORD-000024,2025-01-02,P006,Cotton T-Shirt,3,25.00
ORD-000024,2025-01-02,P021,USB-C Cable,2,10.00
ORD-000025,2025-01-02,P001,Ceramic Mug,1,12.00
ORD-000025,2025-01-02,P002,Travel Tumbler,1,24.00
ORD-000026,2025-01-02,P019,Wireless Mouse,4,29.00
ORD-000027,2025-01-02,P013,Cast Iron Pan,1,56.00
ORD-000027,2025-01-02,P014,Scented Candle,1,16.00
ORD-000028,2025-01-02,P005,Wool Beanie,3,19.80
ORD-000029,2025-01-02,P011,Bamboo Cutting Board,1,32.00
ORD-000030,2025-01-03,P007,Denim Jacket,1,97.90
ORD-000031,2025-01-03,P011,Bamboo Cutting Board,1,32.00
ORD-000032,2025-01-03,P017,Notebook A5,1,9.00
ORD-000033,2025-01-03,P001,Ceramic Mug,1,12.00
ORD-000033,2025-01-03,P013,Cast Iron Pan,5,56.00
ORD-000033,2025-01-03,P026,Herbal Tea Sampler,1,19.00
ORD-000033,2025-01-03,P031,Framed Print,2,64.00
ORD-000034,2025-01-03,P001,Ceramic Mug,1,13.20
ORD-000035,2025-01-03,P001,Ceramic Mug,1,12.00
ORD-000035,2025-01-03,P007,Denim Jacket,1,80.10
ORD-000035,2025-01-03,P034,Sunglasses,2,50.60
ORD-000036,2025-01-03,P002,Travel Tumbler,1,24.00
ORD-000036,2025-01-03,P003,Linen Tote Bag,1,18.00
ORD-000037,2025-01-03,P009,Leather Wallet,1,45.00
ORD-000038,2025-01-03,P002,Travel Tumbler,2,24.00
ORD-000039,2025-01-03,P003,Linen Tote Bag,1,18.00
ORD-000040,2025-01-03,P008,Running Socks,2,11.00
ORD-000041,2025-01-03,P001,Ceramic Mug,1,13.20
ORD-000042,2025-01-03,P036,Gift Card Holder,1,7.00
ORD-000043,2025-01-03,P017,Notebook A5,3,9.00
ORD-000044,2025-01-03,P001,Ceramic Mug,1,10.80
ORD-000045,2025-01-03,P021,USB-C Cable,5,10.00
ORD-000046,2025-01-03,P005,Wool Beanie,1,22.00
ORD-000047,2025-01-03,P002,Travel Tumbler,2,24.00
ORD-000048,2025-01-03,P001,Ceramic Mug,1,12.00
ORD-000048,2025-01-03,P028,Olive Oil 500ml,1,21.00
ORD-000049,2025-01-03,P001,Ceramic Mug,1,12.00
ORD-000050,2025-01-03,P001,Ceramic Mug,1,12.00
ORD-000050,2025-01-03,P003,Linen Tote Bag,1,18.00
ORD-000051,2025-01-03,P003,Linen Tote Bag,1,18.00
ORD-000052,2025-01-03,P015,Soy Wax Candle Set,1,37.40
ORD-000053,2025-01-04,P026,Herbal Tea Sampler,1,17.10
ORD-000054,2025-01-04,P013,Cast Iron Pan,1,56.00
ORD-000055,2025-01-04,P003,Linen Tote Bag,1,18.00
ORD-000056,2025-01-04,P001,Ceramic Mug,4,12.00
ORD-000056,2025-01-04,P004,Canvas Backpack,1,59.00
ORD-000057,2025-01-04,P001,Ceramic Mug,1,12.00
ORD-000058,2025-01-04,P028,Olive Oil 500ml,2,23.10
ORD-000059,2025-01-04,P001,Ceramic Mug,1,12.00
ORD-000059,2025-01-04,P006,Cotton T-Shirt,1,25.00
ORD-000059,2025-01-04,P011,Bamboo Cutting Board,1,28.80
ORD-000059,2025-01-04,P012,Chef Knife,1,66.60
ORD-000060,2025-01-04,P003,Linen Tote Bag,3,19.80
ORD-000061,2025-01-04,P001,Ceramic Mug,1,10.80
ORD-000061,2025-01-04,P002,Travel Tumbler,1,21.60
ORD-000061,2025-01-04,P024,Yoga Mat,2,36.00
ORD-000062,2025-01-04,P021,USB-C Cable,3,10.00
ORD-000063,2025-01-04,P007,Denim Jacket,2,89.00
ORD-000063,2025-01-04,P016,Desk Lamp,1,49.00
ORD-000064,2025-01-04,P001,Ceramic Mug,1,12.00
ORD-000064,2025-01-04,P007,Denim Jacket,2,80.10
ORD-000064,2025-01-04,P033,Wool Blanket,3,79.00
ORD-000065,2025-01-04,P009,Leather Wallet,2,45.00
ORD-000065,2025-01-04,P030,Wall Calendar,1,11.70
ORD-000066,2025-01-04,P001,Ceramic Mug,2,10.80
ORD-000066,2025-01-04,P006,Cotton T-Shirt,1,25.00
ORD-000066,2025-01-04,P013,Cast Iron Pan,1,56.00
ORD-000067,2025-01-04,P001,Ceramic Mug,2,12.00
ORD-000068,2025-01-04,P002,Travel Tumbler,1,24.00
ORD-000069,2025-01-04,P001,Ceramic Mug,2,12.00
ORD-000069,2025-01-04,P012,Chef Knife,5,74.00
ORD-000070,2025-01-04,P001,Ceramic Mug,1,13.20
ORD-000071,2025-01-04,P003,Linen Tote Bag,1,16.20
ORD-000072,2025-01-04,P004,Canvas Backpack,1,64.90
ORD-000073,2025-01-04,P002,Travel Tumbler,1,24.00
ORD-000074,2025-01-04,P011,Bamboo Cutting Board,1,32.00
ORD-000075,2025-01-04,P001,Ceramic Mug,2,12.00
ORD-000075,2025-01-04,P009,Leather Wallet,2,45.00
ORD-000076,2025-01-04,P009,Leather Wallet,1,49.50
ORD-000076,2025-01-04,P035,Umbrella,1,26.00
ORD-000077,2025-01-04,P002,Travel Tumbler,3,24.00
ORD-000077,2025-01-04,P022,Phone Case,1,13.50
ORD-000078,2025-01-04,P003,Linen Tote Bag,1,16.20
ORD-000079,2025-01-04,P006,Cotton T-Shirt,1,22.50
ORD-000080,2025-01-04,P001,Ceramic Mug,2,12.00
ORD-000080,2025-01-04,P008,Running Socks,1,11.00
ORD-000081,2025-01-04,P003,Linen Tote Bag,2,18.00
ORD-000082,2025-01-04,P002,Travel Tumbler,1,24.00
ORD-000083,2025-01-05,P017,Notebook A5,1,8.10
ORD-000084,2025-01-05,P001,Ceramic Mug,1,12.00
ORD-000084,2025-01-05,P002,Travel Tumbler,2,26.40
ORD-000085,2025-01-05,P001,Ceramic Mug,1,12.00
ORD-000086,2025-01-05,P008,Running Socks,4,11.00
ORD-000087,2025-01-05,P001,Ceramic Mug,1,12.00
ORD-000088,2025-01-05,P004,Canvas Backpack,4,59.00
ORD-000089,2025-01-05,P001,Ceramic Mug,2,12.00
ORD-000089,2025-01-05,P025,Resistance Bands,1,14.00
ORD-000090,2025-01-05,P027,Coffee Beans 1kg,2,25.20
ORD-000091,2025-01-05,P001,Ceramic Mug,1,12.00
ORD-000091,2025-01-05,P005,Wool Beanie,2,24.20
ORD-000091,2025-01-05,P007,Denim Jacket,1,89.00
ORD-000092,2025-01-05,P003,Linen Tote Bag,2,16.20
ORD-000093,2025-01-05,P002,Travel Tumbler,2,24.00
ORD-000094,2025-01-05,P007,Denim Jacket,2,89.00
ORD-000095,2025-01-05,P003,Linen Tote Bag,1,18.00
ORD-000095,2025-01-05,P005,Wool Beanie,1,22.00
ORD-000095,2025-01-05,P006,Cotton T-Shirt,3,25.00
ORD-000096,2025-01-05,P001,Ceramic Mug,2,12.00
ORD-000097,2025-01-05,P001,Ceramic Mug,4,12.00
ORD-000098,2025-01-05,P002,Travel Tumbler,1,24.00
ORD-000098,2025-01-05,P033,Wool Blanket,1,79.00
ORD-000099,2025-01-05,P003,Linen Tote Bag,1,16.20
ORD-000099,2025-01-05,P017,Notebook A5,1,9.00
ORD-000100,2025-01-05,P001,Ceramic Mug,3,12.00
ORD-000101,2025-01-05,P001,Ceramic Mug,1,12.00
ORD-000102,2025-01-05,P002,Travel Tumbler,5,24.00
ORD-000103,2025-01-05,P013,Cast Iron Pan,1,56.00
ORD-000104,2025-01-05,P002,Travel Tumbler,2,21.60
ORD-000105,2025-01-05,P007,Denim Jacket,1,89.00
ORD-000106,2025-01-05,P024,Yoga Mat,1,36.00
ORD-000107,2025-01-05,P003,Linen Tote Bag,2,18.00
ORD-000108,2025-01-05,P001,Ceramic Mug,2,10.80
ORD-000108,2025-01-05,P031,Framed Print,1,64.00
ORD-000109,2025-01-05,P013,Cast Iron Pan,1,50.40
ORD-000110,2025-01-05,P002,Travel Tumbler,1,26.40
ORD-000111,2025-01-05,P002,Travel Tumbler,1,24.00
ORD-000111,2025-01-05,P004,Canvas Backpack,3,59.00
ORD-000112,2025-01-05,P001,Ceramic Mug,1,12.00
ORD-000113,2025-01-06,P001,Ceramic Mug,2,13.20
ORD-000113,2025-01-06,P002,Travel Tumbler,1,24.00
ORD-000114,2025-01-06,P001,Ceramic Mug,1,13.20
ORD-000114,2025-01-06,P005,Wool Beanie,5,22.00
ORD-000115,2025-01-06,P031,Framed Print,1,57.60
ORD-000116,2025-01-06,P001,Ceramic Mug,1,12.00
ORD-000117,2025-01-06,P001,Ceramic Mug,4,12.00
ORD-000118,2025-01-06,P029,Hot Sauce Trio,1,23.00
ORD-000119,2025-01-06,P001,Ceramic Mug,3,12.00
ORD-000120,2025-01-06,P001,Ceramic Mug,1,12.00
ORD-000121,2025-01-06,P002,Travel Tumbler,4,21.60
ORD-000122,2025-01-06,P010,Steel Water Bottle,2,20.00
ORD-000123,2025-01-06,P003,Linen Tote Bag,4,19.80
ORD-000124,2025-01-06,P004,Canvas Backpack,2,59.00
ORD-000125,2025-01-06,P003,Linen Tote Bag,1,18.00
ORD-000126,2025-01-06,P003,Linen Tote Bag,2,18.00
ORD-000127,2025-01-06,P003,Linen Tote Bag,1,19.80
ORD-000127,2025-01-06,P005,Wool Beanie,1,22.00
ORD-000127,2025-01-06,P006,Cotton T-Shirt,1,25.00
ORD-000128,2025-01-07,P002,Travel Tumbler,1,24.00
ORD-000128,2025-01-07,P005,Wool Beanie,1,22.00
ORD-000129,2025-01-07,P020,Laptop Stand,2,42.00
ORD-000130,2025-01-07,P001,Ceramic Mug,1,12.00
ORD-000130,2025-01-07,P006,Cotton T-Shirt,1,25.00
ORD-000131,2025-01-07,P003,Linen Tote Bag,1,18.00
ORD-000132,2025-01-07,P002,Travel Tumbler,1,24.00
ORD-000133,2025-01-07,P005,Wool Beanie,1,22.00
ORD-000134,2025-01-07,P002,Travel Tumbler,1,26.40
ORD-000134,2025-01-07,P008,Running Socks,1,11.00
ORD-000135,2025-01-07,P003,Linen Tote Bag,5,18.00
ORD-000135,2025-01-07,P013,Cast Iron Pan,4,56.00
ORD-000135,2025-01-07,P030,Wall Calendar,1,13.00
ORD-000136,2025-01-07,P011,Bamboo Cutting Board,1,32.00
ORD-000137,2025-01-07,P026,Herbal Tea Sampler,3,20.90
ORD-000138,2025-01-07,P018,Fountain Pen,4,38.00
ORD-000139,2025-01-07,P001,Ceramic Mug,2,12.00
ORD-000139,2025-01-07,P005,Wool Beanie,4,19.80
ORD-000139,2025-01-07,P009,Leather Wallet,1,45.00
ORD-000140,2025-01-07,P001,Ceramic Mug,2,12.00
ORD-000140,2025-01-07,P008,Running Socks,1,11.00
ORD-000141,2025-01-07,P004,Canvas Backpack,1,59.00
ORD-000142,2025-01-07,P002,Travel Tumbler,1,24.00
ORD-000142,2025-01-07,P029,Hot Sauce Trio,5,23.00
ORD-000143,2025-01-07,P033,Wool Blanket,1,79.00
ORD-000144,2025-01-07,P026,Herbal Tea Sampler,1,19.00
ORD-000145,2025-01-08,P004,Canvas Backpack,1,59.00
ORD-000146,2025-01-08,P003,Linen Tote Bag,1,18.00
ORD-000147,2025-01-08,P001,Ceramic Mug,1,12.00
ORD-000148,2025-01-08,P001,Ceramic Mug,2,12.00
ORD-000148,2025-01-08,P002,Travel Tumbler,1,21.60
ORD-000149,2025-01-08,P023,Bluetooth Speaker,2,69.00
ORD-000150,2025-01-08,P003,Linen Tote Bag,1,18.00
ORD-000151,2025-01-08,P001,Ceramic Mug,1,13.20
ORD-000151,2025-01-08,P029,Hot Sauce Trio,1,23.00
ORD-000152,2025-01-08,P014,Scented Candle,1,16.00
ORD-000153,2025-01-08,P002,Travel Tumbler,1,21.60
ORD-000154,2025-01-08,P001,Ceramic Mug,4,12.00
ORD-000154,2025-01-08,P027,Coffee Beans 1kg,1,28.00
ORD-000155,2025-01-08,P004,Canvas Backpack,1,59.00
ORD-000156,2025-01-08,P002,Travel Tumbler,1,26.40
ORD-000156,2025-01-08,P003,Linen Tote Bag,4,16.20
ORD-000156,2025-01-08,P006,Cotton T-Shirt,1,27.50
ORD-000157,2025-01-08,P001,Ceramic Mug,1,13.20
ORD-000157,2025-01-08,P004,Canvas Backpack,1,59.00
ORD-000158,2025-01-08,P006,Cotton T-Shirt,1,25.00
ORD-000159,2025-01-08,P001,Ceramic Mug,1,10.80
ORD-000160,2025-01-08,P003,Linen Tote Bag,1,16.20
ORD-000161,2025-01-08,P008,Running Socks,4,9.90
ORD-000162,2025-01-08,P005,Wool Beanie,1,22.00
ORD-000163,2025-01-08,P001,Ceramic Mug,2,12.00
ORD-000164,2025-01-08,P003,Linen Tote Bag,3,18.00
ORD-000165,2025-01-08,P001,Ceramic Mug,2,12.00
ORD-000166,2025-01-08,P004,Canvas Backpack,1,64.90
ORD-000167,2025-01-09,P001,Ceramic Mug,1,12.00
ORD-000167,2025-01-09,P007,Denim Jacket,2,89.00
ORD-000168,2025-01-09,P001,Ceramic Mug,2,12.00
ORD-000169,2025-01-09,P009,Leather Wallet,1,45.00
ORD-000170,2025-01-09,P002,Travel Tumbler,5,26.40
ORD-000170,2025-01-09,P009,Leather Wallet,2,40.50
ORD-000171,2025-01-09,P004,Canvas Backpack,1,64.90
ORD-000172,2025-01-09,P001,Ceramic Mug,3,12.00
ORD-000173,2025-01-09,P002,Travel Tumbler,1,24.00
ORD-000174,2025-01-09,P009,Leather Wallet,1,40.50
ORD-000175,2025-01-09,P001,Ceramic Mug,2,10.80
ORD-000176,2025-01-09,P001,Ceramic Mug,1,12.00
ORD-000177,2025-01-09,P001,Ceramic Mug,1,10.80
ORD-000178,2025-01-09,P001,Ceramic Mug,1,12.00
ORD-000179,2025-01-09,P001,Ceramic Mug,1,12.00
ORD-000179,2025-01-09,P007,Denim Jacket,1,89.00
ORD-000179,2025-01-09,P022,Phone Case,4,15.00
ORD-000180,2025-01-09,P018,Fountain Pen,3,41.80
ORD-000181,2025-01-09,P003,Linen Tote Bag,2,18.00
ORD-000182,2025-01-09,P001,Ceramic Mug,1,12.00
ORD-000183,2025-01-09,P002,Travel Tumbler,1,26.40
ORD-000184,2025-01-09,P001,Ceramic Mug,1,10.80
ORD-000185,2025-01-09,P021,USB-C Cable,1,10.00
ORD-000186,2025-01-09,P001,Ceramic Mug,2,10.80
ORD-000187,2025-01-10,P002,Travel Tumbler,4,24.00
ORD-000187,2025-01-10,P006,Cotton T-Shirt,2,25.00
ORD-000188,2025-01-10,P003,Linen Tote Bag,2,18.00
ORD-000189,2025-01-10,P001,Ceramic Mug,2,10.80
ORD-000190,2025-01-10,P002,Travel Tumbler,1,24.00
ORD-000191,2025-01-10,P006,Cotton T-Shirt,1,25.00
ORD-000192,2025-01-10,P001,Ceramic Mug,2,12.00
ORD-000192,2025-01-10,P006,Cotton T-Shirt,2,27.50
ORD-000193,2025-01-10,P003,Linen Tote Bag,1,16.20
ORD-000193,2025-01-10,P004,Canvas Backpack,1,59.00
ORD-000194,2025-01-10,P003,Linen Tote Bag,3,18.00
ORD-000195,2025-01-10,P002,Travel Tumbler,1,21.60
ORD-000196,2025-01-10,P008,Running Socks,1,11.00
ORD-000197,2025-01-10,P002,Travel Tumbler,2,24.00
ORD-000197,2025-01-10,P011,Bamboo Cutting Board,2,32.00
ORD-000198,2025-01-10,P003,Linen Tote Bag,3,18.00
ORD-000199,2025-01-11,P002,Travel Tumbler,1,24.00
ORD-000200,2025-01-11,P011,Bamboo Cutting Board,1,28.80
ORD-000201,2025-01-11,P001,Ceramic Mug,1,12.00
ORD-000202,2025-01-11,P001,Ceramic Mug,2,12.00
ORD-000202,2025-01-11,P002,Travel Tumbler,1,24.00
ORD-000202,2025-01-11,P003,Linen Tote Bag,3,18.00
ORD-000202,2025-01-11,P005,Wool Beanie,1,22.00
ORD-000203,2025-01-11,P002,Travel Tumbler,3,24.00
ORD-000203,2025-01-11,P018,Fountain Pen,1,41.80
ORD-000204,2025-01-11,P001,Ceramic Mug,2,12.00
ORD-000204,2025-01-11,P015,Soy Wax Candle Set,1,30.60
ORD-000205,2025-01-11,P002,Travel Tumbler,1,24.00
ORD-000206,2025-01-11,P016,Desk Lamp,1,49.00
ORD-000207,2025-01-11,P010,Steel Water Bottle,1,20.00
ORD-000208,2025-01-11,P032,Throw Pillow,1,27.00
ORD-000209,2025-01-11,P005,Wool Beanie,2,22.00
ORD-000209,2025-01-11,P022,Phone Case,1,15.00
ORD-000210,2025-01-11,P001,Ceramic Mug,1,12.00
ORD-000211,2025-01-11,P001,Ceramic Mug,3,12.00
ORD-000211,2025-01-11,P003,Linen Tote Bag,2,18.00
ORD-000212,2025-01-11,P001,Ceramic Mug,1,12.00
ORD-000212,2025-01-11,P002,Travel Tumbler,1,21.60
ORD-000213,2025-01-11,P002,Travel Tumbler,4,26.40
ORD-000214,2025-01-11,P001,Ceramic Mug,1,12.00
ORD-000215,2025-01-11,P001,Ceramic Mug,1,12.00
ORD-000216,2025-01-11,P001,Ceramic Mug,1,13.20
ORD-000217,2025-01-11,P024,Yoga Mat,1,36.00
ORD-000218,2025-01-11,P001,Ceramic Mug,1,12.00
ORD-000219,2025-01-11,P009,Leather Wallet,1,45.00
ORD-000219,2025-01-11,P033,Wool Blanket,5,86.90
ORD-000220,2025-01-11,P030,Wall Calendar,1,14.30
ORD-000221,2025-01-11,P011,Bamboo Cutting Board,1,32.00
ORD-000222,2025-01-11,P004,Canvas Backpack,2,59.00
ORD-000222,2025-01-11,P027,Coffee Beans 1kg,2,28.00
ORD-000223,2025-01-11,P001,Ceramic Mug,1,12.00
ORD-000223,2025-01-11,P009,Leather Wallet,2,45.00
ORD-000224,2025-01-11,P028,Olive Oil 500ml,2,23.10
ORD-000225,2025-01-11,P005,Wool Beanie,3,22.00
ORD-000226,2025-01-11,P001,Ceramic Mug,2,12.00
ORD-000227,2025-01-11,P015,Soy Wax Candle Set,4,37.40
ORD-000228,2025-01-11,P010,Steel Water Bottle,1,20.00
ORD-000229,2025-01-11,P006,Cotton T-Shirt,1,25.00
ORD-000229,2025-01-11,P007,Denim Jacket,1,89.00
ORD-000230,2025-01-11,P006,Cotton T-Shirt,1,25.00
ORD-000231,2025-01-11,P013,Cast Iron Pan,1,56.00
ORD-000232,2025-01-12,P001,Ceramic Mug,2,13.20
ORD-000232,2025-01-12,P005,Wool Beanie,1,22.00
ORD-000233,2025-01-12,P005,Wool Beanie,1,24.20
ORD-000233,2025-01-12,P016,Desk Lamp,1,49.00
ORD-000234,2025-01-12,P003,Linen Tote Bag,2,18.00
ORD-000235,2025-01-12,P003,Linen Tote Bag,1,16.20
ORD-000235,2025-01-12,P007,Denim Jacket,1,89.00
ORD-000235,2025-01-12,P016,Desk Lamp,1,49.00
ORD-000236,2025-01-12,P002,Travel Tumbler,1,24.00
ORD-000237,2025-01-12,P036,Gift Card Holder,1,7.00
ORD-000238,2025-01-12,P003,Linen Tote Bag,1,18.00
ORD-000239,2025-01-12,P019,Wireless Mouse,1,31.90
ORD-000240,2025-01-12,P001,Ceramic Mug,1,10.80
ORD-000241,2025-01-12,P012,Chef Knife,1,81.40
ORD-000241,2025-01-12,P020,Laptop Stand,1,42.00
ORD-000242,2025-01-12,P001,Ceramic Mug,3,12.00
ORD-000242,2025-01-12,P011,Bamboo Cutting Board,1,32.00
ORD-000243,2025-01-12,P005,Wool Beanie,1,19.80
ORD-000243,2025-01-12,P016,Desk Lamp,1,49.00
ORD-000244,2025-01-12,P004,Canvas Backpack,1,64.90
ORD-000245,2025-01-12,P006,Cotton T-Shirt,1,25.00
ORD-000246,2025-01-12,P007,Denim Jacket,1,80.10
ORD-000247,2025-01-12,P002,Travel Tumbler,5,26.40
ORD-000247,2025-01-12,P003,Linen Tote Bag,2,18.00
ORD-000247,2025-01-12,P009,Leather Wallet,1,45.00
ORD-000247,2025-01-12,P020,Laptop Stand,2,42.00
ORD-000248,2025-01-12,P001,Ceramic Mug,3,12.00
ORD-000249,2025-01-12,P015,Soy Wax Candle Set,1,34.00
ORD-000250,2025-01-12,P002,Travel Tumbler,1,24.00
ORD-000251,2025-01-12,P001,Ceramic Mug,2,12.00
ORD-000251,2025-01-12,P002,Travel Tumbler,1,21.60
ORD-000251,2025-01-12,P013,Cast Iron Pan,5,56.00
ORD-000252,2025-01-12,P006,Cotton T-Shirt,1,27.50
ORD-000253,2025-01-12,P001,Ceramic Mug,2,13.20
ORD-000254,2025-01-13,P001,Ceramic Mug,2,12.00
ORD-000254,2025-01-13,P011,Bamboo Cutting Board,1,32.00
ORD-000255,2025-01-13,P001,Ceramic Mug,1,13.20
ORD-000256,2025-01-13,P002,Travel Tumbler,1,24.00
ORD-000257,2025-01-13,P010,Steel Water Bottle,1,20.00
ORD-000258,2025-01-13,P004,Canvas Backpack,1,59.00
ORD-000259,2025-01-13,P017,Notebook A5,5,8.10
ORD-000260,2025-01-13,P027,Coffee Beans 1kg,1,28.00
ORD-000261,2025-01-13,P018,Fountain Pen,1,38.00
ORD-000262,2025-01-13,P003,Linen Tote Bag,1,18.00
ORD-000263,2025-01-13,P004,Canvas Backpack,1,53.10
ORD-000264,2025-01-13,P008,Running Socks,1,11.00
ORD-000265,2025-01-13,P001,Ceramic Mug,2,12.00
ORD-000265,2025-01-13,P002,Travel Tumbler,1,24.00
ORD-000266,2025-01-13,P001,Ceramic Mug,2,12.00
ORD-000266,2025-01-13,P003,Linen Tote Bag,3,19.80
ORD-000266,2025-01-13,P004,Canvas Backpack,1,59.00
ORD-000267,2025-01-14,P009,Leather Wallet,1,40.50
ORD-000268,2025-01-14,P004,Canvas Backpack,1,53.10
ORD-000269,2025-01-14,P018,Fountain Pen,1,38.00
ORD-000270,2025-01-14,P012,Chef Knife,1,74.00
ORD-000271,2025-01-14,P001,Ceramic Mug,2,10.80
ORD-000271,2025-01-14,P003,Linen Tote Bag,3,18.00
ORD-000271,2025-01-14,P023,Bluetooth Speaker,2,69.00
ORD-000271,2025-01-14,P033,Wool Blanket,3,79.00
ORD-000272,2025-01-14,P008,Running Socks,1,11.00
ORD-000273,2025-01-14,P001,Ceramic Mug,2,12.00
ORD-000273,2025-01-14,P002,Travel Tumbler,5,24.00
ORD-000273,2025-01-14,P004,Canvas Backpack,2,59.00
ORD-000274,2025-01-14,P001,Ceramic Mug,1,12.00
ORD-000275,2025-01-14,P002,Travel Tumbler,1,21.60
ORD-000276,2025-01-14,P001,Ceramic Mug,3,12.00
ORD-000277,2025-01-14,P009,Leather Wallet,5,49.50
ORD-000278,2025-01-14,P001,Ceramic Mug,2,13.20
ORD-000279,2025-01-14,P020,Laptop Stand,2,42.00
ORD-000280,2025-01-14,P002,Travel Tumbler,1,24.00
ORD-000281,2025-01-14,P001,Ceramic Mug,4,10.80
ORD-000282,2025-01-14,P002,Travel Tumbler,3,21.60
ORD-000283,2025-01-14,P012,Chef Knife,1,74.00
ORD-000284,2025-01-14,P005,Wool Beanie,1,22.00
ORD-000285,2025-01-14,P001,Ceramic Mug,1,12.00
ORD-000285,2025-01-14,P002,Travel Tumbler,1,26.40
ORD-000285,2025-01-14,P007,Denim Jacket,4,89.00
ORD-000286,2025-01-14,P003,Linen Tote Bag,2,18.00
ORD-000287,2025-01-14,P001,Ceramic Mug,2,12.00
ORD-000287,2025-01-14,P019,Wireless Mouse,4,29.00
ORD-000288,2025-01-15,P001,Ceramic Mug,1,12.00
ORD-000288,2025-01-15,P004,Canvas Backpack,1,59.00
ORD-000289,2025-01-15,P032,Throw Pillow,1,27.00
ORD-000290,2025-01-15,P001,Ceramic Mug,1,12.00
ORD-000290,2025-01-15,P002,Travel Tumbler,1,24.00
ORD-000290,2025-01-15,P004,Canvas Backpack,3,59.00
ORD-000290,2025-01-15,P015,Soy Wax Candle Set,1,34.00
ORD-000291,2025-01-15,P003,Linen Tote Bag,1,18.00
ORD-000292,2025-01-15,P028,Olive Oil 500ml,1,21.00
ORD-000293,2025-01-15,P002,Travel Tumbler,1,24.00
ORD-000294,2025-01-15,P002,Travel Tumbler,1,24.00
ORD-000294,2025-01-15,P005,Wool Beanie,2,22.00
ORD-000295,2025-01-15,P003,Linen Tote Bag,2,18.00
ORD-000296,2025-01-15,P023,Bluetooth Speaker,1,69.00
ORD-000297,2025-01-15,P002,Travel Tumbler,1,21.60
ORD-000298,2025-01-15,P013,Cast Iron Pan,1,50.40
ORD-000299,2025-01-15,P001,Ceramic Mug,1,12.00
ORD-000299,2025-01-15,P005,Wool Beanie,1,22.00
ORD-000299,2025-01-15,P008,Running Socks,1,11.00
ORD-000299,2025-01-15,P010,Steel Water Bottle,1,20.00
ORD-000300,2025-01-15,P002,Travel Tumbler,1,26.40
ORD-000300,2025-01-15,P012,Chef Knife,1,74.00
ORD-000301,2025-01-15,P005,Wool Beanie,4,22.00
ORD-000302,2025-01-15,P011,Bamboo Cutting Board,1,28.80
ORD-000303,2025-01-15,P013,Cast Iron Pan,1,61.60
ORD-000304,2025-01-15,P002,Travel Tumbler,1,21.60
ORD-000305,2025-01-15,P001,Ceramic Mug,1,12.00
ORD-000306,2025-01-15,P002,Travel Tumbler,1,24.00
ORD-000307,2025-01-15,P001,Ceramic Mug,1,12.00
ORD-000307,2025-01-15,P004,Canvas Backpack,1,59.00
ORD-000307,2025-01-15,P005,Wool Beanie,1,24.20
ORD-000308,2025-01-16,P012,Chef Knife,3,81.40
ORD-000308,2025-01-16,P020,Laptop Stand,1,42.00
ORD-000309,2025-01-16,P001,Ceramic Mug,1,10.80
ORD-000310,2025-01-16,P010,Steel Water Bottle,2,20.00
ORD-000310,2025-01-16,P015,Soy Wax Candle Set,2,37.40
ORD-000311,2025-01-16,P018,Fountain Pen,2,38.00
ORD-000312,2025-01-16,P001,Ceramic Mug,2,13.20
ORD-000312,2025-01-16,P003,Linen Tote Bag,2,18.00
ORD-000313,2025-01-16,P001,Ceramic Mug,1,10.80
ORD-000314,2025-01-16,P010,Steel Water Bottle,3,20.00
ORD-000314,2025-01-16,P023,Bluetooth Speaker,1,75.90
ORD-000315,2025-01-16,P004,Canvas Backpack,1,59.00
ORD-000316,2025-01-16,P002,Travel Tumbler,2,24.00
ORD-000317,2025-01-16,P001,Ceramic Mug,1,12.00
ORD-000318,2025-01-16,P001,Ceramic Mug,2,12.00
ORD-000318,2025-01-16,P023,Bluetooth Speaker,5,62.10
ORD-000319,2025-01-16,P006,Cotton T-Shirt,1,25.00
ORD-000320,2025-01-16,P004,Canvas Backpack,1,64.90
ORD-000320,2025-01-16,P008,Running Socks,2,11.00
ORD-000321,2025-01-16,P001,Ceramic Mug,1,12.00
ORD-000322,2025-01-16,P018,Fountain Pen,2,34.20
ORD-000323,2025-01-16,P004,Canvas Backpack,2,59.00
ORD-000324,2025-01-16,P007,Denim Jacket,2,89.00
ORD-000325,2025-01-16,P005,Wool Beanie,1,22.00
ORD-000325,2025-01-16,P028,Olive Oil 500ml,1,21.00
ORD-000326,2025-01-16,P001,Ceramic Mug,3,12.00
ORD-000327,2025-01-16,P001,Ceramic Mug,1,12.00
ORD-000328,2025-01-16,P003,Linen Tote Bag,3,18.00
ORD-000329,2025-01-17,P001,Ceramic Mug,4,13.20
ORD-000330,2025-01-17,P001,Ceramic Mug,1,12.00
ORD-000331,2025-01-17,P002,Travel Tumbler,4,24.00
ORD-000331,2025-01-17,P005,Wool Beanie,1,22.00
ORD-000331,2025-01-17,P009,Leather Wallet,1,45.00
ORD-000331,2025-01-17,P017,Notebook A5,2,9.00
ORD-000332,2025-01-17,P034,Sunglasses,1,46.00
ORD-000333,2025-01-17,P002,Travel Tumbler,1,21.60
ORD-000334,2025-01-17,P002,Travel Tumbler,1,26.40
ORD-000335,2025-01-17,P016,Desk Lamp,1,49.00
ORD-000336,2025-01-17,P001,Ceramic Mug,1,12.00
ORD-000336,2025-01-17,P005,Wool Beanie,2,24.20
ORD-000337,2025-01-17,P002,Travel Tumbler,1,21.60
ORD-000338,2025-01-17,P009,Leather Wallet,3,45.00
ORD-000339,2025-01-17,P023,Bluetooth Speaker,1,69.00
ORD-000340,2025-01-17,P004,Canvas Backpack,1,64.90
ORD-000341,2025-01-17,P008,Running Socks,2,9.90
ORD-000342,2025-01-17,P001,Ceramic Mug,1,13.20
ORD-000342,2025-01-17,P002,Travel Tumbler,2,24.00
ORD-000342,2025-01-17,P007,Denim Jacket,1,97.90
ORD-000343,2025-01-17,P016,Desk Lamp,4,53.90
ORD-000344,2025-01-17,P003,Linen Tote Bag,1,18.00
ORD-000345,2025-01-17,P001,Ceramic Mug,1,12.00
ORD-000346,2025-01-17,P002,Travel Tumbler,3,21.60
ORD-000346,2025-01-17,P004,Canvas Backpack,4,59.00
ORD-000346,2025-01-17,P029,Hot Sauce Trio,1,23.00
ORD-000346,2025-01-17,P032,Throw Pillow,1,27.00
ORD-000347,2025-01-17,P027,Coffee Beans 1kg,1,28.00
ORD-000348,2025-01-17,P001,Ceramic Mug,1,13.20
ORD-000348,2025-01-17,P002,Travel Tumbler,1,24.00
ORD-000349,2025-01-17,P010,Steel Water Bottle,1,20.00
ORD-000350,2025-01-18,P005,Wool Beanie,3,22.00
ORD-000351,2025-01-18,P001,Ceramic Mug,2,13.20
ORD-000351,2025-01-18,P002,Travel Tumbler,2,24.00
ORD-000351,2025-01-18,P005,Wool Beanie,1,22.00
ORD-000351,2025-01-18,P023,Bluetooth Speaker,1,69.00
ORD-000352,2025-01-18,P001,Ceramic Mug,1,12.00
ORD-000353,2025-01-18,P001,Ceramic Mug,2,13.20
ORD-000354,2025-01-18,P006,Cotton T-Shirt,3,22.50
ORD-000355,2025-01-18,P001,Ceramic Mug,1,12.00
ORD-000355,2025-01-18,P004,Canvas Backpack,1,53.10
ORD-000356,2025-01-18,P011,Bamboo Cutting Board,1,32.00
ORD-000357,2025-01-18,P001,Ceramic Mug,1,13.20
ORD-000358,2025-01-18,P026,Herbal Tea Sampler,2,19.00
ORD-000359,2025-01-18,P001,Ceramic Mug,1,12.00
ORD-000359,2025-01-18,P002,Travel Tumbler,1,24.00
ORD-000359,2025-01-18,P005,Wool Beanie,1,22.00
ORD-000360,2025-01-18,P004,Canvas Backpack,1,59.00
ORD-000361,2025-01-18,P008,Running Socks,3,11.00
ORD-000361,2025-01-18,P022,Phone Case,5,15.00
ORD-000362,2025-01-18,P002,Travel Tumbler,1,24.00
ORD-000363,2025-01-18,P003,Linen Tote Bag,3,18.00
ORD-000364,2025-01-18,P001,Ceramic Mug,1,12.00
ORD-000365,2025-01-18,P004,Canvas Backpack,2,53.10
ORD-000365,2025-01-18,P014,Scented Candle,1,16.00
ORD-000365,2025-01-18,P018,Fountain Pen,2,38.00
ORD-000366,2025-01-18,P002,Travel Tumbler,1,24.00
ORD-000367,2025-01-18,P001,Ceramic Mug,1,12.00
ORD-000368,2025-01-18,P008,Running Socks,1,11.00
ORD-000369,2025-01-18,P003,Linen Tote Bag,1,19.80
ORD-000370,2025-01-18,P004,Canvas Backpack,2,59.00
ORD-000370,2025-01-18,P009,Leather Wallet,2,45.00
ORD-000371,2025-01-18,P002,Travel Tumbler,1,24.00
ORD-000372,2025-01-18,P012,Chef Knife,1,74.00
ORD-000373,2025-01-18,P001,Ceramic Mug,3,13.20
ORD-000373,2025-01-18,P003,Linen Tote Bag,1,16.20
ORD-000373,2025-01-18,P022,Phone Case,1,13.50
ORD-000374,2025-01-18,P001,Ceramic Mug,1,13.20
ORD-000374,2025-01-18,P023,Bluetooth Speaker,4,69.00
ORD-000374,2025-01-18,P029,Hot Sauce Trio,1,25.30
ORD-000375,2025-01-19,P002,Travel Tumbler,2,24.00
ORD-000375,2025-01-19,P012,Chef Knife,3,66.60
ORD-000376,2025-01-19,P001,Ceramic Mug,1,13.20
ORD-000377,2025-01-19,P003,Linen Tote Bag,2,18.00
ORD-000377,2025-01-19,P021,USB-C Cable,2,11.00
ORD-000378,2025-01-19,P002,Travel Tumbler,1,26.40
ORD-000379,2025-01-19,P001,Ceramic Mug,1,13.20
ORD-000380,2025-01-19,P002,Travel Tumbler,2,24.00
ORD-000380,2025-01-19,P003,Linen Tote Bag,3,19.80
ORD-000381,2025-01-19,P004,Canvas Backpack,1,59.00
ORD-000382,2025-01-19,P005,Wool Beanie,2,22.00
ORD-000382,2025-01-19,P006,Cotton T-Shirt,1,25.00
ORD-000383,2025-01-19,P002,Travel Tumbler,2,24.00
ORD-000383,2025-01-19,P003,Linen Tote Bag,1,18.00
ORD-000383,2025-01-19,P012,Chef Knife,1,74.00
ORD-000384,2025-01-19,P001,Ceramic Mug,2,12.00
ORD-000385,2025-01-19,P020,Laptop Stand,2,42.00
ORD-000386,2025-01-19,P001,Ceramic Mug,1,12.00
ORD-000386,2025-01-19,P013,Cast Iron Pan,1,56.00
ORD-000387,2025-01-19,P001,Ceramic Mug,2,12.00
ORD-000387,2025-01-19,P002,Travel Tumbler,1,26.40
ORD-000388,2025-01-19,P013,Cast Iron Pan,1,56.00
ORD-000388,2025-01-19,P019,Wireless Mouse,1,29.00
ORD-000389,2025-01-19,P007,Denim Jacket,1,89.00
ORD-000390,2025-01-19,P003,Linen Tote Bag,1,19.80
ORD-000390,2025-01-19,P004,Canvas Backpack,2,59.00
ORD-000391,2025-01-19,P007,Denim Jacket,2,89.00
ORD-000392,2025-01-19,P002,Travel Tumbler,4,24.00
ORD-000392,2025-01-19,P008,Running Socks,1,11.00
ORD-000393,2025-01-19,P001,Ceramic Mug,1,12.00
ORD-000393,2025-01-19,P005,Wool Beanie,1,19.80
ORD-000394,2025-01-19,P002,Travel Tumbler,1,24.00
ORD-000394,2025-01-19,P016,Desk Lamp,5,49.00
ORD-000395,2025-01-19,P004,Canvas Backpack,1,59.00
ORD-000396,2025-01-19,P005,Wool Beanie,3,22.00
ORD-000397,2025-01-19,P002,Travel Tumbler,2,24.00
ORD-000397,2025-01-19,P010,Steel Water Bottle,1,18.00
ORD-000397,2025-01-19,P011,Bamboo Cutting Board,1,32.00
ORD-000398,2025-01-19,P008,Running Socks,1,11.00
ORD-000399,2025-01-19,P007,Denim Jacket,1,89.00
ORD-000400,2025-01-19,P010,Steel Water Bottle,1,20.00
ORD-000400,2025-01-19,P017,Notebook A5,2,9.90
ORD-000401,2025-01-19,P028,Olive Oil 500ml,3,21.00
ORD-000402,2025-01-19,P001,Ceramic Mug,1,12.00
ORD-000402,2025-01-19,P009,Leather Wallet,1,45.00
ORD-000402,2025-01-19,P010,Steel Water Bottle,1,22.00
ORD-000403,2025-01-19,P002,Travel Tumbler,5,24.00
ORD-000404,2025-01-19,P005,Wool Beanie,1,22.00
ORD-000405,2025-01-19,P004,Canvas Backpack,1,64.90
ORD-000406,2025-01-19,P009,Leather Wallet,4,45.00
ORD-000407,2025-01-19,P001,Ceramic Mug,2,12.00
ORD-000408,2025-01-20,P001,Ceramic Mug,4,12.00
ORD-000409,2025-01-20,P001,Ceramic Mug,3,13.20
ORD-000410,2025-01-20,P003,Linen Tote Bag,4,19.80
ORD-000410,2025-01-20,P014,Scented Candle,1,16.00
ORD-000410,2025-01-20,P026,Herbal Tea Sampler,1,19.00
ORD-000411,2025-01-20,P003,Linen Tote Bag,1,18.00
ORD-000411,2025-01-20,P005,Wool Beanie,4,22.00
ORD-000412,2025-01-20,P019,Wireless Mouse,1,29.00
ORD-000413,2025-01-20,P018,Fountain Pen,1,38.00
ORD-000414,2025-01-20,P002,Travel Tumbler,1,21.60
ORD-000415,2025-01-20,P012,Chef Knife,1,74.00
ORD-000416,2025-01-20,P001,Ceramic Mug,1,12.00
ORD-000417,2025-01-20,P002,Travel Tumbler,2,24.00
ORD-000417,2025-01-20,P008,Running Socks,4,11.00
ORD-000418,2025-01-20,P001,Ceramic Mug,1,12.00
ORD-000419,2025-01-20,P008,Running Socks,1,12.10
ORD-000420,2025-01-20,P032,Throw Pillow,2,27.00
ORD-000421,2025-01-20,P004,Canvas Backpack,1,59.00
ORD-000422,2025-01-20,P001,Ceramic Mug,4,13.20
ORD-000423,2025-01-20,P003,Linen Tote Bag,1,18.00
ORD-000423,2025-01-20,P004,Canvas Backpack,5,59.00
ORD-000423,2025-01-20,P006,Cotton T-Shirt,1,25.00
ORD-000423,2025-01-20,P018,Fountain Pen,1,34.20
ORD-000424,2025-01-20,P001,Ceramic Mug,1,12.00
ORD-000425,2025-01-20,P026,Herbal Tea Sampler,2,19.00
ORD-000426,2025-01-20,P001,Ceramic Mug,3,13.20
ORD-000427,2025-01-20,P004,Canvas Backpack,1,59.00
ORD-000428,2025-01-20,P034,Sunglasses,1,46.00
ORD-000428,2025-01-20,P035,Umbrella,2,26.00
ORD-000429,2025-01-20,P011,Bamboo Cutting Board,1,32.00
ORD-000430,2025-01-20,P002,Travel Tumbler,2,24.00
ORD-000431,2025-01-21,P007,Denim Jacket,1,89.00
ORD-000432,2025-01-21,P027,Coffee Beans 1kg,1,28.00
ORD-000433,2025-01-21,P009,Leather Wallet,1,45.00
ORD-000434,2025-01-21,P001,Ceramic Mug,1,12.00
ORD-000435,2025-01-21,P001,Ceramic Mug,5,12.00
ORD-000435,2025-01-21,P003,Linen Tote Bag,3,19.80
ORD-000436,2025-01-21,P026,Herbal Tea Sampler,2,19.00
ORD-000437,2025-01-21,P004,Canvas Backpack,1,53.10
ORD-000438,2025-01-21,P001,Ceramic Mug,1,10.80
ORD-000438,2025-01-21,P003,Linen Tote Bag,1,16.20
ORD-000439,2025-01-21,P002,Travel Tumbler,4,24.00
ORD-000439,2025-01-21,P006,Cotton T-Shirt,1,25.00
ORD-000439,2025-01-21,P034,Sunglasses,1,41.40
ORD-000440,2025-01-21,P003,Linen Tote Bag,1,19.80
ORD-000441,2025-01-21,P024,Yoga Mat,2,36.00
ORD-000442,2025-01-21,P001,Ceramic Mug,2,12.00
ORD-000443,2025-01-21,P001,Ceramic Mug,2,12.00
ORD-000443,2025-01-21,P004,Canvas Backpack,1,59.00
ORD-000443,2025-01-21,P019,Wireless Mouse,1,29.00
ORD-000443,2025-01-21,P026,Herbal Tea Sampler,1,19.00
ORD-000444,2025-01-21,P006,Cotton T-Shirt,1,25.00
ORD-000445,2025-01-21,P001,Ceramic Mug,2,12.00
ORD-000446,2025-01-21,P003,Linen Tote Bag,2,18.00
ORD-000447,2025-01-21,P002,Travel Tumbler,1,26.40
ORD-000448,2025-01-21,P001,Ceramic Mug,1,12.00
ORD-000449,2025-01-21,P005,Wool Beanie,2,22.00
ORD-000450,2025-01-21,P001,Ceramic Mug,1,12.00
ORD-000451,2025-01-22,P003,Linen Tote Bag,2,18.00
ORD-000452,2025-01-22,P002,Travel Tumbler,1,24.00
ORD-000453,2025-01-22,P019,Wireless Mouse,1,29.00
ORD-000454,2025-01-22,P014,Scented Candle,1,17.60
ORD-000455,2025-01-22,P014,Scented Candle,1,16.00
ORD-000456,2025-01-22,P010,Steel Water Bottle,1,20.00
ORD-000457,2025-01-22,P001,Ceramic Mug,2,12.00
ORD-000457,2025-01-22,P002,Travel Tumbler,1,26.40
ORD-000458,2025-01-22,P007,Denim Jacket,1,89.00
ORD-000459,2025-01-22,P004,Canvas Backpack,1,59.00
ORD-000460,2025-01-22,P028,Olive Oil 500ml,1,21.00
ORD-000461,2025-01-22,P003,Linen Tote Bag,1,18.00
ORD-000461,2025-01-22,P017,Notebook A5,3,8.10
ORD-000462,2025-01-22,P001,Ceramic Mug,1,12.00
ORD-000463,2025-01-22,P021,USB-C Cable,2,10.00
ORD-000464,2025-01-22,P001,Ceramic Mug,1,12.00
ORD-000464,2025-01-22,P002,Travel Tumbler,1,24.00
ORD-000465,2025-01-22,P017,Notebook A5,3,8.10
ORD-000466,2025-01-22,P004,Canvas Backpack,1,59.00
ORD-000467,2025-01-22,P001,Ceramic Mug,1,12.00
ORD-000468,2025-01-22,P011,Bamboo Cutting Board,1,35.20
ORD-000469,2025-01-23,P015,Soy Wax Candle Set,2,34.00
ORD-000470,2025-01-23,P001,Ceramic Mug,1,12.00
ORD-000470,2025-01-23,P002,Travel Tumbler,2,24.00
ORD-000470,2025-01-23,P010,Steel Water Bottle,1,18.00
ORD-000470,2025-01-23,P014,Scented Candle,1,16.00
ORD-000471,2025-01-23,P014,Scented Candle,1,16.00
ORD-000472,2025-01-23,P014,Scented Candle,1,17.60
ORD-000473,2025-01-23,P011,Bamboo Cutting Board,2,28.80
ORD-000474,2025-01-23,P001,Ceramic Mug,1,12.00
ORD-000474,2025-01-23,P015,Soy Wax Candle Set,1,37.40
ORD-000475,2025-01-23,P002,Travel Tumbler,4,24.00
ORD-000475,2025-01-23,P003,Linen Tote Bag,2,19.80
ORD-000476,2025-01-23,P001,Ceramic Mug,1,12.00
ORD-000476,2025-01-23,P019,Wireless Mouse,1,29.00
ORD-000477,2025-01-23,P019,Wireless Mouse,2,29.00
ORD-000478,2025-01-23,P022,Phone Case,3,15.00
ORD-000479,2025-01-23,P003,Linen Tote Bag,1,18.00
ORD-000480,2025-01-23,P001,Ceramic Mug,1,12.00
ORD-000480,2025-01-23,P013,Cast Iron Pan,2,56.00
ORD-000481,2025-01-23,P003,Linen Tote Bag,1,18.00
ORD-000482,2025-01-23,P001,Ceramic Mug,4,12.00
ORD-000483,2025-01-23,P001,Ceramic Mug,1,13.20
ORD-000483,2025-01-23,P007,Denim Jacket,1,97.90
ORD-000484,2025-01-23,P001,Ceramic Mug,1,12.00
ORD-000485,2025-01-23,P001,Ceramic Mug,1,12.00
ORD-000486,2025-01-23,P001,Ceramic Mug,1,12.00
ORD-000487,2025-01-23,P003,Linen Tote Bag,1,18.00
ORD-000487,2025-01-23,P006,Cotton T-Shirt,2,25.00
ORD-000488,2025-01-23,P004,Canvas Backpack,2,59.00
ORD-000488,2025-01-23,P031,Framed Print,1,64.00
ORD-000489,2025-01-24,P008,Running Socks,1,11.00
ORD-000490,2025-01-24,P001,Ceramic Mug,1,12.00
ORD-000491,2025-01-24,P002,Travel Tumbler,2,26.40
ORD-000492,2025-01-24,P001,Ceramic Mug,1,12.00
ORD-000493,2025-01-24,P001,Ceramic Mug,2,12.00
ORD-000493,2025-01-24,P002,Travel Tumbler,1,24.00
ORD-000493,2025-01-24,P027,Coffee Beans 1kg,2,30.80
ORD-000493,2025-01-24,P032,Throw Pillow,1,27.00
ORD-000494,2025-01-24,P004,Canvas Backpack,1,59.00
ORD-000494,2025-01-24,P007,Denim Jacket,1,89.00
ORD-000495,2025-01-24,P002,Travel Tumbler,1,24.00
ORD-000496,2025-01-24,P001,Ceramic Mug,3,12.00
ORD-000497,2025-01-24,P035,Umbrella,1,28.60
ORD-000498,2025-01-24,P001,Ceramic Mug,4,12.00
ORD-000498,2025-01-24,P003,Linen Tote Bag,1,18.00
ORD-000499,2025-01-24,P004,Canvas Backpack,1,59.00
ORD-000499,2025-01-24,P013,Cast Iron Pan,3,56.00
ORD-000500,2025-01-24,P004,Canvas Backpack,1,53.10
ORD-000501,2025-01-24,P008,Running Socks,1,12.10
ORD-000502,2025-01-24,P001,Ceramic Mug,4,13.20
ORD-000503,2025-01-24,P002,Travel Tumbler,2,24.00
ORD-000504,2025-01-24,P002,Travel Tumbler,1,24.00
ORD-000505,2025-01-24,P001,Ceramic Mug,2,12.00
ORD-000506,2025-01-25,P001,Ceramic Mug,2,10.80
ORD-000507,2025-01-25,P002,Travel Tumbler,1,24.00
ORD-000508,2025-01-25,P036,Gift Card Holder,1,7.00
ORD-000509,2025-01-25,P002,Travel Tumbler,1,26.40
ORD-000510,2025-01-25,P015,Soy Wax Candle Set,1,37.40
ORD-000510,2025-01-25,P018,Fountain Pen,1,38.00
ORD-000511,2025-01-25,P008,Running Socks,3,11.00
ORD-000511,2025-01-25,P025,Resistance Bands,1,15.40
ORD-000512,2025-01-25,P007,Denim Jacket,1,97.90
ORD-000513,2025-01-25,P001,Ceramic Mug,2,12.00
ORD-000513,2025-01-25,P002,Travel Tumbler,1,26.40
ORD-000514,2025-01-25,P001,Ceramic Mug,1,12.00
ORD-000515,2025-01-25,P002,Travel Tumbler,2,24.00
ORD-000516,2025-01-25,P009,Leather Wallet,1,45.00
ORD-000517,2025-01-25,P004,Canvas Backpack,3,64.90
ORD-000518,2025-01-25,P003,Linen Tote Bag,2,16.20
ORD-000519,2025-01-25,P002,Travel Tumbler,1,24.00
ORD-000520,2025-01-25,P007,Denim Jacket,1,89.00
ORD-000520,2025-01-25,P017,Notebook A5,1,9.00
ORD-000521,2025-01-25,P001,Ceramic Mug,2,13.20
ORD-000521,2025-01-25,P002,Travel Tumbler,4,24.00
ORD-000522,2025-01-25,P012,Chef Knife,1,74.00
ORD-000523,2025-01-25,P006,Cotton T-Shirt,1,25.00
ORD-000524,2025-01-25,P014,Scented Candle,1,14.40
ORD-000525,2025-01-25,P001,Ceramic Mug,2,12.00
ORD-000525,2025-01-25,P005,Wool Beanie,2,24.20
ORD-000526,2025-01-25,P003,Linen Tote Bag,1,18.00
ORD-000527,2025-01-25,P036,Gift Card Holder,2,7.00
ORD-000528,2025-01-25,P001,Ceramic Mug,1,12.00
ORD-000529,2025-01-25,P008,Running Socks,3,11.00
ORD-000529,2025-01-25,P016,Desk Lamp,1,49.00
ORD-000529,2025-01-25,P021,USB-C Cable,2,10.00
ORD-000530,2025-01-25,P003,Linen Tote Bag,1,16.20
ORD-000531,2025-01-26,P007,Denim Jacket,1,89.00
ORD-000532,2025-01-26,P003,Linen Tote Bag,1,18.00
ORD-000532,2025-01-26,P007,Denim Jacket,1,89.00
ORD-000533,2025-01-26,P001,Ceramic Mug,1,12.00
ORD-000534,2025-01-26,P017,Notebook A5,1,9.00
ORD-000535,2025-01-26,P001,Ceramic Mug,1,13.20
ORD-000536,2025-01-26,P002,Travel Tumbler,1,24.00
ORD-000536,2025-01-26,P007,Denim Jacket,1,89.00
ORD-000536,2025-01-26,P015,Soy Wax Candle Set,2,37.40
ORD-000537,2025-01-26,P003,Linen Tote Bag,5,16.20
ORD-000538,2025-01-26,P011,Bamboo Cutting Board,1,32.00
ORD-000539,2025-01-26,P001,Ceramic Mug,1,12.00
ORD-000539,2025-01-26,P003,Linen Tote Bag,1,18.00
ORD-000539,2025-01-26,P004,Canvas Backpack,3,59.00
ORD-000540,2025-01-26,P001,Ceramic Mug,1,10.80
ORD-000541,2025-01-26,P013,Cast Iron Pan,1,50.40
ORD-000542,2025-01-26,P001,Ceramic Mug,1,10.80
ORD-000542,2025-01-26,P007,Denim Jacket,2,80.10
ORD-000542,2025-01-26,P021,USB-C Cable,1,10.00
ORD-000543,2025-01-26,P001,Ceramic Mug,1,12.00
ORD-000544,2025-01-26,P010,Steel Water Bottle,1,20.00
ORD-000545,2025-01-26,P001,Ceramic Mug,1,12.00
ORD-000545,2025-01-26,P009,Leather Wallet,1,45.00
ORD-000546,2025-01-26,P004,Canvas Backpack,2,64.90
ORD-000547,2025-01-26,P002,Travel Tumbler,2,24.00
ORD-000547,2025-01-26,P010,Steel Water Bottle,1,20.00
ORD-000548,2025-01-26,P003,Linen Tote Bag,3,18.00
ORD-000549,2025-01-26,P005,Wool Beanie,3,24.20
ORD-000550,2025-01-26,P007,Denim Jacket,1,97.90
ORD-000550,2025-01-26,P009,Leather Wallet,1,45.00
ORD-000550,2025-01-26,P030,Wall Calendar,2,13.00
ORD-000551,2025-01-26,P001,Ceramic Mug,2,12.00
ORD-000552,2025-01-26,P001,Ceramic Mug,1,12.00
ORD-000553,2025-01-27,P002,Travel Tumbler,2,21.60
ORD-000553,2025-01-27,P003,Linen Tote Bag,1,16.20
ORD-000553,2025-01-27,P006,Cotton T-Shirt,3,25.00
ORD-000554,2025-01-27,P001,Ceramic Mug,1,12.00
ORD-000554,2025-01-27,P003,Linen Tote Bag,1,19.80
ORD-000554,2025-01-27,P017,Notebook A5,2,9.00
ORD-000555,2025-01-27,P001,Ceramic Mug,1,13.20
ORD-000556,2025-01-27,P001,Ceramic Mug,5,12.00
ORD-000556,2025-01-27,P012,Chef Knife,2,66.60
ORD-000556,2025-01-27,P018,Fountain Pen,3,34.20
ORD-000557,2025-01-27,P004,Canvas Backpack,2,59.00
ORD-000557,2025-01-27,P006,Cotton T-Shirt,2,25.00
ORD-000558,2025-01-27,P001,Ceramic Mug,1,12.00
ORD-000558,2025-01-27,P004,Canvas Backpack,3,59.00
ORD-000559,2025-01-27,P011,Bamboo Cutting Board,1,32.00
ORD-000560,2025-01-27,P001,Ceramic Mug,1,12.00
ORD-000560,2025-01-27,P004,Canvas Backpack,1,59.00
ORD-000560,2025-01-27,P006,Cotton T-Shirt,1,25.00
ORD-000560,2025-01-27,P007,Denim Jacket,1,89.00
ORD-000561,2025-01-27,P001,Ceramic Mug,1,10.80
ORD-000562,2025-01-27,P003,Linen Tote Bag,2,18.00
ORD-000562,2025-01-27,P004,Canvas Backpack,1,59.00
ORD-000562,2025-01-27,P006,Cotton T-Shirt,1,25.00
ORD-000562,2025-01-27,P010,Steel Water Bottle,1,20.00
ORD-000563,2025-01-27,P008,Running Socks,4,11.00
ORD-000564,2025-01-27,P009,Leather Wallet,2,45.00
ORD-000565,2025-01-27,P004,Canvas Backpack,1,59.00
ORD-000566,2025-01-27,P001,Ceramic Mug,1,12.00
ORD-000566,2025-01-27,P006,Cotton T-Shirt,1,22.50
ORD-000567,2025-01-27,P001,Ceramic Mug,2,12.00
ORD-000567,2025-01-27,P006,Cotton T-Shirt,2,27.50
ORD-000568,2025-01-27,P004,Canvas Backpack,3,59.00
ORD-000569,2025-01-28,P017,Notebook A5,1,9.00
ORD-000570,2025-01-28,P007,Denim Jacket,1,89.00
ORD-000571,2025-01-28,P001,Ceramic Mug,1,10.80
ORD-000572,2025-01-28,P003,Linen Tote Bag,1,19.80
ORD-000573,2025-01-28,P004,Canvas Backpack,2,59.00
ORD-000573,2025-01-28,P018,Fountain Pen,1,38.00
ORD-000574,2025-01-28,P002,Travel Tumbler,2,26.40
ORD-000574,2025-01-28,P005,Wool Beanie,3,22.00
ORD-000574,2025-01-28,P011,Bamboo Cutting Board,1,35.20
ORD-000574,2025-01-28,P021,USB-C Cable,1,11.00
ORD-000575,2025-01-28,P012,Chef Knife,1,74.00
ORD-000576,2025-01-28,P001,Ceramic Mug,2,12.00
ORD-000577,2025-01-28,P013,Cast Iron Pan,5,56.00
ORD-000577,2025-01-28,P034,Sunglasses,1,46.00
ORD-000578,2025-01-28,P001,Ceramic Mug,2,10.80
ORD-000579,2025-01-28,P023,Bluetooth Speaker,3,75.90
ORD-000580,2025-01-28,P001,Ceramic Mug,2,12.00
ORD-000581,2025-01-28,P010,Steel Water Bottle,1,20.00
ORD-000581,2025-01-28,P018,Fountain Pen,1,38.00
ORD-000582,2025-01-28,P015,Soy Wax Candle Set,4,34.00
ORD-000583,2025-01-28,P001,Ceramic Mug,5,12.00
ORD-000583,2025-01-28,P002,Travel Tumbler,5,21.60
ORD-000583,2025-01-28,P003,Linen Tote Bag,2,18.00
ORD-000584,2025-01-28,P002,Travel Tumbler,1,24.00
ORD-000584,2025-01-28,P003,Linen Tote Bag,1,18.00
ORD-000585,2025-01-28,P001,Ceramic Mug,4,12.00
ORD-000585,2025-01-28,P004,Canvas Backpack,4,59.00
ORD-000586,2025-01-28,P001,Ceramic Mug,2,12.00
ORD-000586,2025-01-28,P005,Wool Beanie,2,22.00
ORD-000587,2025-01-28,P002,Travel Tumbler,1,24.00
ORD-000588,2025-01-28,P001,Ceramic Mug,3,12.00
ORD-000589,2025-01-28,P002,Travel Tumbler,2,24.00
ORD-000590,2025-01-28,P023,Bluetooth Speaker,1,62.10
ORD-000591,2025-01-29,P001,Ceramic Mug,1,12.00
ORD-000591,2025-01-29,P004,Canvas Backpack,1,59.00
ORD-000591,2025-01-29,P019,Wireless Mouse,1,31.90
ORD-000592,2025-01-29,P001,Ceramic Mug,5,12.00
ORD-000593,2025-01-29,P001,Ceramic Mug,4,12.00
ORD-000593,2025-01-29,P002,Travel Tumbler,3,24.00
ORD-000593,2025-01-29,P004,Canvas Backpack,1,59.00
ORD-000593,2025-01-29,P006,Cotton T-Shirt,4,25.00
ORD-000594,2025-01-29,P003,Linen Tote Bag,2,18.00
ORD-000595,2025-01-29,P016,Desk Lamp,1,49.00
ORD-000596,2025-01-29,P005,Wool Beanie,1,19.80
ORD-000597,2025-01-29,P004,Canvas Backpack,2,59.00
ORD-000598,2025-01-29,P001,Ceramic Mug,4,12.00
ORD-000599,2025-01-29,P013,Cast Iron Pan,1,56.00
ORD-000600,2025-01-29,P002,Travel Tumbler,1,24.00
ORD-000601,2025-01-29,P001,Ceramic Mug,1,13.20
ORD-000602,2025-01-29,P001,Ceramic Mug,1,12.00
ORD-000603,2025-01-29,P002,Travel Tumbler,1,24.00
ORD-000604,2025-01-29,P001,Ceramic Mug,1,10.80
ORD-000604,2025-01-29,P006,Cotton T-Shirt,1,27.50
ORD-000605,2025-01-30,P001,Ceramic Mug,1,12.00
ORD-000606,2025-01-30,P001,Ceramic Mug,1,12.00
ORD-000606,2025-01-30,P009,Leather Wallet,2,45.00
ORD-000607,2025-01-30,P016,Desk Lamp,2,49.00
ORD-000608,2025-01-30,P006,Cotton T-Shirt,1,25.00
ORD-000609,2025-01-30,P008,Running Socks,2,9.90
ORD-000610,2025-01-30,P009,Leather Wallet,1,45.00
ORD-000611,2025-01-30,P002,Travel Tumbler,2,24.00
ORD-000612,2025-01-30,P013,Cast Iron Pan,1,50.40
ORD-000613,2025-01-30,P019,Wireless Mouse,1,31.90
ORD-000614,2025-01-30,P002,Travel Tumbler,3,24.00
ORD-000615,2025-01-30,P003,Linen Tote Bag,1,19.80
ORD-000616,2025-01-30,P001,Ceramic Mug,1,12.00
ORD-000616,2025-01-30,P015,Soy Wax Candle Set,2,34.00
ORD-000617,2025-01-30,P001,Ceramic Mug,2,12.00
ORD-000617,2025-01-30,P011,Bamboo Cutting Board,1,32.00
ORD-000618,2025-01-31,P002,Travel Tumbler,1,24.00
ORD-000619,2025-01-31,P004,Canvas Backpack,2,59.00
ORD-000620,2025-01-31,P007,Denim Jacket,5,89.00
ORD-000620,2025-01-31,P012,Chef Knife,1,74.00
ORD-000621,2025-01-31,P007,Denim Jacket,5,89.00
ORD-000622,2025-01-31,P014,Scented Candle,1,16.00
ORD-000623,2025-01-31,P002,Travel Tumbler,1,21.60
ORD-000624,2025-01-31,P001,Ceramic Mug,1,10.80
ORD-000624,2025-01-31,P005,Wool Beanie,5,22.00
ORD-000625,2025-01-31,P002,Travel Tumbler,1,24.00
ORD-000626,2025-01-31,P002,Travel Tumbler,1,24.00
ORD-000627,2025-01-31,P001,Ceramic Mug,1,12.00
ORD-000628,2025-01-31,P001,Ceramic Mug,1,12.00
ORD-000628,2025-01-31,P002,Travel Tumbler,1,21.60
ORD-000628,2025-01-31,P015,Soy Wax Candle Set,2,34.00
ORD-000629,2025-01-31,P021,USB-C Cable,3,10.00
ORD-000630,2025-01-31,P001,Ceramic Mug,1,12.00
ORD-000631,2025-01-31,P001,Ceramic Mug,1,12.00
ORD-000632,2025-01-31,P004,Canvas Backpack,3,64.90
ORD-000633,2025-01-31,P010,Steel Water Bottle,1,20.00
ORD-000634,2025-01-31,P001,Ceramic Mug,1,10.80
ORD-000634,2025-01-31,P009,Leather Wallet,2,45.00
ORD-000634,2025-01-31,P010,Steel Water Bottle,1,20.00
ORD-000635,2025-01-31,P014,Scented Candle,1,14.40
ORD-000636,2025-01-31,P003,Linen Tote Bag,1,18.00
ORD-000637,2025-01-31,P015,Soy Wax Candle Set,1,34.00
ORD-000638,2025-01-31,P007,Denim Jacket,1,89.00
ORD-000639,2025-01-31,P009,Leather Wallet,2,49.50
ORD-000639,2025-01-31,P026,Herbal Tea Sampler,3,17.10
ORD-000640,2025-01-31,P002,Travel Tumbler,1,24.00
ORD-000641,2025-01-31,P006,Cotton T-Shirt,1,27.50
ORD-000641,2025-01-31,P008,Running Socks,1,11.00
ORD-000641,2025-01-31,P029,Hot Sauce Trio,3,23.00
ORD-000642,2025-01-31,P028,Olive Oil 500ml,1,21.00
ORD-000643,2025-01-31,P019,Wireless Mouse,3,26.10
ORD-000644,2025-01-31,P001,Ceramic Mug,2,12.00
ORD-000645,2025-01-31,P008,Running Socks,1,11.00
ORD-000646,2025-01-31,P001,Ceramic Mug,2,10.80
ORD-000646,2025-01-31,P003,Linen Tote Bag,3,18.00
ORD-000647,2025-01-31,P001,Ceramic Mug,1,13.20
ORD-000648,2025-01-31,P001,Ceramic Mug,1,12.00
ORD-000649,2025-02-01,P001,Ceramic Mug,2,12.00
ORD-000650,2025-02-01,P006,Cotton T-Shirt,1,25.00
ORD-000651,2025-02-01,P003,Linen Tote Bag,1,18.00
ORD-000651,2025-02-01,P009,Leather Wallet,1,49.50
ORD-000652,2025-02-01,P035,Umbrella,2,23.40
ORD-000653,2025-02-01,P001,Ceramic Mug,1,12.00
ORD-000654,2025-02-01,P027,Coffee Beans 1kg,1,28.00
ORD-000655,2025-02-01,P001,Ceramic Mug,2,12.00
ORD-000655,2025-02-01,P004,Canvas Backpack,2,59.00
ORD-000656,2025-02-01,P001,Ceramic Mug,2,12.00
ORD-000656,2025-02-01,P018,Fountain Pen,1,38.00
ORD-000657,2025-02-01,P009,Leather Wallet,1,49.50
ORD-000658,2025-02-01,P002,Travel Tumbler,1,26.40
ORD-000658,2025-02-01,P006,Cotton T-Shirt,1,25.00
ORD-000659,2025-02-01,P001,Ceramic Mug,1,12.00
ORD-000659,2025-02-01,P003,Linen Tote Bag,1,16.20
ORD-000660,2025-02-01,P003,Linen Tote Bag,2,18.00
ORD-000661,2025-02-01,P017,Notebook A5,1,8.10
ORD-000662,2025-02-01,P002,Travel Tumbler,1,24.00
ORD-000663,2025-02-01,P001,Ceramic Mug,2,12.00
ORD-000664,2025-02-01,P002,Travel Tumbler,2,24.00
ORD-000665,2025-02-01,P010,Steel Water Bottle,1,20.00
ORD-000666,2025-02-01,P001,Ceramic Mug,2,10.80
ORD-000667,2025-02-01,P024,Yoga Mat,3,36.00
ORD-000668,2025-02-01,P027,Coffee Beans 1kg,2,28.00
ORD-000669,2025-02-01,P036,Gift Card Holder,1,7.00
ORD-000670,2025-02-01,P034,Sunglasses,2,41.40
ORD-000671,2025-02-01,P001,Ceramic Mug,1,12.00
ORD-000672,2025-02-01,P002,Travel Tumbler,1,24.00
ORD-000672,2025-02-01,P025,Resistance Bands,1,14.00
ORD-000673,2025-02-01,P008,Running Socks,1,12.10
ORD-000674,2025-02-01,P001,Ceramic Mug,1,13.20
ORD-000675,2025-02-01,P009,Leather Wallet,1,45.00
ORD-000676,2025-02-01,P001,Ceramic Mug,1,10.80
ORD-000676,2025-02-01,P010,Steel Water Bottle,3,18.00
ORD-000677,2025-02-01,P002,Travel Tumbler,1,24.00
ORD-000678,2025-02-01,P002,Travel Tumbler,5,26.40
ORD-000678,2025-02-01,P035,Umbrella,2,26.00
ORD-000679,2025-02-02,P005,Wool Beanie,1,22.00
ORD-000679,2025-02-02,P015,Soy Wax Candle Set,2,34.00
ORD-000680,2025-02-02,P008,Running Socks,1,11.00
ORD-000681,2025-02-02,P007,Denim Jacket,1,89.00
ORD-000682,2025-02-02,P016,Desk Lamp,3,49.00
ORD-000683,2025-02-02,P001,Ceramic Mug,1,13.20
ORD-000683,2025-02-02,P021,USB-C Cable,3,10.00
ORD-000684,2025-02-02,P022,Phone Case,2,15.00
ORD-000685,2025-02-02,P016,Desk Lamp,1,49.00
ORD-000686,2025-02-02,P001,Ceramic Mug,1,10.80
ORD-000687,2025-02-02,P003,Linen Tote Bag,1,18.00
ORD-000688,2025-02-02,P016,Desk Lamp,2,49.00
ORD-000689,2025-02-02,P001,Ceramic Mug,2,12.00
ORD-000690,2025-02-02,P001,Ceramic Mug,1,12.00
ORD-000690,2025-02-02,P009,Leather Wallet,1,49.50
ORD-000691,2025-02-02,P002,Travel Tumbler,2,24.00
ORD-000691,2025-02-02,P005,Wool Beanie,1,24.20
ORD-000692,2025-02-02,P002,Travel Tumbler,2,24.00
ORD-000693,2025-02-02,P002,Travel Tumbler,2,21.60
ORD-000694,2025-02-02,P001,Ceramic Mug,2,12.00
ORD-000694,2025-02-02,P021,USB-C Cable,1,10.00
ORD-000694,2025-02-02,P023,Bluetooth Speaker,1,69.00
ORD-000695,2025-02-02,P001,Ceramic Mug,1,13.20
ORD-000696,2025-02-02,P016,Desk Lamp,1,49.00
ORD-000697,2025-02-02,P004,Canvas Backpack,1,59.00
ORD-000698,2025-02-02,P001,Ceramic Mug,2,10.80
ORD-000699,2025-02-02,P009,Leather Wallet,1,45.00
ORD-000700,2025-02-02,P001,Ceramic Mug,2,12.00
ORD-000701,2025-02-02,P030,Wall Calendar,1,11.70
ORD-000702,2025-02-02,P001,Ceramic Mug,1,12.00
ORD-000703,2025-02-02,P003,Linen Tote Bag,1,16.20
ORD-000704,2025-02-02,P007,Denim Jacket,2,89.00
ORD-000705,2025-02-02,P001,Ceramic Mug,2,10.80
ORD-000706,2025-02-02,P005,Wool Beanie,1,24.20
ORD-000707,2025-02-02,P001,Ceramic Mug,2,12.00
ORD-000708,2025-02-02,P003,Linen Tote Bag,1,19.80
ORD-000709,2025-02-02,P017,Notebook A5,2,9.00
ORD-000709,2025-02-02,P036,Gift Card Holder,1,6.30
ORD-000710,2025-02-02,P002,Travel Tumbler,1,24.00
ORD-000711,2025-02-03,P001,Ceramic Mug,1,12.00
ORD-000712,2025-02-03,P001,Ceramic Mug,1,12.00
ORD-000713,2025-02-03,P002,Travel Tumbler,1,26.40
ORD-000714,2025-02-03,P001,Ceramic Mug,1,12.00
ORD-000715,2025-02-03,P004,Canvas Backpack,1,64.90
ORD-000715,2025-02-03,P022,Phone Case,1,15.00
ORD-000716,2025-02-03,P003,Linen Tote Bag,2,18.00
ORD-000717,2025-02-03,P001,Ceramic Mug,1,12.00
ORD-000717,2025-02-03,P003,Linen Tote Bag,1,18.00
ORD-000718,2025-02-03,P014,Scented Candle,3,17.60
ORD-000719,2025-02-03,P002,Travel Tumbler,1,21.60
ORD-000719,2025-02-03,P016,Desk Lamp,1,49.00
ORD-000720,2025-02-03,P002,Travel Tumbler,1,24.00
ORD-000720,2025-02-03,P006,Cotton T-Shirt,1,25.00
ORD-000721,2025-02-03,P016,Desk Lamp,2,49.00
ORD-000722,2025-02-03,P001,Ceramic Mug,2,13.20
ORD-000722,2025-02-03,P006,Cotton T-Shirt,2,25.00
ORD-000723,2025-02-03,P007,Denim Jacket,1,89.00
ORD-000724,2025-02-03,P002,Travel Tumbler,1,24.00
ORD-000725,2025-02-03,P001,Ceramic Mug,2,12.00
ORD-000726,2025-02-03,P002,Travel Tumbler,1,24.00
ORD-000726,2025-02-03,P004,Canvas Backpack,3,59.00
ORD-000727,2025-02-03,P023,Bluetooth Speaker,1,69.00
ORD-000728,2025-02-03,P004,Canvas Backpack,1,64.90
ORD-000729,2025-02-04,P034,Sunglasses,3,46.00
ORD-000730,2025-02-04,P005,Wool Beanie,1,22.00
ORD-000731,2025-02-04,P020,Laptop Stand,2,37.80
ORD-000732,2025-02-04,P005,Wool Beanie,1,22.00
ORD-000733,2025-02-04,P001,Ceramic Mug,1,12.00
ORD-000734,2025-02-04,P004,Canvas Backpack,2,59.00
ORD-000735,2025-02-04,P017,Notebook A5,1,9.00
ORD-000736,2025-02-04,P001,Ceramic Mug,2,12.00
ORD-000737,2025-02-04,P001,Ceramic Mug,1,12.00
ORD-000737,2025-02-04,P010,Steel Water Bottle,1,20.00
ORD-000738,2025-02-04,P003,Linen Tote Bag,2,16.20
ORD-000739,2025-02-04,P031,Framed Print,1,64.00
ORD-000740,2025-02-04,P001,Ceramic Mug,2,10.80
ORD-000740,2025-02-04,P012,Chef Knife,1,74.00
ORD-000741,2025-02-04,P017,Notebook A5,1,8.10
ORD-000742,2025-02-04,P002,Travel Tumbler,4,24.00
ORD-000743,2025-02-04,P001,Ceramic Mug,1,12.00
ORD-000744,2025-02-05,P015,Soy Wax Candle Set,2,34.00
ORD-000745,2025-02-05,P003,Linen Tote Bag,1,18.00
ORD-000746,2025-02-05,P002,Travel Tumbler,5,21.60
ORD-000747,2025-02-05,P001,Ceramic Mug,1,12.00
ORD-000747,2025-02-05,P002,Travel Tumbler,2,24.00
ORD-000747,2025-02-05,P010,Steel Water Bottle,1,20.00
ORD-000748,2025-02-05,P005,Wool Beanie,1,22.00
ORD-000748,2025-02-05,P007,Denim Jacket,1,89.00
ORD-000748,2025-02-05,P027,Coffee Beans 1kg,1,25.20
ORD-000749,2025-02-05,P022,Phone Case,1,15.00
ORD-000750,2025-02-05,P001,Ceramic Mug,3,13.20
ORD-000751,2025-02-05,P011,Bamboo Cutting Board,1,32.00
ORD-000752,2025-02-05,P009,Leather Wallet,1,45.00
ORD-000753,2025-02-05,P005,Wool Beanie,1,22.00
ORD-000754,2025-02-05,P001,Ceramic Mug,1,12.00
ORD-000754,2025-02-05,P004,Canvas Backpack,1,59.00
ORD-000755,2025-02-05,P007,Denim Jacket,1,80.10
ORD-000755,2025-02-05,P013,Cast Iron Pan,1,56.00
ORD-000756,2025-02-05,P002,Travel Tumbler,1,24.00
ORD-000756,2025-02-05,P023,Bluetooth Speaker,1,69.00
ORD-000757,2025-02-05,P003,Linen Tote Bag,1,18.00
ORD-000758,2025-02-05,P007,Denim Jacket,1,89.00
ORD-000759,2025-02-05,P001,Ceramic Mug,5,12.00
ORD-000759,2025-02-05,P032,Throw Pillow,1,27.00
ORD-000760,2025-02-05,P001,Ceramic Mug,5,12.00
ORD-000761,2025-02-05,P010,Steel Water Bottle,4,20.00
ORD-000762,2025-02-05,P026,Herbal Tea Sampler,3,19.00
ORD-000763,2025-02-06,P001,Ceramic Mug,3,12.00
ORD-000764,2025-02-06,P012,Chef Knife,1,81.40
ORD-000765,2025-02-06,P001,Ceramic Mug,4,12.00
ORD-000765,2025-02-06,P002,Travel Tumbler,4,24.00
ORD-000765,2025-02-06,P010,Steel Water Bottle,2,20.00
ORD-000766,2025-02-06,P029,Hot Sauce Trio,2,25.30
ORD-000767,2025-02-06,P002,Travel Tumbler,1,24.00
ORD-000767,2025-02-06,P018,Fountain Pen,1,34.20
ORD-000768,2025-02-06,P005,Wool Beanie,5,22.00
ORD-000768,2025-02-06,P013,Cast Iron Pan,1,50.40
ORD-000769,2025-02-06,P013,Cast Iron Pan,1,56.00
ORD-000770,2025-02-06,P014,Scented Candle,3,16.00
ORD-000771,2025-02-06,P004,Canvas Backpack,2,53.10
ORD-000772,2025-02-07,P003,Linen Tote Bag,1,18.00
ORD-000773,2025-02-07,P016,Desk Lamp,2,44.10
ORD-000774,2025-02-07,P016,Desk Lamp,1,49.00
ORD-000775,2025-02-07,P001,Ceramic Mug,1,10.80
ORD-000775,2025-02-07,P002,Travel Tumbler,5,24.00
ORD-000775,2025-02-07,P034,Sunglasses,3,46.00
ORD-000776,2025-02-07,P002,Travel Tumbler,1,24.00
ORD-000777,2025-02-07,P004,Canvas Backpack,1,59.00
ORD-000778,2025-02-07,P004,Canvas Backpack,3,59.00
ORD-000778,2025-02-07,P008,Running Socks,1,11.00
ORD-000778,2025-02-07,P014,Scented Candle,1,16.00
ORD-000779,2025-02-07,P001,Ceramic Mug,1,12.00
ORD-000779,2025-02-07,P002,Travel Tumbler,2,24.00
ORD-000779,2025-02-07,P003,Linen Tote Bag,1,19.80
ORD-000780,2025-02-07,P004,Canvas Backpack,1,64.90
ORD-000781,2025-02-07,P016,Desk Lamp,2,49.00
ORD-000782,2025-02-07,P017,Notebook A5,5,9.00
ORD-000783,2025-02-07,P001,Ceramic Mug,1,12.00
ORD-000783,2025-02-07,P005,Wool Beanie,2,22.00
ORD-000784,2025-02-07,P001,Ceramic Mug,2,12.00
ORD-000784,2025-02-07,P008,Running Socks,1,11.00
ORD-000784,2025-02-07,P015,Soy Wax Candle Set,3,34.00
ORD-000785,2025-02-07,P022,Phone Case,1,15.00
ORD-000786,2025-02-07,P002,Travel Tumbler,2,21.60
ORD-000786,2025-02-07,P007,Denim Jacket,3,89.00
ORD-000787,2025-02-07,P002,Travel Tumbler,2,24.00
ORD-000787,2025-02-07,P011,Bamboo Cutting Board,1,28.80
ORD-000788,2025-02-07,P004,Canvas Backpack,2,59.00
ORD-000788,2025-02-07,P019,Wireless Mouse,1,31.90
ORD-000789,2025-02-07,P024,Yoga Mat,1,39.60
ORD-000790,2025-02-07,P001,Ceramic Mug,1,12.00
ORD-000790,2025-02-07,P012,Chef Knife,2,74.00
ORD-000790,2025-02-07,P015,Soy Wax Candle Set,2,34.00
ORD-000791,2025-02-07,P004,Canvas Backpack,1,59.00
ORD-000792,2025-02-08,P033,Wool Blanket,4,86.90
ORD-000793,2025-02-08,P001,Ceramic Mug,1,13.20
ORD-000794,2025-02-08,P010,Steel Water Bottle,2,20.00
ORD-000795,2025-02-08,P004,Canvas Backpack,1,59.00
ORD-000796,2025-02-08,P001,Ceramic Mug,2,12.00
ORD-000797,2025-02-08,P002,Travel Tumbler,2,24.00
ORD-000797,2025-02-08,P028,Olive Oil 500ml,3,21.00
ORD-000798,2025-02-08,P006,Cotton T-Shirt,4,22.50
ORD-000799,2025-02-08,P001,Ceramic Mug,2,12.00
ORD-000799,2025-02-08,P002,Travel Tumbler,2,24.00
ORD-000799,2025-02-08,P009,Leather Wallet,1,49.50
ORD-000799,2025-02-08,P017,Notebook A5,1,9.00
ORD-000800,2025-02-08,P004,Canvas Backpack,1,59.00
ORD-000801,2025-02-08,P007,Denim Jacket,3,80.10
ORD-000802,2025-02-08,P011,Bamboo Cutting Board,1,32.00
ORD-000803,2025-02-08,P002,Travel Tumbler,1,26.40
ORD-000804,2025-02-08,P001,Ceramic Mug,2,12.00
ORD-000805,2025-02-08,P007,Denim Jacket,1,89.00
ORD-000806,2025-02-08,P001,Ceramic Mug,1,13.20
ORD-000807,2025-02-08,P003,Linen Tote Bag,1,16.20
ORD-000808,2025-02-08,P022,Phone Case,1,15.00
ORD-000809,2025-02-08,P029,Hot Sauce Trio,2,23.00
ORD-000810,2025-02-08,P001,Ceramic Mug,1,12.00
ORD-000810,2025-02-08,P027,Coffee Beans 1kg,1,30.80
ORD-000811,2025-02-08,P007,Denim Jacket,1,80.10
ORD-000812,2025-02-08,P001,Ceramic Mug,1,13.20
ORD-000813,2025-02-08,P008,Running Socks,1,9.90
ORD-000814,2025-02-08,P003,Linen Tote Bag,1,19.80
ORD-000815,2025-02-08,P001,Ceramic Mug,1,12.00
ORD-000815,2025-02-08,P009,Leather Wallet,1,45.00
ORD-000816,2025-02-08,P001,Ceramic Mug,3,12.00
ORD-000817,2025-02-08,P018,Fountain Pen,1,38.00
ORD-000818,2025-02-08,P001,Ceramic Mug,1,12.00
ORD-000818,2025-02-08,P011,Bamboo Cutting Board,1,32.00
ORD-000818,2025-02-08,P033,Wool Blanket,2,79.00
ORD-000819,2025-02-08,P023,Bluetooth Speaker,2,69.00
ORD-000820,2025-02-09,P008,Running Socks,1,12.10
ORD-000821,2025-02-09,P001,Ceramic Mug,3,12.00
ORD-000821,2025-02-09,P003,Linen Tote Bag,1,16.20
ORD-000822,2025-02-09,P007,Denim Jacket,1,89.00
ORD-000823,2025-02-09,P001,Ceramic Mug,4,12.00
ORD-000824,2025-02-09,P001,Ceramic Mug,1,13.20
ORD-000824,2025-02-09,P002,Travel Tumbler,5,24.00
ORD-000824,2025-02-09,P024,Yoga Mat,1,39.60
ORD-000824,2025-02-09,P027,Coffee Beans 1kg,1,30.80
ORD-000825,2025-02-09,P007,Denim Jacket,2,89.00
ORD-000826,2025-02-09,P003,Linen Tote Bag,1,18.00
ORD-000827,2025-02-09,P001,Ceramic Mug,1,13.20
ORD-000828,2025-02-09,P001,Ceramic Mug,2,12.00
ORD-000829,2025-02-09,P002,Travel Tumbler,2,24.00
ORD-000829,2025-02-09,P004,Canvas Backpack,1,59.00
ORD-000830,2025-02-09,P034,Sunglasses,1,41.40
ORD-000831,2025-02-09,P003,Linen Tote Bag,1,18.00
ORD-000832,2025-02-09,P002,Travel Tumbler,1,21.60
ORD-000833,2025-02-09,P001,Ceramic Mug,4,12.00
ORD-000834,2025-02-09,P002,Travel Tumbler,1,24.00
ORD-000835,2025-02-09,P003,Linen Tote Bag,3,18.00
ORD-000835,2025-02-09,P004,Canvas Backpack,2,59.00
ORD-000835,2025-02-09,P017,Notebook A5,2,9.00
ORD-000835,2025-02-09,P019,Wireless Mouse,2,29.00
ORD-000836,2025-02-09,P004,Canvas Backpack,1,59.00
ORD-000837,2025-02-09,P008,Running Socks,1,11.00
ORD-000838,2025-02-09,P008,Running Socks,1,11.00
ORD-000839,2025-02-09,P001,Ceramic Mug,1,10.80
ORD-000839,2025-02-09,P003,Linen Tote Bag,1,18.00
ORD-000839,2025-02-09,P012,Chef Knife,2,74.00
ORD-000839,2025-02-09,P013,Cast Iron Pan,1,56.00
ORD-000840,2025-02-09,P001,Ceramic Mug,1,12.00
ORD-000841,2025-02-09,P001,Ceramic Mug,1,10.80
ORD-000842,2025-02-09,P023,Bluetooth Speaker,2,69.00
ORD-000842,2025-02-09,P025,Resistance Bands,1,14.00
ORD-000843,2025-02-09,P002,Travel Tumbler,2,24.00
ORD-000844,2025-02-09,P002,Travel Tumbler,1,24.00
ORD-000845,2025-02-09,P001,Ceramic Mug,2,12.00
ORD-000845,2025-02-09,P002,Travel Tumbler,3,24.00
ORD-000846,2025-02-09,P002,Travel Tumbler,1,24.00
ORD-000847,2025-02-09,P006,Cotton T-Shirt,5,25.00
ORD-000848,2025-02-09,P001,Ceramic Mug,2,12.00
ORD-000849,2025-02-09,P003,Linen Tote Bag,1,18.00
ORD-000850,2025-02-09,P001,Ceramic Mug,1,12.00
ORD-000850,2025-02-09,P002,Travel Tumbler,2,21.60
ORD-000850,2025-02-09,P005,Wool Beanie,1,19.80
ORD-000850,2025-02-09,P021,USB-C Cable,1,10.00
ORD-000851,2025-02-09,P002,Travel Tumbler,1,24.00
ORD-000852,2025-02-10,P003,Linen Tote Bag,3,16.20
ORD-000853,2025-02-10,P002,Travel Tumbler,3,24.00
ORD-000854,2025-02-10,P002,Travel Tumbler,2,24.00
ORD-000855,2025-02-10,P004,Canvas Backpack,1,53.10
ORD-000856,2025-02-10,P005,Wool Beanie,1,24.20
ORD-000857,2025-02-10,P004,Canvas Backpack,1,59.00
ORD-000858,2025-02-10,P007,Denim Jacket,3,89.00
ORD-000859,2025-02-10,P002,Travel Tumbler,3,24.00
ORD-000859,2025-02-10,P009,Leather Wallet,2,45.00
ORD-000859,2025-02-10,P012,Chef Knife,1,74.00
ORD-000859,2025-02-10,P030,Wall Calendar,2,13.00
ORD-000860,2025-02-10,P017,Notebook A5,1,9.00
ORD-000860,2025-02-10,P019,Wireless Mouse,1,26.10
ORD-000861,2025-02-10,P001,Ceramic Mug,2,12.00
ORD-000862,2025-02-10,P001,Ceramic Mug,3,12.00
ORD-000862,2025-02-10,P003,Linen Tote Bag,1,16.20
ORD-000862,2025-02-10,P007,Denim Jacket,1,89.00
ORD-000862,2025-02-10,P030,Wall Calendar,2,13.00
ORD-000863,2025-02-10,P005,Wool Beanie,1,19.80
ORD-000864,2025-02-10,P001,Ceramic Mug,1,12.00
ORD-000865,2025-02-10,P027,Coffee Beans 1kg,4,28.00
ORD-000866,2025-02-10,P001,Ceramic Mug,3,12.00
ORD-000867,2025-02-10,P002,Travel Tumbler,1,24.00
ORD-000868,2025-02-10,P005,Wool Beanie,2,22.00
ORD-000869,2025-02-10,P001,Ceramic Mug,1,13.20
ORD-000870,2025-02-10,P003,Linen Tote Bag,1,18.00
ORD-000871,2025-02-10,P015,Soy Wax Candle Set,1,34.00
ORD-000872,2025-02-10,P001,Ceramic Mug,2,13.20
ORD-000872,2025-02-10,P002,Travel Tumbler,1,24.00
ORD-000873,2025-02-10,P008,Running Socks,3,11.00
ORD-000874,2025-02-10,P001,Ceramic Mug,1,10.80
ORD-000874,2025-02-10,P002,Travel Tumbler,1,24.00
ORD-000874,2025-02-10,P003,Linen Tote Bag,1,18.00
ORD-000874,2025-02-10,P007,Denim Jacket,2,89.00
ORD-000875,2025-02-10,P004,Canvas Backpack,3,59.00
ORD-000876,2025-02-10,P020,Laptop Stand,4,46.20
ORD-000877,2025-02-10,P003,Linen Tote Bag,1,16.20
ORD-000878,2025-02-10,P011,Bamboo Cutting Board,3,35.20
ORD-000879,2025-02-10,P030,Wall Calendar,1,13.00
ORD-000880,2025-02-11,P013,Cast Iron Pan,2,56.00
ORD-000881,2025-02-11,P023,Bluetooth Speaker,1,69.00
ORD-000882,2025-02-11,P001,Ceramic Mug,1,12.00
ORD-000882,2025-02-11,P003,Linen Tote Bag,1,18.00
ORD-000882,2025-02-11,P027,Coffee Beans 1kg,1,28.00
ORD-000883,2025-02-11,P001,Ceramic Mug,1,12.00
ORD-000883,2025-02-11,P009,Leather Wallet,1,45.00
ORD-000884,2025-02-11,P001,Ceramic Mug,1,12.00
ORD-000885,2025-02-11,P003,Linen Tote Bag,1,18.00
ORD-000886,2025-02-11,P017,Notebook A5,1,9.00
ORD-000887,2025-02-11,P004,Canvas Backpack,2,64.90
ORD-000887,2025-02-11,P010,Steel Water Bottle,1,20.00
ORD-000888,2025-02-11,P001,Ceramic Mug,3,12.00
ORD-000889,2025-02-11,P001,Ceramic Mug,1,12.00
ORD-000889,2025-02-11,P009,Leather Wallet,1,45.00
ORD-000890,2025-02-11,P002,Travel Tumbler,2,21.60
ORD-000891,2025-02-11,P001,Ceramic Mug,2,12.00
ORD-000892,2025-02-11,P009,Leather Wallet,4,45.00
ORD-000893,2025-02-11,P002,Travel Tumbler,1,24.00
ORD-000894,2025-02-11,P005,Wool Beanie,1,22.00
ORD-000895,2025-02-11,P002,Travel Tumbler,4,24.00
ORD-000895,2025-02-11,P005,Wool Beanie,5,22.00
ORD-000895,2025-02-11,P007,Denim Jacket,1,89.00
ORD-000895,2025-02-11,P011,Bamboo Cutting Board,5,35.20
ORD-000896,2025-02-11,P001,Ceramic Mug,2,10.80
ORD-000897,2025-02-11,P003,Linen Tote Bag,2,18.00
ORD-000897,2025-02-11,P005,Wool Beanie,2,22.00
ORD-000898,2025-02-11,P001,Ceramic Mug,4,12.00
ORD-000899,2025-02-12,P002,Travel Tumbler,1,24.00
ORD-000900,2025-02-12,P005,Wool Beanie,1,22.00
ORD-000900,2025-02-12,P016,Desk Lamp,1,49.00
ORD-000901,2025-02-12,P002,Travel Tumbler,3,24.00
ORD-000901,2025-02-12,P017,Notebook A5,1,9.90
ORD-000902,2025-02-12,P003,Linen Tote Bag,1,18.00
ORD-000903,2025-02-12,P001,Ceramic Mug,4,12.00
ORD-000904,2025-02-12,P001,Ceramic Mug,1,12.00
ORD-000904,2025-02-12,P014,Scented Candle,5,16.00
ORD-000905,2025-02-12,P003,Linen Tote Bag,5,19.80
ORD-000906,2025-02-12,P002,Travel Tumbler,5,24.00
ORD-000907,2025-02-12,P012,Chef Knife,1,74.00
ORD-000908,2025-02-12,P011,Bamboo Cutting Board,1,28.80
ORD-000909,2025-02-12,P002,Travel Tumbler,2,24.00
ORD-000909,2025-02-12,P003,Linen Tote Bag,2,18.00
ORD-000909,2025-02-12,P020,Laptop Stand,1,37.80
ORD-000910,2025-02-13,P005,Wool Beanie,1,22.00
ORD-000911,2025-02-13,P010,Steel Water Bottle,1,20.00
ORD-000912,2025-02-13,P001,Ceramic Mug,1,12.00
ORD-000913,2025-02-13,P010,Steel Water Bottle,1,20.00
ORD-000914,2025-02-13,P002,Travel Tumbler,2,24.00
ORD-000914,2025-02-13,P003,Linen Tote Bag,2,18.00
ORD-000914,2025-02-13,P022,Phone Case,5,15.00
ORD-000915,2025-02-13,P017,Notebook A5,1,9.00
ORD-000916,2025-02-13,P003,Linen Tote Bag,1,19.80
ORD-000917,2025-02-13,P001,Ceramic Mug,1,12.00
ORD-000918,2025-02-13,P001,Ceramic Mug,1,12.00
ORD-000919,2025-02-14,P001,Ceramic Mug,1,12.00
ORD-000919,2025-02-14,P002,Travel Tumbler,1,24.00
ORD-000920,2025-02-14,P009,Leather Wallet,3,45.00
ORD-000920,2025-02-14,P012,Chef Knife,1,74.00
ORD-000921,2025-02-14,P001,Ceramic Mug,2,12.00
ORD-000922,2025-02-14,P008,Running Socks,2,11.00
ORD-000923,2025-02-14,P015,Soy Wax Candle Set,1,34.00
ORD-000924,2025-02-14,P017,Notebook A5,2,9.90
ORD-000925,2025-02-14,P001,Ceramic Mug,1,10.80
ORD-000926,2025-02-14,P001,Ceramic Mug,1,10.80
ORD-000927,2025-02-14,P003,Linen Tote Bag,1,18.00
ORD-000927,2025-02-14,P030,Wall Calendar,1,14.30
ORD-000928,2025-02-14,P001,Ceramic Mug,4,13.20
ORD-000929,2025-02-14,P005,Wool Beanie,1,19.80
ORD-000929,2025-02-14,P019,Wireless Mouse,2,31.90
ORD-000930,2025-02-14,P003,Linen Tote Bag,1,19.80
ORD-000931,2025-02-14,P001,Ceramic Mug,2,12.00
ORD-000932,2025-02-14,P001,Ceramic Mug,2,12.00
ORD-000933,2025-02-14,P001,Ceramic Mug,1,12.00
ORD-000934,2025-02-14,P001,Ceramic Mug,1,12.00
ORD-000934,2025-02-14,P003,Linen Tote Bag,1,18.00
ORD-000934,2025-02-14,P006,Cotton T-Shirt,3,25.00
ORD-000934,2025-02-14,P007,Denim Jacket,2,89.00
ORD-000935,2025-02-14,P033,Wool Blanket,1,79.00
ORD-000936,2025-02-14,P003,Linen Tote Bag,1,18.00
ORD-000937,2025-02-14,P001,Ceramic Mug,1,12.00
ORD-000938,2025-02-14,P001,Ceramic Mug,2,12.00
ORD-000939,2025-02-14,P001,Ceramic Mug,1,12.00
ORD-000939,2025-02-14,P002,Travel Tumbler,1,21.60
ORD-000939,2025-02-14,P008,Running Socks,1,11.00
ORD-000940,2025-02-14,P001,Ceramic Mug,2,12.00
ORD-000941,2025-02-14,P001,Ceramic Mug,4,12.00
ORD-000942,2025-02-14,P003,Linen Tote Bag,1,19.80
ORD-000943,2025-02-14,P007,Denim Jacket,1,89.00
ORD-000944,2025-02-14,P001,Ceramic Mug,1,12.00
ORD-000945,2025-02-15,P001,Ceramic Mug,5,10.80
ORD-000946,2025-02-15,P001,Ceramic Mug,3,13.20
ORD-000947,2025-02-15,P002,Travel Tumbler,2,24.00
ORD-000948,2025-02-15,P002,Travel Tumbler,1,24.00
ORD-000948,2025-02-15,P003,Linen Tote Bag,1,18.00
ORD-000949,2025-02-15,P001,Ceramic Mug,5,12.00
ORD-000950,2025-02-15,P001,Ceramic Mug,1,12.00
ORD-000951,2025-02-15,P014,Scented Candle,1,17.60
ORD-000952,2025-02-15,P001,Ceramic Mug,2,13.20
ORD-000952,2025-02-15,P011,Bamboo Cutting Board,4,32.00
ORD-000953,2025-02-15,P031,Framed Print,3,64.00
ORD-000954,2025-02-15,P018,Fountain Pen,1,38.00
ORD-000955,2025-02-15,P009,Leather Wallet,2,45.00
ORD-000956,2025-02-15,P002,Travel Tumbler,1,21.60
ORD-000957,2025-02-15,P006,Cotton T-Shirt,1,25.00
ORD-000958,2025-02-15,P001,Ceramic Mug,3,12.00
ORD-000959,2025-02-15,P001,Ceramic Mug,1,12.00
ORD-000960,2025-02-15,P001,Ceramic Mug,3,12.00
ORD-000961,2025-02-15,P010,Steel Water Bottle,2,20.00
ORD-000962,2025-02-15,P003,Linen Tote Bag,1,18.00
ORD-000963,2025-02-15,P016,Desk Lamp,1,49.00
ORD-000964,2025-02-15,P001,Ceramic Mug,4,10.80
ORD-000964,2025-02-15,P010,Steel Water Bottle,1,22.00
ORD-000965,2025-02-15,P001,Ceramic Mug,2,12.00
ORD-000965,2025-02-15,P009,Leather Wallet,2,45.00
ORD-000966,2025-02-15,P005,Wool Beanie,1,22.00
ORD-000967,2025-02-15,P001,Ceramic Mug,2,13.20
ORD-000968,2025-02-15,P003,Linen Tote Bag,1,19.80
ORD-000969,2025-02-15,P006,Cotton T-Shirt,1,22.50
ORD-000970,2025-02-15,P003,Linen Tote Bag,2,18.00
ORD-000971,2025-02-15,P035,Umbrella,1,26.00
ORD-000972,2025-02-15,P001,Ceramic Mug,2,12.00
ORD-000973,2025-02-15,P006,Cotton T-Shirt,1,25.00
ORD-000974,2025-02-16,P001,Ceramic Mug,4,12.00
ORD-000974,2025-02-16,P002,Travel Tumbler,1,21.60
ORD-000974,2025-02-16,P007,Denim Jacket,1,89.00
ORD-000974,2025-02-16,P017,Notebook A5,1,9.00
ORD-000975,2025-02-16,P001,Ceramic Mug,1,12.00
ORD-000976,2025-02-16,P001,Ceramic Mug,2,12.00
ORD-000976,2025-02-16,P006,Cotton T-Shirt,1,22.50
ORD-000977,2025-02-16,P019,Wireless Mouse,1,29.00
ORD-000978,2025-02-16,P003,Linen Tote Bag,1,19.80
ORD-000979,2025-02-16,P002,Travel Tumbler,1,26.40
ORD-000980,2025-02-16,P001,Ceramic Mug,1,12.00
ORD-000981,2025-02-16,P001,Ceramic Mug,1,12.00
ORD-000982,2025-02-16,P004,Canvas Backpack,1,59.00
ORD-000983,2025-02-16,P001,Ceramic Mug,5,12.00
ORD-000983,2025-02-16,P004,Canvas Backpack,1,53.10
ORD-000983,2025-02-16,P008,Running Socks,3,11.00
ORD-000984,2025-02-16,P002,Travel Tumbler,1,24.00
ORD-000985,2025-02-16,P001,Ceramic Mug,1,12.00
ORD-000985,2025-02-16,P007,Denim Jacket,1,89.00
ORD-000986,2025-02-16,P003,Linen Tote Bag,1,16.20
ORD-000987,2025-02-16,P004,Canvas Backpack,1,53.10
ORD-000988,2025-02-16,P001,Ceramic Mug,1,10.80
ORD-000988,2025-02-16,P017,Notebook A5,1,8.10
ORD-000989,2025-02-16,P001,Ceramic Mug,1,12.00
ORD-000989,2025-02-16,P003,Linen Tote Bag,2,16.20
ORD-000990,2025-02-16,P003,Linen Tote Bag,1,18.00
ORD-000990,2025-02-16,P011,Bamboo Cutting Board,2,35.20
ORD-000990,2025-02-16,P013,Cast Iron Pan,3,56.00
ORD-000990,2025-02-16,P035,Umbrella,1,23.40
ORD-000991,2025-02-16,P005,Wool Beanie,5,19.80
ORD-000992,2025-02-16,P001,Ceramic Mug,2,10.80
ORD-000993,2025-02-16,P005,Wool Beanie,2,22.00
ORD-000993,2025-02-16,P009,Leather Wallet,1,45.00
ORD-000994,2025-02-17,P030,Wall Calendar,1,13.00
ORD-000995,2025-02-17,P012,Chef Knife,2,74.00
ORD-000996,2025-02-17,P004,Canvas Backpack,3,64.90
ORD-000996,2025-02-17,P012,Chef Knife,1,74.00
ORD-000997,2025-02-17,P001,Ceramic Mug,2,13.20
ORD-000998,2025-02-17,P013,Cast Iron Pan,1,56.00
ORD-000999,2025-02-17,P001,Ceramic Mug,4,12.00
ORD-001000,2025-02-17,P001,Ceramic Mug,2,12.00
ORD-001001,2025-02-17,P001,Ceramic Mug,1,12.00
ORD-001002,2025-02-17,P003,Linen Tote Bag,1,18.00
ORD-001003,2025-02-17,P001,Ceramic Mug,1,12.00
ORD-001003,2025-02-17,P003,Linen Tote Bag,1,18.00
ORD-001003,2025-02-17,P009,Leather Wallet,4,45.00
ORD-001003,2025-02-17,P028,Olive Oil 500ml,1,21.00
ORD-001004,2025-02-17,P011,Bamboo Cutting Board,2,28.80
ORD-001005,2025-02-17,P029,Hot Sauce Trio,1,25.30
ORD-001006,2025-02-17,P001,Ceramic Mug,4,12.00
ORD-001006,2025-02-17,P006,Cotton T-Shirt,2,25.00
ORD-001007,2025-02-17,P002,Travel Tumbler,1,26.40
ORD-001008,2025-02-17,P006,Cotton T-Shirt,1,25.00
ORD-001009,2025-02-17,P001,Ceramic Mug,1,12.00
ORD-001009,2025-02-17,P012,Chef Knife,2,66.60
ORD-001010,2025-02-18,P007,Denim Jacket,4,89.00
ORD-001011,2025-02-18,P002,Travel Tumbler,1,24.00
ORD-001012,2025-02-18,P030,Wall Calendar,2,13.00
ORD-001013,2025-02-18,P001,Ceramic Mug,1,10.80
ORD-001013,2025-02-18,P015,Soy Wax Candle Set,1,34.00
ORD-001014,2025-02-18,P001,Ceramic Mug,2,13.20
ORD-001014,2025-02-18,P022,Phone Case,1,15.00
ORD-001015,2025-02-18,P001,Ceramic Mug,1,12.00
ORD-001015,2025-02-18,P006,Cotton T-Shirt,3,25.00
ORD-001015,2025-02-18,P023,Bluetooth Speaker,1,69.00
ORD-001016,2025-02-18,P001,Ceramic Mug,1,12.00
ORD-001016,2025-02-18,P003,Linen Tote Bag,3,18.00
ORD-001017,2025-02-18,P003,Linen Tote Bag,3,18.00
ORD-001017,2025-02-18,P005,Wool Beanie,1,22.00
ORD-001018,2025-02-18,P003,Linen Tote Bag,1,18.00
ORD-001019,2025-02-18,P003,Linen Tote Bag,1,18.00
ORD-001020,2025-02-18,P001,Ceramic Mug,3,13.20
ORD-001021,2025-02-18,P015,Soy Wax Candle Set,1,30.60
ORD-001022,2025-02-18,P026,Herbal Tea Sampler,1,19.00
ORD-001023,2025-02-18,P001,Ceramic Mug,1,12.00
ORD-001023,2025-02-18,P034,Sunglasses,1,46.00
ORD-001023,2025-02-18,P036,Gift Card Holder,1,6.30
ORD-001024,2025-02-18,P004,Canvas Backpack,2,59.00
ORD-001025,2025-02-18,P002,Travel Tumbler,1,26.40
ORD-001026,2025-02-18,P012,Chef Knife,2,74.00
ORD-001027,2025-02-18,P013,Cast Iron Pan,3,56.00
ORD-001028,2025-02-18,P001,Ceramic Mug,3,13.20
ORD-001029,2025-02-19,P001,Ceramic Mug,3,12.00
ORD-001030,2025-02-19,P001,Ceramic Mug,1,12.00
ORD-001030,2025-02-19,P003,Linen Tote Bag,1,18.00
ORD-001030,2025-02-19,P004,Canvas Backpack,3,59.00
ORD-001030,2025-02-19,P009,Leather Wallet,2,45.00
ORD-001031,2025-02-19,P001,Ceramic Mug,5,12.00
ORD-001031,2025-02-19,P002,Travel Tumbler,3,24.00
ORD-001032,2025-02-19,P017,Notebook A5,2,9.00
ORD-001033,2025-02-19,P001,Ceramic Mug,3,12.00
ORD-001033,2025-02-19,P013,Cast Iron Pan,4,56.00
ORD-001033,2025-02-19,P035,Umbrella,1,26.00
ORD-001034,2025-02-19,P001,Ceramic Mug,2,12.00
ORD-001035,2025-02-19,P002,Travel Tumbler,1,24.00
ORD-001035,2025-02-19,P005,Wool Beanie,3,22.00
ORD-001035,2025-02-19,P029,Hot Sauce Trio,2,25.30
ORD-001036,2025-02-19,P029,Hot Sauce Trio,1,23.00
ORD-001037,2025-02-19,P001,Ceramic Mug,1,12.00
ORD-001038,2025-02-19,P001,Ceramic Mug,1,12.00
ORD-001039,2025-02-19,P004,Canvas Backpack,1,64.90
ORD-001040,2025-02-19,P008,Running Socks,4,11.00
ORD-001041,2025-02-19,P010,Steel Water Bottle,1,18.00
ORD-001041,2025-02-19,P018,Fountain Pen,1,34.20
ORD-001042,2025-02-19,P011,Bamboo Cutting Board,1,32.00
ORD-001042,2025-02-19,P026,Herbal Tea Sampler,2,17.10
ORD-001043,2025-02-19,P022,Phone Case,1,16.50
ORD-001044,2025-02-19,P002,Travel Tumbler,1,24.00
ORD-001044,2025-02-19,P004,Canvas Backpack,1,64.90
ORD-001045,2025-02-19,P003,Linen Tote Bag,1,18.00
ORD-001046,2025-02-19,P030,Wall Calendar,1,13.00
ORD-001047,2025-02-20,P012,Chef Knife,2,81.40
ORD-001048,2025-02-20,P015,Soy Wax Candle Set,3,34.00
ORD-001048,2025-02-20,P034,Sunglasses,5,46.00
ORD-001049,2025-02-20,P002,Travel Tumbler,3,26.40
ORD-001050,2025-02-20,P005,Wool Beanie,1,22.00
ORD-001051,2025-02-20,P006,Cotton T-Shirt,2,25.00
ORD-001052,2025-02-20,P003,Linen Tote Bag,2,18.00
ORD-001052,2025-02-20,P022,Phone Case,1,13.50
ORD-001053,2025-02-20,P003,Linen Tote Bag,1,18.00
ORD-001054,2025-02-20,P024,Yoga Mat,1,36.00
ORD-001055,2025-02-20,P020,Laptop Stand,1,42.00
ORD-001056,2025-02-20,P021,USB-C Cable,1,10.00
ORD-001057,2025-02-20,P029,Hot Sauce Trio,1,23.00
ORD-001058,2025-02-20,P001,Ceramic Mug,3,13.20
ORD-001059,2025-02-20,P001,Ceramic Mug,1,12.00
ORD-001060,2025-02-20,P002,Travel Tumbler,1,24.00
ORD-001060,2025-02-20,P014,Scented Candle,1,14.40
ORD-001061,2025-02-20,P001,Ceramic Mug,1,10.80
ORD-001061,2025-02-20,P003,Linen Tote Bag,1,18.00
ORD-001061,2025-02-20,P009,Leather Wallet,2,45.00
ORD-001062,2025-02-20,P002,Travel Tumbler,1,24.00
ORD-001063,2025-02-20,P001,Ceramic Mug,2,12.00
ORD-001064,2025-02-20,P014,Scented Candle,1,16.00
ORD-001065,2025-02-20,P032,Throw Pillow,2,27.00
ORD-001066,2025-02-21,P001,Ceramic Mug,2,12.00
ORD-001066,2025-02-21,P002,Travel Tumbler,5,26.40
ORD-001066,2025-02-21,P015,Soy Wax Candle Set,5,34.00
ORD-001067,2025-02-21,P004,Canvas Backpack,2,59.00
ORD-001067,2025-02-21,P027,Coffee Beans 1kg,2,30.80
ORD-001068,2025-02-21,P027,Coffee Beans 1kg,1,28.00
ORD-001069,2025-02-21,P034,Sunglasses,2,50.60
ORD-001070,2025-02-21,P002,Travel Tumbler,1,24.00
ORD-001070,2025-02-21,P012,Chef Knife,2,74.00
ORD-001071,2025-02-21,P001,Ceramic Mug,1,12.00
ORD-001071,2025-02-21,P025,Resistance Bands,1,14.00
ORD-001072,2025-02-21,P003,Linen Tote Bag,1,18.00
ORD-001072,2025-02-21,P020,Laptop Stand,1,42.00
ORD-001072,2025-02-21,P023,Bluetooth Speaker,1,69.00
ORD-001073,2025-02-21,P003,Linen Tote Bag,2,18.00
ORD-001074,2025-02-21,P003,Linen Tote Bag,3,16.20
ORD-001075,2025-02-21,P007,Denim Jacket,1,89.00
ORD-001076,2025-02-21,P001,Ceramic Mug,4,10.80
ORD-001077,2025-02-21,P001,Ceramic Mug,1,12.00
ORD-001077,2025-02-21,P002,Travel Tumbler,2,24.00
ORD-001077,2025-02-21,P032,Throw Pillow,1,27.00
ORD-001078,2025-02-21,P002,Travel Tumbler,5,24.00
ORD-001078,2025-02-21,P023,Bluetooth Speaker,1,69.00
ORD-001078,2025-02-21,P026,Herbal Tea Sampler,1,19.00
ORD-001079,2025-02-21,P001,Ceramic Mug,1,10.80
ORD-001080,2025-02-22,P001,Ceramic Mug,2,12.00
ORD-001081,2025-02-22,P006,Cotton T-Shirt,1,22.50
ORD-001082,2025-02-22,P016,Desk Lamp,3,49.00
ORD-001083,2025-02-22,P002,Travel Tumbler,1,24.00
ORD-001084,2025-02-22,P012,Chef Knife,3,74.00
ORD-001084,2025-02-22,P015,Soy Wax Candle Set,2,30.60
ORD-001085,2025-02-22,P017,Notebook A5,1,9.90
ORD-001086,2025-02-22,P035,Umbrella,2,26.00
ORD-001087,2025-02-22,P034,Sunglasses,2,46.00
ORD-001088,2025-02-22,P008,Running Socks,1,11.00
ORD-001089,2025-02-22,P002,Travel Tumbler,5,24.00
ORD-001090,2025-02-22,P001,Ceramic Mug,2,13.20
ORD-001091,2025-02-22,P002,Travel Tumbler,2,24.00
ORD-001092,2025-02-22,P005,Wool Beanie,1,22.00
ORD-001092,2025-02-22,P017,Notebook A5,1,9.00
ORD-001093,2025-02-22,P005,Wool Beanie,3,19.80
ORD-001093,2025-02-22,P035,Umbrella,1,28.60
ORD-001094,2025-02-22,P034,Sunglasses,1,46.00
ORD-001095,2025-02-22,P001,Ceramic Mug,4,12.00
ORD-001096,2025-02-22,P007,Denim Jacket,2,97.90
ORD-001096,2025-02-22,P015,Soy Wax Candle Set,1,34.00
ORD-001097,2025-02-22,P002,Travel Tumbler,1,24.00
ORD-001097,2025-02-22,P026,Herbal Tea Sampler,1,17.10
ORD-001098,2025-02-22,P002,Travel Tumbler,1,24.00
ORD-001099,2025-02-22,P001,Ceramic Mug,1,12.00
ORD-001100,2025-02-22,P001,Ceramic Mug,1,12.00
ORD-001100,2025-02-22,P003,Linen Tote Bag,2,16.20
ORD-001101,2025-02-22,P001,Ceramic Mug,2,10.80
ORD-001102,2025-02-23,P007,Denim Jacket,1,89.00
ORD-001103,2025-02-23,P001,Ceramic Mug,1,12.00
ORD-001104,2025-02-23,P006,Cotton T-Shirt,1,25.00
ORD-001105,2025-02-23,P033,Wool Blanket,1,79.00
ORD-001106,2025-02-23,P001,Ceramic Mug,2,12.00
ORD-001106,2025-02-23,P002,Travel Tumbler,1,24.00
ORD-001107,2025-02-23,P003,Linen Tote Bag,2,19.80
ORD-001107,2025-02-23,P012,Chef Knife,2,74.00
ORD-001108,2025-02-23,P010,Steel Water Bottle,3,20.00
ORD-001109,2025-02-23,P012,Chef Knife,2,74.00
ORD-001110,2025-02-23,P001,Ceramic Mug,1,12.00
ORD-001110,2025-02-23,P003,Linen Tote Bag,2,19.80
ORD-001110,2025-02-23,P025,Resistance Bands,1,12.60
ORD-001111,2025-02-23,P005,Wool Beanie,1,19.80
ORD-001112,2025-02-23,P001,Ceramic Mug,2,12.00
ORD-001113,2025-02-23,P001,Ceramic Mug,4,12.00
ORD-001113,2025-02-23,P004,Canvas Backpack,1,59.00
ORD-001113,2025-02-23,P008,Running Socks,2,11.00
ORD-001113,2025-02-23,P026,Herbal Tea Sampler,3,20.90
ORD-001114,2025-02-23,P017,Notebook A5,1,9.00
ORD-001115,2025-02-23,P008,Running Socks,1,12.10
ORD-001116,2025-02-23,P001,Ceramic Mug,1,12.00
ORD-001117,2025-02-23,P001,Ceramic Mug,1,12.00
ORD-001118,2025-02-23,P003,Linen Tote Bag,1,18.00
ORD-001119,2025-02-23,P001,Ceramic Mug,1,12.00
ORD-001120,2025-02-23,P019,Wireless Mouse,1,29.00
ORD-001121,2025-02-23,P008,Running Socks,1,12.10
ORD-001122,2025-02-23,P002,Travel Tumbler,1,24.00
ORD-001123,2025-02-23,P001,Ceramic Mug,1,12.00
ORD-001123,2025-02-23,P003,Linen Tote Bag,1,19.80
ORD-001124,2025-02-23,P001,Ceramic Mug,2,10.80
ORD-001125,2025-02-23,P016,Desk Lamp,1,49.00
ORD-001126,2025-02-23,P001,Ceramic Mug,1,12.00
ORD-001126,2025-02-23,P012,Chef Knife,1,74.00
ORD-001126,2025-02-23,P015,Soy Wax Candle Set,2,37.40
ORD-001127,2025-02-23,P014,Scented Candle,1,17.60
ORD-001127,2025-02-23,P034,Sunglasses,5,41.40
ORD-001128,2025-02-23,P001,Ceramic Mug,1,12.00
ORD-001128,2025-02-23,P007,Denim Jacket,3,89.00
ORD-001129,2025-02-23,P001,Ceramic Mug,1,12.00
ORD-001130,2025-02-23,P001,Ceramic Mug,1,10.80
ORD-001130,2025-02-23,P002,Travel Tumbler,2,24.00
ORD-001131,2025-02-24,P016,Desk Lamp,1,49.00
ORD-001132,2025-02-24,P003,Linen Tote Bag,1,16.20
ORD-001133,2025-02-24,P020,Laptop Stand,1,42.00
ORD-001134,2025-02-24,P001,Ceramic Mug,3,12.00
ORD-001134,2025-02-24,P002,Travel Tumbler,1,24.00
ORD-001134,2025-02-24,P004,Canvas Backpack,3,59.00
ORD-001134,2025-02-24,P033,Wool Blanket,2,79.00
ORD-001135,2025-02-24,P012,Chef Knife,1,81.40
ORD-001136,2025-02-24,P004,Canvas Backpack,1,59.00
ORD-001137,2025-02-24,P001,Ceramic Mug,3,12.00
ORD-001138,2025-02-24,P001,Ceramic Mug,1,13.20
ORD-001139,2025-02-24,P018,Fountain Pen,1,38.00
ORD-001139,2025-02-24,P022,Phone Case,3,16.50
ORD-001139,2025-02-24,P026,Herbal Tea Sampler,2,20.90
ORD-001139,2025-02-24,P033,Wool Blanket,1,71.10
ORD-001140,2025-02-24,P011,Bamboo Cutting Board,1,32.00
ORD-001141,2025-02-24,P001,Ceramic Mug,1,13.20
ORD-001142,2025-02-24,P002,Travel Tumbler,1,24.00
ORD-001143,2025-02-24,P005,Wool Beanie,1,22.00
ORD-001144,2025-02-24,P001,Ceramic Mug,1,12.00
ORD-001145,2025-02-24,P002,Travel Tumbler,1,24.00
ORD-001146,2025-02-24,P001,Ceramic Mug,1,12.00
ORD-001146,2025-02-24,P010,Steel Water Bottle,1,20.00
ORD-001147,2025-02-24,P003,Linen Tote Bag,1,16.20
ORD-001147,2025-02-24,P015,Soy Wax Candle Set,1,30.60
ORD-001147,2025-02-24,P025,Resistance Bands,1,12.60
ORD-001147,2025-02-24,P033,Wool Blanket,1,79.00
ORD-001148,2025-02-24,P018,Fountain Pen,2,38.00
ORD-001149,2025-02-24,P001,Ceramic Mug,1,12.00
ORD-001150,2025-02-24,P002,Travel Tumbler,4,24.00
ORD-001150,2025-02-24,P010,Steel Water Bottle,3,18.00
ORD-001151,2025-02-24,P002,Travel Tumbler,1,24.00
ORD-001152,2025-02-24,P003,Linen Tote Bag,3,18.00
ORD-001153,2025-02-24,P001,Ceramic Mug,1,12.00
ORD-001153,2025-02-24,P003,Linen Tote Bag,2,19.80
ORD-001153,2025-02-24,P008,Running Socks,1,11.00
ORD-001154,2025-02-24,P001,Ceramic Mug,3,12.00
ORD-001154,2025-02-24,P002,Travel Tumbler,1,24.00
ORD-001155,2025-02-25,P001,Ceramic Mug,1,12.00
ORD-001156,2025-02-25,P031,Framed Print,3,64.00
ORD-001157,2025-02-25,P002,Travel Tumbler,1,24.00
ORD-001158,2025-02-25,P032,Throw Pillow,2,27.00
ORD-001159,2025-02-25,P006,Cotton T-Shirt,4,27.50
ORD-001159,2025-02-25,P014,Scented Candle,1,16.00
ORD-001159,2025-02-25,P024,Yoga Mat,3,36.00
ORD-001159,2025-02-25,P028,Olive Oil 500ml,1,21.00
ORD-001160,2025-02-25,P001,Ceramic Mug,3,12.00
ORD-001160,2025-02-25,P002,Travel Tumbler,1,24.00
ORD-001160,2025-02-25,P005,Wool Beanie,2,24.20
ORD-001161,2025-02-25,P001,Ceramic Mug,1,13.20
ORD-001161,2025-02-25,P003,Linen Tote Bag,1,18.00
ORD-001161,2025-02-25,P004,Canvas Backpack,1,64.90
ORD-001161,2025-02-25,P012,Chef Knife,1,74.00
ORD-001162,2025-02-25,P036,Gift Card Holder,2,6.30
ORD-001163,2025-02-25,P001,Ceramic Mug,4,12.00
ORD-001163,2025-02-25,P024,Yoga Mat,1,36.00
ORD-001163,2025-02-25,P027,Coffee Beans 1kg,1,28.00
ORD-001164,2025-02-25,P001,Ceramic Mug,1,13.20
ORD-001165,2025-02-25,P004,Canvas Backpack,2,59.00
ORD-001166,2025-02-25,P001,Ceramic Mug,2,12.00
ORD-001167,2025-02-25,P004,Canvas Backpack,1,59.00
ORD-001167,2025-02-25,P009,Leather Wallet,1,45.00
ORD-001168,2025-02-25,P033,Wool Blanket,1,71.10
ORD-001169,2025-02-25,P015,Soy Wax Candle Set,2,37.40
ORD-001170,2025-02-25,P002,Travel Tumbler,1,26.40
ORD-001171,2025-02-25,P002,Travel Tumbler,2,24.00
ORD-001172,2025-02-25,P001,Ceramic Mug,2,12.00
ORD-001172,2025-02-25,P007,Denim Jacket,1,89.00
ORD-001172,2025-02-25,P011,Bamboo Cutting Board,1,28.80
ORD-001173,2025-02-25,P001,Ceramic Mug,1,12.00
ORD-001173,2025-02-25,P002,Travel Tumbler,2,24.00
ORD-001173,2025-02-25,P010,Steel Water Bottle,1,20.00
ORD-001173,2025-02-25,P018,Fountain Pen,1,38.00
ORD-001174,2025-02-25,P035,Umbrella,2,28.60
ORD-001175,2025-02-25,P029,Hot Sauce Trio,2,23.00
ORD-001176,2025-02-25,P003,Linen Tote Bag,1,18.00
ORD-001177,2025-02-25,P012,Chef Knife,2,74.00
ORD-001178,2025-02-26,P001,Ceramic Mug,1,12.00
ORD-001178,2025-02-26,P014,Scented Candle,5,16.00
ORD-001179,2025-02-26,P011,Bamboo Cutting Board,3,28.80
ORD-001180,2025-02-26,P001,Ceramic Mug,2,13.20
ORD-001181,2025-02-26,P008,Running Socks,1,12.10
ORD-001182,2025-02-26,P001,Ceramic Mug,1,12.00
ORD-001182,2025-02-26,P020,Laptop Stand,3,42.00
ORD-001183,2025-02-26,P007,Denim Jacket,2,89.00
ORD-001184,2025-02-26,P005,Wool Beanie,4,22.00
ORD-001185,2025-02-26,P001,Ceramic Mug,5,12.00
ORD-001186,2025-02-26,P001,Ceramic Mug,1,12.00
ORD-001187,2025-02-26,P014,Scented Candle,1,14.40
ORD-001188,2025-02-26,P001,Ceramic Mug,1,10.80
ORD-001189,2025-02-26,P002,Travel Tumbler,3,26.40
ORD-001190,2025-02-26,P002,Travel Tumbler,1,24.00
ORD-001191,2025-02-26,P001,Ceramic Mug,1,12.00
ORD-001192,2025-02-26,P028,Olive Oil 500ml,1,23.10
ORD-001193,2025-02-26,P001,Ceramic Mug,1,13.20
ORD-001193,2025-02-26,P006,Cotton T-Shirt,2,22.50
ORD-001194,2025-02-27,P001,Ceramic Mug,2,13.20
ORD-001195,2025-02-27,P002,Travel Tumbler,1,24.00
ORD-001195,2025-02-27,P012,Chef Knife,5,74.00
ORD-001196,2025-02-27,P014,Scented Candle,2,17.60
ORD-001197,2025-02-27,P018,Fountain Pen,1,38.00
ORD-001198,2025-02-27,P001,Ceramic Mug,4,12.00
ORD-001198,2025-02-27,P030,Wall Calendar,3,13.00
ORD-001199,2025-02-27,P006,Cotton T-Shirt,1,27.50
ORD-001200,2025-02-27,P011,Bamboo Cutting Board,1,32.00
ORD-001200,2025-02-27,P013,Cast Iron Pan,2,56.00
ORD-001201,2025-02-27,P002,Travel Tumbler,1,24.00
ORD-001201,2025-02-27,P004,Canvas Backpack,1,59.00
ORD-001201,2025-02-27,P013,Cast Iron Pan,1,61.60
ORD-001202,2025-02-27,P004,Canvas Backpack,1,64.90
ORD-001202,2025-02-27,P005,Wool Beanie,3,22.00
ORD-001202,2025-02-27,P026,Herbal Tea Sampler,2,19.00
ORD-001203,2025-02-27,P028,Olive Oil 500ml,2,18.90
ORD-001204,2025-02-27,P001,Ceramic Mug,1,12.00
ORD-001204,2025-02-27,P023,Bluetooth Speaker,1,75.90
ORD-001205,2025-02-27,P027,Coffee Beans 1kg,1,28.00
ORD-001206,2025-02-27,P001,Ceramic Mug,5,12.00
ORD-001207,2025-02-27,P005,Wool Beanie,2,22.00
ORD-001208,2025-02-27,P018,Fountain Pen,1,34.20
ORD-001209,2025-02-27,P002,Travel Tumbler,1,24.00
ORD-001210,2025-02-27,P013,Cast Iron Pan,1,56.00
ORD-001211,2025-02-28,P004,Canvas Backpack,2,59.00
ORD-001211,2025-02-28,P028,Olive Oil 500ml,2,21.00
ORD-001212,2025-02-28,P006,Cotton T-Shirt,1,25.00
ORD-001213,2025-02-28,P009,Leather Wallet,3,45.00
ORD-001214,2025-02-28,P001,Ceramic Mug,1,12.00
ORD-001215,2025-02-28,P007,Denim Jacket,3,97.90
ORD-001215,2025-02-28,P016,Desk Lamp,3,49.00
ORD-001216,2025-02-28,P002,Travel Tumbler,3,24.00
ORD-001217,2025-02-28,P001,Ceramic Mug,1,12.00
ORD-001217,2025-02-28,P006,Cotton T-Shirt,1,25.00
ORD-001218,2025-02-28,P001,Ceramic Mug,2,12.00
ORD-001219,2025-02-28,P003,Linen Tote Bag,2,18.00
ORD-001220,2025-02-28,P003,Linen Tote Bag,2,18.00
ORD-001221,2025-02-28,P014,Scented Candle,1,16.00
ORD-001222,2025-02-28,P003,Linen Tote Bag,1,18.00
ORD-001223,2025-02-28,P004,Canvas Backpack,1,59.00
ORD-001223,2025-02-28,P005,Wool Beanie,4,22.00
ORD-001224,2025-02-28,P001,Ceramic Mug,1,12.00
ORD-001225,2025-02-28,P003,Linen Tote Bag,1,18.00
ORD-001225,2025-02-28,P008,Running Socks,1,11.00
ORD-001225,2025-02-28,P035,Umbrella,1,26.00
ORD-001226,2025-02-28,P001,Ceramic Mug,1,12.00
ORD-001227,2025-02-28,P006,Cotton T-Shirt,2,25.00
ORD-001228,2025-02-28,P004,Canvas Backpack,2,59.00
ORD-001229,2025-02-28,P001,Ceramic Mug,1,12.00
ORD-001229,2025-02-28,P003,Linen Tote Bag,1,18.00
ORD-001229,2025-02-28,P005,Wool Beanie,2,22.00
ORD-001230,2025-02-28,P003,Linen Tote Bag,3,18.00
ORD-001231,2025-02-28,P020,Laptop Stand,3,42.00
ORD-001232,2025-02-28,P001,Ceramic Mug,3,10.80
ORD-001232,2025-02-28,P005,Wool Beanie,3,22.00
ORD-001233,2025-02-28,P001,Ceramic Mug,1,10.80
ORD-001234,2025-02-28,P001,Ceramic Mug,1,12.00
ORD-001234,2025-02-28,P014,Scented Candle,1,16.00
ORD-001235,2025-02-28,P001,Ceramic Mug,4,10.80
ORD-001236,2025-02-28,P001,Ceramic Mug,2,12.00
ORD-001236,2025-02-28,P002,Travel Tumbler,2,24.00
ORD-001236,2025-02-28,P004,Canvas Backpack,4,53.10
ORD-001236,2025-02-28,P028,Olive Oil 500ml,1,21.00
ORD-001237,2025-03-01,P010,Steel Water Bottle,1,20.00
ORD-001238,2025-03-01,P034,Sunglasses,1,46.00
ORD-001239,2025-03-01,P001,Ceramic Mug,1,12.00
ORD-001240,2025-03-01,P001,Ceramic Mug,2,10.80
ORD-001240,2025-03-01,P013,Cast Iron Pan,1,50.40
ORD-001241,2025-03-01,P004,Canvas Backpack,1,59.00
ORD-001242,2025-03-01,P001,Ceramic Mug,1,12.00
ORD-001242,2025-03-01,P011,Bamboo Cutting Board,2,28.80
ORD-001243,2025-03-01,P001,Ceramic Mug,1,12.00
ORD-001244,2025-03-01,P013,Cast Iron Pan,1,56.00
ORD-001244,2025-03-01,P035,Umbrella,1,26.00
ORD-001245,2025-03-01,P009,Leather Wallet,1,40.50
ORD-001246,2025-03-01,P029,Hot Sauce Trio,1,23.00
ORD-001247,2025-03-01,P010,Steel Water Bottle,3,20.00
ORD-001247,2025-03-01,P014,Scented Candle,1,17.60
ORD-001248,2025-03-01,P001,Ceramic Mug,1,13.20
ORD-001248,2025-03-01,P003,Linen Tote Bag,2,18.00
ORD-001248,2025-03-01,P026,Herbal Tea Sampler,1,17.10
ORD-001249,2025-03-01,P032,Throw Pillow,2,27.00
ORD-001249,2025-03-01,P035,Umbrella,2,26.00
ORD-001250,2025-03-01,P013,Cast Iron Pan,1,56.00
ORD-001251,2025-03-01,P001,Ceramic Mug,1,13.20
ORD-001251,2025-03-01,P005,Wool Beanie,2,19.80
ORD-001251,2025-03-01,P032,Throw Pillow,1,27.00
ORD-001252,2025-03-01,P001,Ceramic Mug,2,12.00
ORD-001253,2025-03-01,P004,Canvas Backpack,1,64.90
ORD-001254,2025-03-01,P002,Travel Tumbler,1,21.60
ORD-001255,2025-03-01,P006,Cotton T-Shirt,1,25.00
ORD-001255,2025-03-01,P010,Steel Water Bottle,4,18.00
ORD-001256,2025-03-01,P014,Scented Candle,2,16.00
ORD-001257,2025-03-01,P021,USB-C Cable,1,10.00
ORD-001258,2025-03-01,P001,Ceramic Mug,2,13.20
ORD-001258,2025-03-01,P035,Umbrella,1,26.00
ORD-001259,2025-03-01,P012,Chef Knife,4,66.60
ORD-001260,2025-03-01,P001,Ceramic Mug,2,12.00
ORD-001261,2025-03-01,P001,Ceramic Mug,1,13.20
ORD-001261,2025-03-01,P003,Linen Tote Bag,1,18.00
ORD-001261,2025-03-01,P025,Resistance Bands,1,14.00
ORD-001262,2025-03-01,P033,Wool Blanket,2,79.00
ORD-001263,2025-03-01,P002,Travel Tumbler,4,24.00
ORD-001263,2025-03-01,P010,Steel Water Bottle,1,20.00
ORD-001264,2025-03-01,P001,Ceramic Mug,1,13.20
ORD-001264,2025-03-01,P012,Chef Knife,1,74.00
ORD-001264,2025-03-01,P014,Scented Candle,2,16.00
ORD-001265,2025-03-02,P002,Travel Tumbler,1,24.00
ORD-001266,2025-03-02,P014,Scented Candle,4,16.00
ORD-001267,2025-03-02,P001,Ceramic Mug,1,12.00
ORD-001268,2025-03-02,P001,Ceramic Mug,1,12.00
ORD-001269,2025-03-02,P003,Linen Tote Bag,1,18.00
ORD-001269,2025-03-02,P007,Denim Jacket,1,89.00
ORD-001270,2025-03-02,P001,Ceramic Mug,2,12.00
ORD-001270,2025-03-02,P005,Wool Beanie,1,22.00
ORD-001270,2025-03-02,P020,Laptop Stand,2,42.00
ORD-001271,2025-03-02,P001,Ceramic Mug,3,13.20
ORD-001272,2025-03-02,P001,Ceramic Mug,3,12.00
ORD-001272,2025-03-02,P002,Travel Tumbler,3,24.00
ORD-001272,2025-03-02,P035,Umbrella,1,26.00
ORD-001273,2025-03-02,P005,Wool Beanie,1,22.00
ORD-001273,2025-03-02,P007,Denim Jacket,1,97.90
ORD-001274,2025-03-02,P007,Denim Jacket,2,80.10
ORD-001275,2025-03-02,P001,Ceramic Mug,5,12.00
ORD-001276,2025-03-02,P001,Ceramic Mug,1,10.80
ORD-001277,2025-03-02,P019,Wireless Mouse,1,29.00
ORD-001278,2025-03-02,P001,Ceramic Mug,1,10.80
ORD-001278,2025-03-02,P003,Linen Tote Bag,4,18.00
ORD-001279,2025-03-02,P001,Ceramic Mug,1,13.20
ORD-001279,2025-03-02,P005,Wool Beanie,1,22.00
ORD-001280,2025-03-02,P001,Ceramic Mug,1,12.00
ORD-001281,2025-03-02,P003,Linen Tote Bag,2,18.00
ORD-001282,2025-03-02,P008,Running Socks,1,9.90
ORD-001283,2025-03-02,P003,Linen Tote Bag,3,18.00
ORD-001283,2025-03-02,P004,Canvas Backpack,1,59.00
ORD-001283,2025-03-02,P009,Leather Wallet,1,45.00
ORD-001284,2025-03-02,P002,Travel Tumbler,1,24.00
ORD-001285,2025-03-02,P001,Ceramic Mug,2,12.00
ORD-001285,2025-03-02,P006,Cotton T-Shirt,3,22.50
ORD-001285,2025-03-02,P031,Framed Print,2,64.00
ORD-001286,2025-03-02,P004,Canvas Backpack,1,53.10
ORD-001287,2025-03-02,P002,Travel Tumbler,2,24.00
ORD-001287,2025-03-02,P004,Canvas Backpack,1,64.90
ORD-001287,2025-03-02,P028,Olive Oil 500ml,1,21.00
ORD-001288,2025-03-02,P002,Travel Tumbler,1,24.00
ORD-001289,2025-03-02,P001,Ceramic Mug,2,10.80
ORD-001289,2025-03-02,P004,Canvas Backpack,1,59.00
ORD-001289,2025-03-02,P006,Cotton T-Shirt,1,25.00
ORD-001289,2025-03-02,P008,Running Socks,1,12.10
ORD-001290,2025-03-02,P017,Notebook A5,4,9.00
ORD-001291,2025-03-02,P005,Wool Beanie,2,22.00
ORD-001292,2025-03-02,P001,Ceramic Mug,3,13.20
ORD-001292,2025-03-02,P009,Leather Wallet,2,45.00
ORD-001292,2025-03-02,P020,Laptop Stand,2,42.00
ORD-001292,2025-03-02,P029,Hot Sauce Trio,1,20.70
ORD-001293,2025-03-02,P001,Ceramic Mug,1,13.20
ORD-001293,2025-03-02,P013,Cast Iron Pan,2,50.40
ORD-001294,2025-03-02,P001,Ceramic Mug,1,12.00
ORD-001294,2025-03-02,P007,Denim Jacket,2,89.00
ORD-001294,2025-03-02,P021,USB-C Cable,4,10.00
ORD-001295,2025-03-02,P001,Ceramic Mug,1,12.00
ORD-001295,2025-03-02,P006,Cotton T-Shirt,1,25.00
ORD-001296,2025-03-02,P015,Soy Wax Candle Set,1,37.40
ORD-001297,2025-03-02,P001,Ceramic Mug,1,12.00
ORD-001298,2025-03-02,P017,Notebook A5,2,9.00
ORD-001299,2025-03-03,P003,Linen Tote Bag,5,18.00
ORD-001300,2025-03-03,P008,Running Socks,1,11.00
ORD-001300,2025-03-03,P019,Wireless Mouse,3,29.00
ORD-001301,2025-03-03,P003,Linen Tote Bag,1,16.20
ORD-001302,2025-03-03,P005,Wool Beanie,1,19.80
ORD-001303,2025-03-03,P001,Ceramic Mug,1,12.00
ORD-001304,2025-03-03,P001,Ceramic Mug,1,12.00
ORD-001304,2025-03-03,P002,Travel Tumbler,2,24.00
ORD-001305,2025-03-03,P001,Ceramic Mug,2,12.00
ORD-001305,2025-03-03,P003,Linen Tote Bag,1,18.00
ORD-001305,2025-03-03,P004,Canvas Backpack,1,59.00
ORD-001305,2025-03-03,P009,Leather Wallet,1,40.50
ORD-001306,2025-03-03,P001,Ceramic Mug,2,12.00
ORD-001306,2025-03-03,P004,Canvas Backpack,1,53.10
ORD-001307,2025-03-03,P001,Ceramic Mug,4,12.00
ORD-001307,2025-03-03,P009,Leather Wallet,1,49.50
ORD-001307,2025-03-03,P019,Wireless Mouse,1,26.10
ORD-001308,2025-03-03,P008,Running Socks,1,11.00
ORD-001309,2025-03-03,P001,Ceramic Mug,4,12.00
ORD-001310,2025-03-03,P007,Denim Jacket,1,80.10
ORD-001311,2025-03-03,P007,Denim Jacket,2,89.00
ORD-001312,2025-03-03,P001,Ceramic Mug,1,10.80
ORD-001312,2025-03-03,P002,Travel Tumbler,2,21.60
ORD-001312,2025-03-03,P018,Fountain Pen,1,34.20
ORD-001313,2025-03-03,P001,Ceramic Mug,2,12.00
ORD-001314,2025-03-03,P016,Desk Lamp,1,44.10
ORD-001315,2025-03-03,P004,Canvas Backpack,1,59.00
ORD-001316,2025-03-03,P002,Travel Tumbler,2,26.40
ORD-001317,2025-03-03,P007,Denim Jacket,4,80.10
ORD-001317,2025-03-03,P008,Running Socks,1,9.90
ORD-001317,2025-03-03,P025,Resistance Bands,1,12.60
ORD-001318,2025-03-03,P001,Ceramic Mug,1,12.00
ORD-001318,2025-03-03,P005,Wool Beanie,1,22.00
ORD-001319,2025-03-03,P010,Steel Water Bottle,1,20.00
ORD-001319,2025-03-03,P021,USB-C Cable,1,10.00
ORD-001320,2025-03-03,P005,Wool Beanie,1,24.20
ORD-001321,2025-03-03,P003,Linen Tote Bag,1,18.00
ORD-001322,2025-03-03,P009,Leather Wallet,1,45.00
ORD-001323,2025-03-03,P024,Yoga Mat,1,32.40
ORD-001324,2025-03-03,P001,Ceramic Mug,3,10.80
ORD-001325,2025-03-04,P005,Wool Beanie,1,22.00
ORD-001326,2025-03-04,P001,Ceramic Mug,1,12.00
ORD-001326,2025-03-04,P023,Bluetooth Speaker,1,69.00
ORD-001327,2025-03-04,P001,Ceramic Mug,2,10.80
ORD-001327,2025-03-04,P005,Wool Beanie,1,22.00
ORD-001327,2025-03-04,P010,Steel Water Bottle,1,18.00
ORD-001328,2025-03-04,P002,Travel Tumbler,2,24.00
ORD-001329,2025-03-04,P001,Ceramic Mug,1,12.00
ORD-001330,2025-03-04,P001,Ceramic Mug,1,13.20
ORD-001330,2025-03-04,P002,Travel Tumbler,2,24.00
ORD-001330,2025-03-04,P003,Linen Tote Bag,1,18.00
ORD-001331,2025-03-04,P002,Travel Tumbler,2,24.00
ORD-001331,2025-03-04,P004,Canvas Backpack,1,64.90
ORD-001331,2025-03-04,P010,Steel Water Bottle,1,22.00
ORD-001332,2025-03-04,P001,Ceramic Mug,1,12.00
ORD-001333,2025-03-04,P002,Travel Tumbler,1,24.00
ORD-001333,2025-03-04,P007,Denim Jacket,1,89.00
ORD-001334,2025-03-04,P006,Cotton T-Shirt,1,27.50
ORD-001335,2025-03-04,P026,Herbal Tea Sampler,1,19.00
ORD-001336,2025-03-04,P003,Linen Tote Bag,2,18.00
ORD-001337,2025-03-04,P007,Denim Jacket,1,89.00
ORD-001338,2025-03-04,P007,Denim Jacket,2,89.00
ORD-001339,2025-03-04,P001,Ceramic Mug,1,10.80
ORD-001340,2025-03-04,P001,Ceramic Mug,2,13.20
ORD-001340,2025-03-04,P007,Denim Jacket,1,97.90
ORD-001341,2025-03-04,P029,Hot Sauce Trio,1,23.00
ORD-001342,2025-03-04,P021,USB-C Cable,1,11.00
ORD-001343,2025-03-04,P012,Chef Knife,1,74.00
ORD-001344,2025-03-04,P004,Canvas Backpack,3,59.00
ORD-001345,2025-03-05,P001,Ceramic Mug,1,12.00
ORD-001346,2025-03-05,P013,Cast Iron Pan,2,50.40
ORD-001347,2025-03-05,P003,Linen Tote Bag,2,18.00
ORD-001348,2025-03-05,P002,Travel Tumbler,3,24.00
ORD-001348,2025-03-05,P003,Linen Tote Bag,1,18.00
ORD-001348,2025-03-05,P021,USB-C Cable,1,10.00
ORD-001349,2025-03-05,P003,Linen Tote Bag,1,18.00
ORD-001350,2025-03-05,P002,Travel Tumbler,1,26.40
ORD-001350,2025-03-05,P009,Leather Wallet,2,45.00
ORD-001350,2025-03-05,P010,Steel Water Bottle,5,18.00
ORD-001351,2025-03-05,P015,Soy Wax Candle Set,1,34.00
ORD-001352,2025-03-05,P001,Ceramic Mug,2,12.00
ORD-001352,2025-03-05,P020,Laptop Stand,1,42.00
ORD-001353,2025-03-05,P013,Cast Iron Pan,2,56.00
ORD-001354,2025-03-05,P002,Travel Tumbler,3,24.00
ORD-001355,2025-03-05,P001,Ceramic Mug,1,10.80
ORD-001355,2025-03-05,P005,Wool Beanie,1,24.20
ORD-001355,2025-03-05,P010,Steel Water Bottle,1,20.00
ORD-001355,2025-03-05,P016,Desk Lamp,1,49.00
ORD-001356,2025-03-05,P010,Steel Water Bottle,2,20.00
ORD-001356,2025-03-05,P013,Cast Iron Pan,1,50.40
ORD-001357,2025-03-05,P003,Linen Tote Bag,1,18.00
ORD-001357,2025-03-05,P009,Leather Wallet,1,45.00
ORD-001358,2025-03-05,P001,Ceramic Mug,1,12.00
ORD-001359,2025-03-05,P012,Chef Knife,1,81.40
ORD-001360,2025-03-05,P002,Travel Tumbler,1,24.00
ORD-001360,2025-03-05,P007,Denim Jacket,1,97.90
ORD-001361,2025-03-05,P001,Ceramic Mug,1,12.00
ORD-001361,2025-03-05,P006,Cotton T-Shirt,1,25.00
ORD-001362,2025-03-06,P011,Bamboo Cutting Board,2,35.20
ORD-001363,2025-03-06,P006,Cotton T-Shirt,2,22.50
ORD-001364,2025-03-06,P008,Running Socks,3,11.00
ORD-001365,2025-03-06,P001,Ceramic Mug,2,12.00
ORD-001365,2025-03-06,P009,Leather Wallet,1,45.00
ORD-001365,2025-03-06,P025,Resistance Bands,2,14.00
ORD-001365,2025-03-06,P031,Framed Print,1,64.00
ORD-001366,2025-03-06,P001,Ceramic Mug,1,12.00
ORD-001367,2025-03-06,P002,Travel Tumbler,3,24.00
ORD-001368,2025-03-06,P004,Canvas Backpack,1,59.00
ORD-001369,2025-03-06,P001,Ceramic Mug,3,12.00
ORD-001370,2025-03-06,P010,Steel Water Bottle,1,20.00
ORD-001371,2025-03-06,P001,Ceramic Mug,4,12.00
ORD-001372,2025-03-06,P022,Phone Case,4,15.00
ORD-001373,2025-03-06,P009,Leather Wallet,1,40.50
ORD-001374,2025-03-06,P004,Canvas Backpack,4,53.10
ORD-001375,2025-03-06,P005,Wool Beanie,1,22.00
ORD-001376,2025-03-06,P002,Travel Tumbler,1,24.00
ORD-001377,2025-03-06,P001,Ceramic Mug,1,12.00
ORD-001377,2025-03-06,P003,Linen Tote Bag,3,16.20
ORD-001377,2025-03-06,P019,Wireless Mouse,4,29.00
ORD-001377,2025-03-06,P034,Sunglasses,1,50.60
ORD-001378,2025-03-06,P013,Cast Iron Pan,1,61.60
ORD-001379,2025-03-06,P003,Linen Tote Bag,3,19.80
ORD-001379,2025-03-06,P004,Canvas Backpack,2,59.00
ORD-001380,2025-03-07,P002,Travel Tumbler,1,24.00
ORD-001381,2025-03-07,P001,Ceramic Mug,3,12.00
ORD-001382,2025-03-07,P015,Soy Wax Candle Set,4,34.00
ORD-001383,2025-03-07,P002,Travel Tumbler,3,24.00
ORD-001384,2025-03-07,P001,Ceramic Mug,3,13.20
ORD-001385,2025-03-07,P001,Ceramic Mug,1,12.00
ORD-001386,2025-03-07,P001,Ceramic Mug,1,12.00
ORD-001386,2025-03-07,P020,Laptop Stand,1,37.80
ORD-001387,2025-03-07,P002,Travel Tumbler,3,24.00
ORD-001388,2025-03-07,P036,Gift Card Holder,1,7.00
ORD-001389,2025-03-07,P001,Ceramic Mug,2,12.00
ORD-001389,2025-03-07,P004,Canvas Backpack,2,59.00
ORD-001389,2025-03-07,P020,Laptop Stand,1,42.00
ORD-001390,2025-03-07,P012,Chef Knife,1,81.40
ORD-001390,2025-03-07,P036,Gift Card Holder,1,7.00
ORD-001391,2025-03-07,P013,Cast Iron Pan,1,56.00
ORD-001392,2025-03-07,P001,Ceramic Mug,1,12.00
ORD-001393,2025-03-07,P001,Ceramic Mug,1,13.20
ORD-001394,2025-03-07,P005,Wool Beanie,2,19.80
ORD-001395,2025-03-07,P001,Ceramic Mug,1,12.00
ORD-001395,2025-03-07,P003,Linen Tote Bag,2,16.20
ORD-001395,2025-03-07,P013,Cast Iron Pan,2,56.00
ORD-001395,2025-03-07,P028,Olive Oil 500ml,4,21.00
ORD-001396,2025-03-07,P001,Ceramic Mug,1,12.00
ORD-001397,2025-03-07,P002,Travel Tumbler,4,24.00
ORD-001398,2025-03-07,P001,Ceramic Mug,1,10.80
ORD-001399,2025-03-07,P001,Ceramic Mug,2,12.00
ORD-001400,2025-03-07,P001,Ceramic Mug,1,12.00
ORD-001401,2025-03-07,P001,Ceramic Mug,1,12.00
ORD-001402,2025-03-07,P001,Ceramic Mug,4,12.00
ORD-001403,2025-03-07,P001,Ceramic Mug,1,12.00
ORD-001403,2025-03-07,P005,Wool Beanie,1,22.00
ORD-001403,2025-03-07,P006,Cotton T-Shirt,1,25.00
ORD-001404,2025-03-07,P032,Throw Pillow,2,27.00
ORD-001405,2025-03-08,P001,Ceramic Mug,1,12.00
ORD-001405,2025-03-08,P002,Travel Tumbler,1,24.00
ORD-001406,2025-03-08,P004,Canvas Backpack,4,59.00
ORD-001407,2025-03-08,P005,Wool Beanie,1,22.00
ORD-001408,2025-03-08,P002,Travel Tumbler,1,21.60
ORD-001408,2025-03-08,P003,Linen Tote Bag,5,16.20
ORD-001409,2025-03-08,P002,Travel Tumbler,1,24.00
ORD-001410,2025-03-08,P001,Ceramic Mug,1,12.00
ORD-001411,2025-03-08,P001,Ceramic Mug,3,12.00
ORD-001411,2025-03-08,P003,Linen Tote Bag,2,18.00
ORD-001411,2025-03-08,P036,Gift Card Holder,1,7.00
ORD-001412,2025-03-08,P006,Cotton T-Shirt,1,25.00
ORD-001413,2025-03-08,P004,Canvas Backpack,1,64.90
ORD-001414,2025-03-08,P001,Ceramic Mug,1,12.00
ORD-001415,2025-03-08,P002,Travel Tumbler,2,21.60
ORD-001416,2025-03-08,P016,Desk Lamp,1,53.90
ORD-001417,2025-03-08,P001,Ceramic Mug,1,12.00
ORD-001418,2025-03-08,P003,Linen Tote Bag,1,18.00
ORD-001418,2025-03-08,P032,Throw Pillow,1,27.00
ORD-001419,2025-03-08,P030,Wall Calendar,3,11.70
ORD-001420,2025-03-08,P001,Ceramic Mug,1,12.00
ORD-001421,2025-03-08,P006,Cotton T-Shirt,1,25.00
ORD-001422,2025-03-08,P001,Ceramic Mug,2,13.20
ORD-001422,2025-03-08,P023,Bluetooth Speaker,1,62.10
ORD-001423,2025-03-08,P002,Travel Tumbler,1,24.00
ORD-001423,2025-03-08,P007,Denim Jacket,5,97.90
ORD-001424,2025-03-08,P007,Denim Jacket,3,89.00
ORD-001425,2025-03-08,P001,Ceramic Mug,4,12.00
ORD-001425,2025-03-08,P004,Canvas Backpack,1,53.10
ORD-001426,2025-03-08,P004,Canvas Backpack,4,59.00
ORD-001427,2025-03-08,P014,Scented Candle,1,16.00
ORD-001428,2025-03-08,P004,Canvas Backpack,1,59.00
ORD-001429,2025-03-08,P001,Ceramic Mug,1,13.20
ORD-001430,2025-03-08,P001,Ceramic Mug,1,12.00
ORD-001430,2025-03-08,P002,Travel Tumbler,1,24.00
ORD-001430,2025-03-08,P005,Wool Beanie,1,22.00
ORD-001431,2025-03-08,P009,Leather Wallet,3,49.50
ORD-001431,2025-03-08,P011,Bamboo Cutting Board,3,28.80
ORD-001432,2025-03-08,P001,Ceramic Mug,1,12.00
ORD-001433,2025-03-08,P004,Canvas Backpack,2,59.00
ORD-001434,2025-03-09,P001,Ceramic Mug,1,10.80
ORD-001434,2025-03-09,P003,Linen Tote Bag,1,18.00
ORD-001435,2025-03-09,P003,Linen Tote Bag,1,16.20
ORD-001435,2025-03-09,P009,Leather Wallet,1,45.00
ORD-001436,2025-03-09,P008,Running Socks,5,11.00
ORD-001437,2025-03-09,P002,Travel Tumbler,3,21.60
ORD-001438,2025-03-09,P007,Denim Jacket,1,89.00
ORD-001439,2025-03-09,P003,Linen Tote Bag,1,16.20
ORD-001439,2025-03-09,P026,Herbal Tea Sampler,1,19.00
ORD-001440,2025-03-09,P001,Ceramic Mug,2,12.00
ORD-001441,2025-03-09,P010,Steel Water Bottle,2,22.00
ORD-001442,2025-03-09,P009,Leather Wallet,1,40.50
ORD-001443,2025-03-09,P024,Yoga Mat,1,36.00
ORD-001443,2025-03-09,P026,Herbal Tea Sampler,1,17.10
ORD-001443,2025-03-09,P036,Gift Card Holder,3,6.30
ORD-001444,2025-03-09,P012,Chef Knife,1,74.00
ORD-001445,2025-03-09,P036,Gift Card Holder,4,6.30
ORD-001446,2025-03-09,P001,Ceramic Mug,1,12.00
ORD-001447,2025-03-09,P018,Fountain Pen,1,38.00
ORD-001448,2025-03-09,P026,Herbal Tea Sampler,1,17.10
ORD-001449,2025-03-09,P003,Linen Tote Bag,1,18.00
ORD-001449,2025-03-09,P010,Steel Water Bottle,1,22.00
ORD-001450,2025-03-09,P001,Ceramic Mug,2,10.80
ORD-001450,2025-03-09,P021,USB-C Cable,2,10.00
ORD-001450,2025-03-09,P034,Sunglasses,1,46.00
ORD-001451,2025-03-09,P004,Canvas Backpack,3,64.90
ORD-001451,2025-03-09,P026,Herbal Tea Sampler,1,19.00
ORD-001452,2025-03-09,P012,Chef Knife,1,74.00
ORD-001453,2025-03-09,P001,Ceramic Mug,3,12.00
ORD-001453,2025-03-09,P004,Canvas Backpack,1,59.00
ORD-001453,2025-03-09,P019,Wireless Mouse,2,29.00
ORD-001454,2025-03-09,P004,Canvas Backpack,1,59.00
ORD-001454,2025-03-09,P013,Cast Iron Pan,1,50.40
ORD-001454,2025-03-09,P034,Sunglasses,1,46.00
ORD-001455,2025-03-09,P003,Linen Tote Bag,3,18.00
ORD-001456,2025-03-09,P002,Travel Tumbler,1,26.40
ORD-001457,2025-03-09,P001,Ceramic Mug,2,10.80
ORD-001457,2025-03-09,P004,Canvas Backpack,1,53.10
ORD-001458,2025-03-09,P005,Wool Beanie,1,22.00
ORD-001459,2025-03-09,P001,Ceramic Mug,2,12.00
ORD-001460,2025-03-09,P019,Wireless Mouse,2,31.90
ORD-001461,2025-03-09,P004,Canvas Backpack,1,59.00
ORD-001462,2025-03-09,P028,Olive Oil 500ml,3,23.10
ORD-001463,2025-03-09,P027,Coffee Beans 1kg,2,28.00
ORD-001463,2025-03-09,P029,Hot Sauce Trio,1,23.00
ORD-001464,2025-03-09,P001,Ceramic Mug,1,12.00
ORD-001464,2025-03-09,P022,Phone Case,1,15.00
ORD-001465,2025-03-09,P001,Ceramic Mug,2,12.00
ORD-001466,2025-03-09,P002,Travel Tumbler,1,26.40
ORD-001467,2025-03-09,P002,Travel Tumbler,1,24.00
ORD-001467,2025-03-09,P019,Wireless Mouse,3,29.00
ORD-001468,2025-03-09,P001,Ceramic Mug,1,12.00
ORD-001468,2025-03-09,P011,Bamboo Cutting Board,2,32.00
ORD-001468,2025-03-09,P026,Herbal Tea Sampler,1,20.90
ORD-001469,2025-03-10,P021,USB-C Cable,1,10.00
ORD-001470,2025-03-10,P001,Ceramic Mug,1,12.00
ORD-001470,2025-03-10,P005,Wool Beanie,2,22.00
ORD-001471,2025-03-10,P009,Leather Wallet,1,45.00
ORD-001472,2025-03-10,P007,Denim Jacket,1,89.00
ORD-001473,2025-03-10,P019,Wireless Mouse,1,29.00
ORD-001474,2025-03-10,P004,Canvas Backpack,2,59.00
ORD-001474,2025-03-10,P018,Fountain Pen,2,38.00
ORD-001475,2025-03-10,P021,USB-C Cable,3,10.00
ORD-001475,2025-03-10,P035,Umbrella,2,26.00
ORD-001476,2025-03-10,P001,Ceramic Mug,2,13.20
ORD-001476,2025-03-10,P007,Denim Jacket,1,89.00
ORD-001476,2025-03-10,P036,Gift Card Holder,1,7.00
ORD-001477,2025-03-10,P003,Linen Tote Bag,4,18.00
ORD-001478,2025-03-10,P001,Ceramic Mug,1,12.00
ORD-001478,2025-03-10,P002,Travel Tumbler,1,24.00
ORD-001478,2025-03-10,P006,Cotton T-Shirt,2,25.00
ORD-001479,2025-03-10,P002,Travel Tumbler,2,24.00
ORD-001480,2025-03-10,P001,Ceramic Mug,1,12.00
ORD-001480,2025-03-10,P004,Canvas Backpack,3,59.00
ORD-001481,2025-03-10,P007,Denim Jacket,1,80.10
ORD-001482,2025-03-10,P009,Leather Wallet,1,45.00
ORD-001483,2025-03-10,P003,Linen Tote Bag,1,18.00
ORD-001484,2025-03-10,P002,Travel Tumbler,1,24.00
ORD-001485,2025-03-10,P011,Bamboo Cutting Board,4,32.00
ORD-001485,2025-03-10,P023,Bluetooth Speaker,1,69.00
ORD-001486,2025-03-10,P001,Ceramic Mug,3,12.00
ORD-001486,2025-03-10,P028,Olive Oil 500ml,3,21.00
ORD-001487,2025-03-10,P018,Fountain Pen,3,34.20
ORD-001488,2025-03-10,P001,Ceramic Mug,1,12.00
ORD-001488,2025-03-10,P006,Cotton T-Shirt,1,25.00
ORD-001488,2025-03-10,P011,Bamboo Cutting Board,1,35.20
ORD-001489,2025-03-10,P004,Canvas Backpack,5,64.90
ORD-001490,2025-03-10,P020,Laptop Stand,2,42.00
ORD-001491,2025-03-11,P001,Ceramic Mug,1,12.00
ORD-001491,2025-03-11,P007,Denim Jacket,3,80.10
ORD-001492,2025-03-11,P014,Scented Candle,4,17.60
ORD-001493,2025-03-11,P010,Steel Water Bottle,2,22.00
ORD-001494,2025-03-11,P001,Ceramic Mug,1,12.00
ORD-001495,2025-03-11,P004,Canvas Backpack,4,53.10
ORD-001495,2025-03-11,P011,Bamboo Cutting Board,1,32.00
ORD-001496,2025-03-11,P006,Cotton T-Shirt,2,25.00
ORD-001497,2025-03-11,P004,Canvas Backpack,1,53.10
ORD-001497,2025-03-11,P005,Wool Beanie,1,19.80
ORD-001498,2025-03-11,P011,Bamboo Cutting Board,4,35.20
ORD-001499,2025-03-11,P003,Linen Tote Bag,1,18.00
ORD-001500,2025-03-11,P009,Leather Wallet,1,45.00
ORD-001500,2025-03-11,P010,Steel Water Bottle,4,20.00
ORD-001500,2025-03-11,P024,Yoga Mat,2,39.60
ORD-001501,2025-03-11,P001,Ceramic Mug,1,10.80
ORD-001502,2025-03-11,P001,Ceramic Mug,2,10.80
ORD-001503,2025-03-11,P023,Bluetooth Speaker,1,69.00
ORD-001504,2025-03-11,P001,Ceramic Mug,3,12.00
ORD-001505,2025-03-11,P003,Linen Tote Bag,3,18.00
ORD-001506,2025-03-12,P001,Ceramic Mug,1,12.00
ORD-001507,2025-03-12,P001,Ceramic Mug,1,12.00
ORD-001507,2025-03-12,P002,Travel Tumbler,3,24.00
ORD-001507,2025-03-12,P005,Wool Beanie,1,22.00
ORD-001508,2025-03-12,P001,Ceramic Mug,1,12.00
ORD-001508,2025-03-12,P010,Steel Water Bottle,1,20.00
ORD-001509,2025-03-12,P020,Laptop Stand,1,37.80
ORD-001510,2025-03-12,P001,Ceramic Mug,1,12.00
ORD-001510,2025-03-12,P002,Travel Tumbler,1,21.60
ORD-001511,2025-03-12,P002,Travel Tumbler,2,24.00
ORD-001512,2025-03-12,P004,Canvas Backpack,1,64.90
ORD-001513,2025-03-12,P007,Denim Jacket,1,89.00
ORD-001514,2025-03-12,P005,Wool Beanie,1,22.00
ORD-001515,2025-03-12,P014,Scented Candle,2,16.00
ORD-001516,2025-03-12,P001,Ceramic Mug,1,12.00
ORD-001517,2025-03-12,P001,Ceramic Mug,1,13.20
ORD-001517,2025-03-12,P003,Linen Tote Bag,5,18.00
ORD-001518,2025-03-12,P024,Yoga Mat,1,36.00
ORD-001518,2025-03-12,P032,Throw Pillow,5,27.00
ORD-001519,2025-03-12,P011,Bamboo Cutting Board,1,32.00
ORD-001519,2025-03-12,P019,Wireless Mouse,1,26.10
ORD-001520,2025-03-12,P024,Yoga Mat,1,36.00
ORD-001521,2025-03-12,P003,Linen Tote Bag,1,16.20
ORD-001522,2025-03-12,P001,Ceramic Mug,1,12.00
ORD-001523,2025-03-12,P001,Ceramic Mug,2,10.80
ORD-001523,2025-03-12,P026,Herbal Tea Sampler,2,19.00
ORD-001524,2025-03-13,P001,Ceramic Mug,2,12.00
ORD-001525,2025-03-13,P001,Ceramic Mug,3,13.20
ORD-001526,2025-03-13,P001,Ceramic Mug,3,13.20
ORD-001526,2025-03-13,P003,Linen Tote Bag,2,18.00
ORD-001526,2025-03-13,P011,Bamboo Cutting Board,1,32.00
ORD-001527,2025-03-13,P001,Ceramic Mug,1,10.80
ORD-001528,2025-03-13,P003,Linen Tote Bag,1,18.00
ORD-001529,2025-03-13,P001,Ceramic Mug,1,13.20
ORD-001530,2025-03-13,P022,Phone Case,1,15.00
ORD-001531,2025-03-13,P006,Cotton T-Shirt,1,22.50
ORD-001532,2025-03-13,P012,Chef Knife,1,66.60
ORD-001533,2025-03-13,P003,Linen Tote Bag,1,18.00
ORD-001534,2025-03-13,P007,Denim Jacket,2,89.00
ORD-001535,2025-03-13,P002,Travel Tumbler,4,21.60
ORD-001535,2025-03-13,P006,Cotton T-Shirt,3,25.00
ORD-001536,2025-03-13,P006,Cotton T-Shirt,2,27.50
ORD-001537,2025-03-13,P001,Ceramic Mug,1,12.00
ORD-001538,2025-03-13,P001,Ceramic Mug,4,10.80
ORD-001538,2025-03-13,P010,Steel Water Bottle,4,20.00
ORD-001538,2025-03-13,P019,Wireless Mouse,1,29.00
ORD-001538,2025-03-13,P024,Yoga Mat,3,36.00
ORD-001539,2025-03-13,P003,Linen Tote Bag,2,19.80
ORD-001540,2025-03-13,P002,Travel Tumbler,1,24.00
ORD-001540,2025-03-13,P020,Laptop Stand,1,37.80
ORD-001541,2025-03-13,P006,Cotton T-Shirt,1,25.00
ORD-001542,2025-03-13,P008,Running Socks,1,11.00
ORD-001543,2025-03-14,P002,Travel Tumbler,1,24.00
ORD-001544,2025-03-14,P014,Scented Candle,1,16.00
ORD-001545,2025-03-14,P009,Leather Wallet,3,40.50
ORD-001545,2025-03-14,P019,Wireless Mouse,2,29.00
ORD-001546,2025-03-14,P001,Ceramic Mug,1,12.00
ORD-001547,2025-03-14,P001,Ceramic Mug,4,12.00
ORD-001547,2025-03-14,P003,Linen Tote Bag,2,16.20
ORD-001547,2025-03-14,P028,Olive Oil 500ml,1,18.90
ORD-001548,2025-03-14,P029,Hot Sauce Trio,2,25.30
ORD-001549,2025-03-14,P001,Ceramic Mug,1,12.00
ORD-001550,2025-03-14,P027,Coffee Beans 1kg,2,28.00
ORD-001551,2025-03-14,P006,Cotton T-Shirt,2,25.00
ORD-001551,2025-03-14,P007,Denim Jacket,4,89.00
ORD-001552,2025-03-14,P017,Notebook A5,1,9.00
ORD-001553,2025-03-14,P003,Linen Tote Bag,2,19.80
ORD-001554,2025-03-14,P001,Ceramic Mug,1,12.00
ORD-001554,2025-03-14,P003,Linen Tote Bag,1,16.20
ORD-001555,2025-03-14,P014,Scented Candle,4,14.40
ORD-001556,2025-03-14,P001,Ceramic Mug,1,12.00
ORD-001556,2025-03-14,P002,Travel Tumbler,3,24.00
ORD-001556,2025-03-14,P004,Canvas Backpack,1,64.90
ORD-001556,2025-03-14,P008,Running Socks,2,12.10
ORD-001557,2025-03-14,P005,Wool Beanie,1,19.80
ORD-001558,2025-03-14,P001,Ceramic Mug,1,12.00
ORD-001559,2025-03-14,P036,Gift Card Holder,1,7.00
ORD-001560,2025-03-14,P001,Ceramic Mug,3,12.00
ORD-001560,2025-03-14,P004,Canvas Backpack,5,59.00
ORD-001561,2025-03-14,P004,Canvas Backpack,2,59.00
ORD-001562,2025-03-14,P003,Linen Tote Bag,1,16.20
ORD-001562,2025-03-14,P013,Cast Iron Pan,2,61.60
ORD-001563,2025-03-14,P025,Resistance Bands,1,14.00
ORD-001564,2025-03-14,P001,Ceramic Mug,2,12.00
ORD-001565,2025-03-15,P002,Travel Tumbler,2,24.00
ORD-001566,2025-03-15,P001,Ceramic Mug,1,12.00
ORD-001566,2025-03-15,P003,Linen Tote Bag,1,18.00
ORD-001567,2025-03-15,P004,Canvas Backpack,1,59.00
ORD-001568,2025-03-15,P006,Cotton T-Shirt,5,25.00
ORD-001568,2025-03-15,P018,Fountain Pen,1,38.00
ORD-001569,2025-03-15,P004,Canvas Backpack,1,59.00
ORD-001570,2025-03-15,P004,Canvas Backpack,1,53.10
ORD-001570,2025-03-15,P005,Wool Beanie,1,19.80
ORD-001571,2025-03-15,P026,Herbal Tea Sampler,1,19.00
ORD-001572,2025-03-15,P001,Ceramic Mug,1,10.80
ORD-001573,2025-03-15,P005,Wool Beanie,4,22.00
ORD-001574,2025-03-15,P009,Leather Wallet,1,45.00
ORD-001575,2025-03-15,P001,Ceramic Mug,1,12.00
ORD-001576,2025-03-15,P001,Ceramic Mug,1,12.00
ORD-001576,2025-03-15,P002,Travel Tumbler,2,24.00
ORD-001577,2025-03-15,P001,Ceramic Mug,1,12.00
ORD-001577,2025-03-15,P002,Travel Tumbler,2,26.40
ORD-001577,2025-03-15,P011,Bamboo Cutting Board,1,32.00
ORD-001578,2025-03-15,P004,Canvas Backpack,3,59.00
ORD-001578,2025-03-15,P015,Soy Wax Candle Set,1,30.60
ORD-001579,2025-03-15,P001,Ceramic Mug,1,12.00
ORD-001580,2025-03-15,P001,Ceramic Mug,1,12.00
ORD-001581,2025-03-15,P002,Travel Tumbler,1,21.60
ORD-001582,2025-03-15,P026,Herbal Tea Sampler,2,19.00
ORD-001583,2025-03-15,P001,Ceramic Mug,1,13.20
ORD-001583,2025-03-15,P010,Steel Water Bottle,1,22.00
ORD-001584,2025-03-15,P002,Travel Tumbler,1,24.00
ORD-001584,2025-03-15,P016,Desk Lamp,1,49.00
ORD-001585,2025-03-15,P008,Running Socks,2,11.00
ORD-001586,2025-03-15,P001,Ceramic Mug,1,13.20
ORD-001587,2025-03-15,P005,Wool Beanie,3,22.00
ORD-001587,2025-03-15,P014,Scented Candle,2,16.00
ORD-001587,2025-03-15,P018,Fountain Pen,4,34.20
ORD-001588,2025-03-15,P001,Ceramic Mug,2,12.00
ORD-001589,2025-03-15,P003,Linen Tote Bag,3,18.00
ORD-001590,2025-03-15,P001,Ceramic Mug,1,10.80
ORD-001591,2025-03-15,P012,Chef Knife,1,74.00
ORD-001592,2025-03-15,P002,Travel Tumbler,1,24.00
ORD-001593,2025-03-15,P002,Travel Tumbler,1,24.00
ORD-001594,2025-03-15,P004,Canvas Backpack,1,59.00
ORD-001594,2025-03-15,P005,Wool Beanie,1,19.80
ORD-001595,2025-03-15,P001,Ceramic Mug,1,10.80
ORD-001595,2025-03-15,P017,Notebook A5,1,8.10
ORD-001596,2025-03-15,P003,Linen Tote Bag,1,18.00
ORD-001597,2025-03-15,P001,Ceramic Mug,1,12.00
ORD-001597,2025-03-15,P005,Wool Beanie,1,22.00
ORD-001598,2025-03-16,P001,Ceramic Mug,3,12.00
ORD-001598,2025-03-16,P019,Wireless Mouse,1,29.00
ORD-001598,2025-03-16,P024,Yoga Mat,1,32.40
ORD-001599,2025-03-16,P001,Ceramic Mug,2,12.00
ORD-001599,2025-03-16,P002,Travel Tumbler,4,24.00
ORD-001600,2025-03-16,P003,Linen Tote Bag,1,18.00
ORD-001601,2025-03-16,P002,Travel Tumbler,2,24.00
ORD-001602,2025-03-16,P001,Ceramic Mug,1,12.00
ORD-001603,2025-03-16,P001,Ceramic Mug,2,12.00
ORD-001603,2025-03-16,P006,Cotton T-Shirt,4,25.00
ORD-001604,2025-03-16,P019,Wireless Mouse,1,31.90
ORD-001605,2025-03-16,P019,Wireless Mouse,1,29.00
ORD-001606,2025-03-16,P011,Bamboo Cutting Board,2,32.00
ORD-001607,2025-03-16,P001,Ceramic Mug,1,13.20
ORD-001608,2025-03-16,P002,Travel Tumbler,2,24.00
ORD-001609,2025-03-16,P001,Ceramic Mug,2,12.00
ORD-001609,2025-03-16,P002,Travel Tumbler,2,24.00
ORD-001609,2025-03-16,P011,Bamboo Cutting Board,3,32.00
ORD-001610,2025-03-16,P004,Canvas Backpack,1,59.00
ORD-001611,2025-03-16,P010,Steel Water Bottle,1,22.00
ORD-001612,2025-03-16,P009,Leather Wallet,1,40.50
ORD-001613,2025-03-16,P001,Ceramic Mug,1,12.00
ORD-001614,2025-03-16,P001,Ceramic Mug,2,12.00
ORD-001615,2025-03-16,P003,Linen Tote Bag,1,19.80
ORD-001616,2025-03-16,P021,USB-C Cable,2,10.00
ORD-001617,2025-03-16,P034,Sunglasses,1,41.40
ORD-001618,2025-03-16,P003,Linen Tote Bag,2,19.80
ORD-001619,2025-03-16,P006,Cotton T-Shirt,1,25.00
ORD-001620,2025-03-16,P016,Desk Lamp,1,49.00
ORD-001620,2025-03-16,P021,USB-C Cable,1,10.00
ORD-001621,2025-03-16,P001,Ceramic Mug,3,10.80
ORD-001621,2025-03-16,P028,Olive Oil 500ml,1,23.10
ORD-001622,2025-03-16,P001,Ceramic Mug,1,12.00
ORD-001622,2025-03-16,P004,Canvas Backpack,1,53.10
ORD-001623,2025-03-16,P001,Ceramic Mug,1,12.00
ORD-001624,2025-03-16,P002,Travel Tumbler,1,24.00
ORD-001624,2025-03-16,P004,Canvas Backpack,1,53.10
ORD-001624,2025-03-16,P009,Leather Wallet,1,49.50
ORD-001625,2025-03-17,P002,Travel Tumbler,2,26.40
ORD-001625,2025-03-17,P008,Running Socks,1,11.00
ORD-001625,2025-03-17,P009,Leather Wallet,1,45.00
ORD-001625,2025-03-17,P012,Chef Knife,3,81.40
ORD-001626,2025-03-17,P001,Ceramic Mug,1,10.80
ORD-001627,2025-03-17,P001,Ceramic Mug,1,13.20
ORD-001628,2025-03-17,P001,Ceramic Mug,1,12.00
ORD-001629,2025-03-17,P004,Canvas Backpack,1,59.00
ORD-001629,2025-03-17,P006,Cotton T-Shirt,5,27.50
ORD-001629,2025-03-17,P017,Notebook A5,1,9.00
ORD-001630,2025-03-17,P001,Ceramic Mug,2,12.00
ORD-001630,2025-03-17,P002,Travel Tumbler,5,24.00
ORD-001631,2025-03-17,P001,Ceramic Mug,2,12.00
ORD-001632,2025-03-17,P001,Ceramic Mug,2,12.00
ORD-001633,2025-03-17,P033,Wool Blanket,3,86.90
ORD-001634,2025-03-17,P001,Ceramic Mug,1,12.00
ORD-001635,2025-03-17,P002,Travel Tumbler,2,24.00
ORD-001636,2025-03-17,P001,Ceramic Mug,1,12.00
ORD-001637,2025-03-17,P012,Chef Knife,1,81.40
ORD-001637,2025-03-17,P029,Hot Sauce Trio,3,23.00
ORD-001638,2025-03-17,P003,Linen Tote Bag,1,16.20
ORD-001639,2025-03-17,P017,Notebook A5,2,9.00
ORD-001640,2025-03-17,P034,Sunglasses,1,46.00
ORD-001641,2025-03-17,P001,Ceramic Mug,2,12.00
ORD-001641,2025-03-17,P002,Travel Tumbler,2,21.60
ORD-001642,2025-03-17,P002,Travel Tumbler,1,24.00
ORD-001643,2025-03-17,P001,Ceramic Mug,1,12.00
ORD-001643,2025-03-17,P003,Linen Tote Bag,1,18.00
ORD-001643,2025-03-17,P007,Denim Jacket,1,89.00
ORD-001644,2025-03-17,P032,Throw Pillow,1,27.00
ORD-001645,2025-03-17,P001,Ceramic Mug,1,12.00
ORD-001645,2025-03-17,P029,Hot Sauce Trio,1,23.00
ORD-001646,2025-03-17,P002,Travel Tumbler,1,24.00
ORD-001647,2025-03-17,P002,Travel Tumbler,1,24.00
ORD-001648,2025-03-17,P001,Ceramic Mug,1,13.20
ORD-001648,2025-03-17,P003,Linen Tote Bag,3,18.00
ORD-001649,2025-03-17,P003,Linen Tote Bag,2,18.00
ORD-001649,2025-03-17,P010,Steel Water Bottle,1,20.00
ORD-001649,2025-03-17,P011,Bamboo Cutting Board,1,32.00
ORD-001650,2025-03-17,P004,Canvas Backpack,1,59.00
ORD-001651,2025-03-18,P008,Running Socks,1,11.00
ORD-001652,2025-03-18,P001,Ceramic Mug,1,12.00
ORD-001652,2025-03-18,P024,Yoga Mat,3,36.00
ORD-001653,2025-03-18,P008,Running Socks,3,11.00
ORD-001654,2025-03-18,P002,Travel Tumbler,1,24.00
ORD-001655,2025-03-18,P026,Herbal Tea Sampler,1,19.00
ORD-001656,2025-03-18,P002,Travel Tumbler,1,21.60
ORD-001656,2025-03-18,P010,Steel Water Bottle,1,18.00
ORD-001656,2025-03-18,P011,Bamboo Cutting Board,1,32.00
ORD-001656,2025-03-18,P018,Fountain Pen,1,38.00
ORD-001657,2025-03-18,P001,Ceramic Mug,1,12.00
ORD-001658,2025-03-18,P001,Ceramic Mug,1,12.00
ORD-001659,2025-03-18,P002,Travel Tumbler,2,24.00
ORD-001659,2025-03-18,P030,Wall Calendar,1,13.00
ORD-001660,2025-03-18,P028,Olive Oil 500ml,1,18.90
ORD-001661,2025-03-18,P007,Denim Jacket,1,89.00
ORD-001662,2025-03-18,P009,Leather Wallet,1,45.00
ORD-001663,2025-03-18,P001,Ceramic Mug,1,12.00
ORD-001663,2025-03-18,P010,Steel Water Bottle,1,20.00
ORD-001664,2025-03-18,P001,Ceramic Mug,1,10.80
ORD-001664,2025-03-18,P002,Travel Tumbler,1,21.60
ORD-001664,2025-03-18,P005,Wool Beanie,2,22.00
ORD-001665,2025-03-18,P001,Ceramic Mug,1,13.20
ORD-001665,2025-03-18,P011,Bamboo Cutting Board,1,35.20
ORD-001666,2025-03-18,P001,Ceramic Mug,1,13.20
ORD-001667,2025-03-18,P001,Ceramic Mug,2,12.00
ORD-001668,2025-03-18,P001,Ceramic Mug,4,12.00
ORD-001668,2025-03-18,P023,Bluetooth Speaker,1,75.90
ORD-001669,2025-03-18,P001,Ceramic Mug,1,13.20
ORD-001669,2025-03-18,P027,Coffee Beans 1kg,1,28.00
ORD-001670,2025-03-18,P002,Travel Tumbler,1,24.00
ORD-001670,2025-03-18,P006,Cotton T-Shirt,1,25.00
ORD-001670,2025-03-18,P022,Phone Case,2,13.50
ORD-001670,2025-03-18,P032,Throw Pillow,1,27.00
ORD-001671,2025-03-18,P003,Linen Tote Bag,3,18.00
ORD-001672,2025-03-18,P001,Ceramic Mug,3,13.20
ORD-001673,2025-03-18,P004,Canvas Backpack,2,64.90
ORD-001674,2025-03-18,P005,Wool Beanie,1,24.20
ORD-001674,2025-03-18,P019,Wireless Mouse,4,29.00
ORD-001675,2025-03-18,P005,Wool Beanie,2,22.00
ORD-001676,2025-03-19,P011,Bamboo Cutting Board,2,32.00
ORD-001677,2025-03-19,P012,Chef Knife,3,74.00
ORD-001678,2025-03-19,P005,Wool Beanie,1,22.00
ORD-001679,2025-03-19,P026,Herbal Tea Sampler,4,17.10
ORD-001680,2025-03-19,P001,Ceramic Mug,1,12.00
ORD-001680,2025-03-19,P003,Linen Tote Bag,1,19.80
ORD-001680,2025-03-19,P016,Desk Lamp,1,49.00
ORD-001681,2025-03-19,P001,Ceramic Mug,4,12.00
ORD-001682,2025-03-19,P001,Ceramic Mug,1,13.20
ORD-001683,2025-03-19,P001,Ceramic Mug,1,12.00
ORD-001684,2025-03-19,P010,Steel Water Bottle,1,18.00
ORD-001685,2025-03-19,P005,Wool Beanie,2,22.00
ORD-001685,2025-03-19,P011,Bamboo Cutting Board,1,32.00
ORD-001686,2025-03-20,P008,Running Socks,1,11.00
ORD-001687,2025-03-20,P001,Ceramic Mug,1,12.00
ORD-001688,2025-03-20,P002,Travel Tumbler,1,26.40
ORD-001689,2025-03-20,P001,Ceramic Mug,3,12.00
ORD-001690,2025-03-20,P001,Ceramic Mug,3,12.00
ORD-001691,2025-03-20,P002,Travel Tumbler,2,21.60
ORD-001692,2025-03-20,P005,Wool Beanie,3,22.00
ORD-001693,2025-03-20,P001,Ceramic Mug,1,10.80
ORD-001694,2025-03-20,P007,Denim Jacket,2,89.00
ORD-001695,2025-03-20,P003,Linen Tote Bag,2,16.20
ORD-001696,2025-03-20,P001,Ceramic Mug,2,12.00
ORD-001696,2025-03-20,P023,Bluetooth Speaker,2,69.00
ORD-001697,2025-03-20,P001,Ceramic Mug,1,12.00
ORD-001697,2025-03-20,P002,Travel Tumbler,1,26.40
ORD-001697,2025-03-20,P005,Wool Beanie,1,24.20
ORD-001697,2025-03-20,P008,Running Socks,2,11.00
ORD-001698,2025-03-20,P009,Leather Wallet,2,40.50
ORD-001699,2025-03-20,P001,Ceramic Mug,4,12.00
ORD-001699,2025-03-20,P002,Travel Tumbler,1,24.00
ORD-001699,2025-03-20,P005,Wool Beanie,1,24.20
ORD-001700,2025-03-20,P030,Wall Calendar,1,13.00
ORD-001701,2025-03-20,P001,Ceramic Mug,2,12.00
ORD-001701,2025-03-20,P005,Wool Beanie,1,22.00
ORD-001701,2025-03-20,P029,Hot Sauce Trio,3,23.00
ORD-001701,2025-03-20,P032,Throw Pillow,2,24.30
ORD-001702,2025-03-20,P001,Ceramic Mug,1,12.00
ORD-001702,2025-03-20,P002,Travel Tumbler,1,24.00
ORD-001703,2025-03-20,P013,Cast Iron Pan,1,56.00
ORD-001704,2025-03-20,P008,Running Socks,1,11.00
ORD-001704,2025-03-20,P025,Resistance Bands,1,14.00
ORD-001705,2025-03-20,P010,Steel Water Bottle,1,20.00
ORD-001706,2025-03-20,P009,Leather Wallet,1,45.00
ORD-001707,2025-03-20,P001,Ceramic Mug,2,12.00
ORD-001708,2025-03-20,P001,Ceramic Mug,1,12.00
ORD-001709,2025-03-20,P004,Canvas Backpack,1,59.00
ORD-001710,2025-03-20,P001,Ceramic Mug,1,12.00
ORD-001710,2025-03-20,P027,Coffee Beans 1kg,2,28.00
ORD-001711,2025-03-20,P004,Canvas Backpack,2,53.10
ORD-001712,2025-03-20,P002,Travel Tumbler,1,24.00
ORD-001713,2025-03-21,P014,Scented Candle,3,16.00
ORD-001714,2025-03-21,P002,Travel Tumbler,1,24.00
ORD-001715,2025-03-21,P001,Ceramic Mug,1,12.00
ORD-001715,2025-03-21,P018,Fountain Pen,1,38.00
ORD-001716,2025-03-21,P007,Denim Jacket,1,97.90
ORD-001717,2025-03-21,P001,Ceramic Mug,1,12.00
ORD-001718,2025-03-21,P003,Linen Tote Bag,5,18.00
ORD-001718,2025-03-21,P021,USB-C Cable,1,10.00
ORD-001719,2025-03-21,P004,Canvas Backpack,1,59.00
ORD-001719,2025-03-21,P017,Notebook A5,1,8.10
ORD-001720,2025-03-21,P003,Linen Tote Bag,1,18.00
ORD-001721,2025-03-21,P001,Ceramic Mug,4,12.00
ORD-001722,2025-03-21,P004,Canvas Backpack,1,59.00
ORD-001722,2025-03-21,P013,Cast Iron Pan,1,56.00
ORD-001723,2025-03-21,P009,Leather Wallet,3,45.00
ORD-001724,2025-03-21,P013,Cast Iron Pan,2,56.00
ORD-001725,2025-03-21,P017,Notebook A5,1,9.00
ORD-001726,2025-03-21,P001,Ceramic Mug,1,12.00
ORD-001727,2025-03-21,P028,Olive Oil 500ml,1,21.00
ORD-001728,2025-03-21,P005,Wool Beanie,1,22.00
ORD-001729,2025-03-21,P028,Olive Oil 500ml,1,21.00
ORD-001730,2025-03-21,P002,Travel Tumbler,1,24.00
ORD-001730,2025-03-21,P004,Canvas Backpack,1,53.10
ORD-001731,2025-03-21,P001,Ceramic Mug,1,12.00
ORD-001732,2025-03-21,P018,Fountain Pen,2,41.80
ORD-001733,2025-03-22,P004,Canvas Backpack,1,64.90
ORD-001734,2025-03-22,P004,Canvas Backpack,1,59.00
ORD-001735,2025-03-22,P001,Ceramic Mug,1,12.00
ORD-001736,2025-03-22,P006,Cotton T-Shirt,2,25.00
ORD-001737,2025-03-22,P001,Ceramic Mug,1,12.00
ORD-001738,2025-03-22,P001,Ceramic Mug,2,10.80
ORD-001739,2025-03-22,P001,Ceramic Mug,2,12.00
ORD-001739,2025-03-22,P025,Resistance Bands,3,14.00
ORD-001739,2025-03-22,P029,Hot Sauce Trio,1,25.30
ORD-001739,2025-03-22,P032,Throw Pillow,1,27.00
ORD-001740,2025-03-22,P012,Chef Knife,1,81.40
ORD-001741,2025-03-22,P009,Leather Wallet,1,45.00
ORD-001741,2025-03-22,P023,Bluetooth Speaker,1,75.90
ORD-001742,2025-03-22,P001,Ceramic Mug,1,12.00
ORD-001742,2025-03-22,P031,Framed Print,2,64.00
ORD-001743,2025-03-22,P004,Canvas Backpack,3,59.00
ORD-001744,2025-03-22,P001,Ceramic Mug,1,10.80
ORD-001745,2025-03-22,P001,Ceramic Mug,1,10.80
ORD-001746,2025-03-22,P001,Ceramic Mug,1,12.00
ORD-001746,2025-03-22,P010,Steel Water Bottle,2,20.00
ORD-001747,2025-03-22,P002,Travel Tumbler,3,21.60
ORD-001747,2025-03-22,P007,Denim Jacket,2,89.00
ORD-001748,2025-03-22,P003,Linen Tote Bag,1,18.00
ORD-001748,2025-03-22,P006,Cotton T-Shirt,1,25.00
ORD-001748,2025-03-22,P008,Running Socks,1,12.10
ORD-001749,2025-03-22,P001,Ceramic Mug,1,13.20
ORD-001749,2025-03-22,P002,Travel Tumbler,1,21.60
ORD-001750,2025-03-22,P002,Travel Tumbler,2,21.60
ORD-001751,2025-03-22,P001,Ceramic Mug,1,12.00
ORD-001751,2025-03-22,P011,Bamboo Cutting Board,2,35.20
ORD-001752,2025-03-22,P001,Ceramic Mug,1,12.00
ORD-001753,2025-03-22,P003,Linen Tote Bag,1,18.00
ORD-001754,2025-03-22,P001,Ceramic Mug,1,13.20
ORD-001755,2025-03-22,P003,Linen Tote Bag,1,18.00
ORD-001756,2025-03-22,P020,Laptop Stand,1,42.00
ORD-001757,2025-03-22,P001,Ceramic Mug,1,12.00
ORD-001758,2025-03-22,P005,Wool Beanie,1,22.00
ORD-001759,2025-03-22,P002,Travel Tumbler,1,24.00
ORD-001759,2025-03-22,P004,Canvas Backpack,3,64.90
ORD-001759,2025-03-22,P014,Scented Candle,1,14.40
ORD-001759,2025-03-22,P018,Fountain Pen,2,38.00
ORD-001760,2025-03-22,P015,Soy Wax Candle Set,2,34.00
ORD-001761,2025-03-22,P001,Ceramic Mug,1,10.80
ORD-001761,2025-03-22,P006,Cotton T-Shirt,2,25.00
ORD-001761,2025-03-22,P012,Chef Knife,1,66.60
ORD-001762,2025-03-22,P003,Linen Tote Bag,1,18.00
ORD-001763,2025-03-22,P008,Running Socks,2,12.10
ORD-001764,2025-03-22,P006,Cotton T-Shirt,1,25.00
ORD-001765,2025-03-22,P001,Ceramic Mug,4,13.20
ORD-001766,2025-03-23,P002,Travel Tumbler,1,24.00
ORD-001767,2025-03-23,P001,Ceramic Mug,1,12.00
ORD-001767,2025-03-23,P002,Travel Tumbler,2,24.00
ORD-001768,2025-03-23,P001,Ceramic Mug,4,12.00
ORD-001768,2025-03-23,P019,Wireless Mouse,1,29.00
ORD-001769,2025-03-23,P012,Chef Knife,4,74.00
ORD-001770,2025-03-23,P001,Ceramic Mug,2,12.00
ORD-001770,2025-03-23,P009,Leather Wallet,2,45.00
ORD-001771,2025-03-23,P001,Ceramic Mug,3,13.20
ORD-001771,2025-03-23,P006,Cotton T-Shirt,1,25.00
ORD-001771,2025-03-23,P007,Denim Jacket,3,89.00
ORD-001772,2025-03-23,P001,Ceramic Mug,2,10.80
ORD-001773,2025-03-23,P036,Gift Card Holder,1,7.00
ORD-001774,2025-03-23,P010,Steel Water Bottle,2,20.00
ORD-001774,2025-03-23,P014,Scented Candle,3,14.40
ORD-001775,2025-03-23,P002,Travel Tumbler,2,24.00
ORD-001776,2025-03-23,P013,Cast Iron Pan,1,56.00
ORD-001777,2025-03-23,P001,Ceramic Mug,1,12.00
ORD-001778,2025-03-23,P007,Denim Jacket,2,89.00
ORD-001779,2025-03-23,P004,Canvas Backpack,1,59.00
ORD-001780,2025-03-23,P013,Cast Iron Pan,3,61.60
ORD-001781,2025-03-23,P001,Ceramic Mug,1,10.80
ORD-001781,2025-03-23,P007,Denim Jacket,2,89.00
ORD-001782,2025-03-23,P001,Ceramic Mug,3,10.80
ORD-001783,2025-03-23,P002,Travel Tumbler,1,24.00
ORD-001784,2025-03-23,P001,Ceramic Mug,1,12.00
ORD-001785,2025-03-23,P001,Ceramic Mug,1,12.00
ORD-001786,2025-03-23,P005,Wool Beanie,2,22.00
ORD-001787,2025-03-23,P026,Herbal Tea Sampler,2,19.00
ORD-001788,2025-03-23,P001,Ceramic Mug,1,12.00
ORD-001789,2025-03-23,P002,Travel Tumbler,1,24.00
ORD-001789,2025-03-23,P003,Linen Tote Bag,2,18.00
ORD-001790,2025-03-23,P002,Travel Tumbler,3,26.40
ORD-001790,2025-03-23,P007,Denim Jacket,4,89.00
ORD-001791,2025-03-23,P001,Ceramic Mug,1,12.00
ORD-001791,2025-03-23,P019,Wireless Mouse,1,29.00
ORD-001792,2025-03-24,P002,Travel Tumbler,1,24.00
ORD-001792,2025-03-24,P003,Linen Tote Bag,3,18.00
ORD-001792,2025-03-24,P015,Soy Wax Candle Set,1,34.00
ORD-001792,2025-03-24,P029,Hot Sauce Trio,1,23.00
ORD-001793,2025-03-24,P004,Canvas Backpack,1,64.90
ORD-001794,2025-03-24,P001,Ceramic Mug,3,12.00
ORD-001795,2025-03-24,P002,Travel Tumbler,1,24.00
ORD-001796,2025-03-24,P001,Ceramic Mug,1,13.20
ORD-001796,2025-03-24,P023,Bluetooth Speaker,1,62.10
ORD-001797,2025-03-24,P001,Ceramic Mug,1,12.00
ORD-001797,2025-03-24,P024,Yoga Mat,1,36.00
ORD-001798,2025-03-24,P001,Ceramic Mug,2,12.00
ORD-001798,2025-03-24,P024,Yoga Mat,1,36.00
ORD-001799,2025-03-24,P033,Wool Blanket,1,79.00
ORD-001800,2025-03-24,P001,Ceramic Mug,3,12.00
ORD-001801,2025-03-24,P013,Cast Iron Pan,1,56.00
ORD-001801,2025-03-24,P031,Framed Print,4,64.00
ORD-001802,2025-03-24,P001,Ceramic Mug,1,12.00
ORD-001803,2025-03-24,P001,Ceramic Mug,1,12.00
ORD-001804,2025-03-24,P017,Notebook A5,2,8.10
ORD-001805,2025-03-24,P008,Running Socks,1,11.00
ORD-001806,2025-03-24,P001,Ceramic Mug,1,10.80
ORD-001806,2025-03-24,P006,Cotton T-Shirt,1,25.00
ORD-001807,2025-03-24,P030,Wall Calendar,3,13.00
ORD-001808,2025-03-24,P013,Cast Iron Pan,1,56.00
ORD-001809,2025-03-24,P001,Ceramic Mug,1,10.80
ORD-001809,2025-03-24,P003,Linen Tote Bag,2,19.80
ORD-001809,2025-03-24,P031,Framed Print,4,64.00
ORD-001810,2025-03-24,P016,Desk Lamp,1,53.90
ORD-001811,2025-03-24,P010,Steel Water Bottle,1,20.00
ORD-001812,2025-03-24,P024,Yoga Mat,2,36.00
ORD-001813,2025-03-25,P001,Ceramic Mug,1,12.00
ORD-001813,2025-03-25,P006,Cotton T-Shirt,2,25.00
ORD-001813,2025-03-25,P015,Soy Wax Candle Set,5,34.00
ORD-001813,2025-03-25,P026,Herbal Tea Sampler,1,19.00
ORD-001814,2025-03-25,P003,Linen Tote Bag,5,18.00
ORD-001815,2025-03-25,P002,Travel Tumbler,5,24.00
ORD-001815,2025-03-25,P018,Fountain Pen,1,41.80
ORD-001815,2025-03-25,P028,Olive Oil 500ml,1,21.00
ORD-001816,2025-03-25,P001,Ceramic Mug,1,12.00
ORD-001816,2025-03-25,P005,Wool Beanie,1,24.20
ORD-001817,2025-03-25,P026,Herbal Tea Sampler,1,19.00
ORD-001818,2025-03-25,P003,Linen Tote Bag,1,18.00
ORD-001818,2025-03-25,P011,Bamboo Cutting Board,1,32.00
ORD-001819,2025-03-25,P006,Cotton T-Shirt,2,22.50
ORD-001820,2025-03-25,P004,Canvas Backpack,4,59.00
ORD-001821,2025-03-25,P035,Umbrella,1,26.00
ORD-001822,2025-03-25,P001,Ceramic Mug,2,12.00
ORD-001823,2025-03-25,P007,Denim Jacket,1,97.90
ORD-001824,2025-03-25,P001,Ceramic Mug,1,13.20
ORD-001825,2025-03-25,P002,Travel Tumbler,5,24.00
ORD-001826,2025-03-25,P005,Wool Beanie,1,22.00
ORD-001827,2025-03-25,P012,Chef Knife,1,74.00
ORD-001828,2025-03-25,P004,Canvas Backpack,2,59.00
ORD-001829,2025-03-25,P025,Resistance Bands,1,14.00
ORD-001830,2025-03-26,P018,Fountain Pen,2,34.20
ORD-001831,2025-03-26,P002,Travel Tumbler,1,24.00
ORD-001832,2025-03-26,P003,Linen Tote Bag,1,18.00
ORD-001833,2025-03-26,P015,Soy Wax Candle Set,2,37.40
ORD-001834,2025-03-26,P001,Ceramic Mug,1,12.00
ORD-001835,2025-03-26,P028,Olive Oil 500ml,1,23.10
ORD-001836,2025-03-26,P001,Ceramic Mug,4,12.00
ORD-001836,2025-03-26,P002,Travel Tumbler,2,26.40
ORD-001837,2025-03-26,P001,Ceramic Mug,1,12.00
ORD-001837,2025-03-26,P007,Denim Jacket,4,80.10
ORD-001838,2025-03-26,P024,Yoga Mat,1,39.60
ORD-001839,2025-03-26,P001,Ceramic Mug,4,12.00
ORD-001840,2025-03-26,P004,Canvas Backpack,1,53.10
ORD-001841,2025-03-26,P002,Travel Tumbler,1,21.60
ORD-001842,2025-03-27,P001,Ceramic Mug,1,12.00
ORD-001843,2025-03-27,P012,Chef Knife,3,74.00
ORD-001844,2025-03-27,P002,Travel Tumbler,1,26.40
ORD-001845,2025-03-27,P004,Canvas Backpack,1,59.00
ORD-001846,2025-03-27,P001,Ceramic Mug,1,12.00
ORD-001846,2025-03-27,P002,Travel Tumbler,4,24.00
ORD-001847,2025-03-27,P007,Denim Jacket,1,89.00
ORD-001848,2025-03-27,P002,Travel Tumbler,1,21.60
ORD-001849,2025-03-27,P001,Ceramic Mug,3,13.20
ORD-001849,2025-03-27,P002,Travel Tumbler,2,26.40
ORD-001850,2025-03-27,P022,Phone Case,2,15.00
ORD-001851,2025-03-27,P001,Ceramic Mug,4,10.80
ORD-001851,2025-03-27,P005,Wool Beanie,1,22.00
ORD-001852,2025-03-27,P001,Ceramic Mug,3,13.20
ORD-001853,2025-03-27,P005,Wool Beanie,1,19.80
ORD-001854,2025-03-27,P010,Steel Water Bottle,2,22.00
ORD-001855,2025-03-27,P002,Travel Tumbler,2,24.00
ORD-001856,2025-03-27,P016,Desk Lamp,1,49.00
ORD-001857,2025-03-27,P030,Wall Calendar,2,13.00
ORD-001858,2025-03-27,P001,Ceramic Mug,1,12.00
ORD-001858,2025-03-27,P003,Linen Tote Bag,1,18.00
ORD-001858,2025-03-27,P004,Canvas Backpack,1,53.10
ORD-001859,2025-03-27,P009,Leather Wallet,2,45.00
ORD-001860,2025-03-27,P003,Linen Tote Bag,1,16.20
ORD-001861,2025-03-27,P014,Scented Candle,1,16.00
ORD-001862,2025-03-27,P001,Ceramic Mug,1,13.20
ORD-001862,2025-03-27,P003,Linen Tote Bag,1,18.00
ORD-001862,2025-03-27,P017,Notebook A5,3,8.10
ORD-001863,2025-03-27,P001,Ceramic Mug,2,12.00
ORD-001863,2025-03-27,P002,Travel Tumbler,2,24.00
ORD-001864,2025-03-27,P001,Ceramic Mug,1,12.00
ORD-001864,2025-03-27,P017,Notebook A5,1,9.00
ORD-001865,2025-03-27,P011,Bamboo Cutting Board,1,32.00
ORD-001866,2025-03-27,P001,Ceramic Mug,1,12.00
ORD-001867,2025-03-27,P014,Scented Candle,4,16.00
ORD-001868,2025-03-28,P002,Travel Tumbler,1,24.00
ORD-001868,2025-03-28,P004,Canvas Backpack,3,53.10
ORD-001869,2025-03-28,P004,Canvas Backpack,2,59.00
ORD-001870,2025-03-28,P032,Throw Pillow,1,27.00
ORD-001871,2025-03-28,P001,Ceramic Mug,1,12.00
ORD-001871,2025-03-28,P003,Linen Tote Bag,2,18.00
ORD-001872,2025-03-28,P002,Travel Tumbler,3,24.00
ORD-001872,2025-03-28,P004,Canvas Backpack,1,59.00
ORD-001873,2025-03-28,P001,Ceramic Mug,3,12.00
ORD-001874,2025-03-28,P001,Ceramic Mug,1,12.00
ORD-001874,2025-03-28,P002,Travel Tumbler,4,24.00
ORD-001874,2025-03-28,P003,Linen Tote Bag,2,18.00
ORD-001875,2025-03-28,P003,Linen Tote Bag,5,18.00
ORD-001876,2025-03-28,P002,Travel Tumbler,2,24.00
ORD-001876,2025-03-28,P009,Leather Wallet,2,40.50
ORD-001877,2025-03-28,P027,Coffee Beans 1kg,1,28.00
ORD-001878,2025-03-28,P001,Ceramic Mug,1,12.00
ORD-001878,2025-03-28,P016,Desk Lamp,2,49.00
ORD-001879,2025-03-28,P003,Linen Tote Bag,1,18.00
ORD-001880,2025-03-28,P014,Scented Candle,2,16.00
ORD-001881,2025-03-28,P001,Ceramic Mug,1,10.80
ORD-001881,2025-03-28,P019,Wireless Mouse,3,26.10
ORD-001882,2025-03-28,P005,Wool Beanie,2,19.80
ORD-001883,2025-03-28,P011,Bamboo Cutting Board,2,32.00
ORD-001884,2025-03-28,P031,Framed Print,1,57.60
ORD-001885,2025-03-28,P009,Leather Wallet,1,40.50
ORD-001886,2025-03-28,P015,Soy Wax Candle Set,3,34.00
ORD-001887,2025-03-28,P001,Ceramic Mug,3,12.00
ORD-001887,2025-03-28,P003,Linen Tote Bag,1,18.00
ORD-001888,2025-03-28,P001,Ceramic Mug,1,12.00
ORD-001888,2025-03-28,P005,Wool Beanie,4,22.00
ORD-001889,2025-03-28,P001,Ceramic Mug,2,12.00
ORD-001890,2025-03-28,P001,Ceramic Mug,2,12.00
ORD-001890,2025-03-28,P009,Leather Wallet,1,40.50
ORD-001891,2025-03-28,P026,Herbal Tea Sampler,1,19.00
ORD-001892,2025-03-28,P011,Bamboo Cutting Board,1,35.20
ORD-001893,2025-03-28,P001,Ceramic Mug,1,13.20
ORD-001894,2025-03-28,P022,Phone Case,1,13.50
ORD-001895,2025-03-28,P001,Ceramic Mug,2,13.20
ORD-001896,2025-03-28,P002,Travel Tumbler,1,24.00
ORD-001896,2025-03-28,P003,Linen Tote Bag,1,19.80
ORD-001896,2025-03-28,P006,Cotton T-Shirt,1,25.00
ORD-001896,2025-03-28,P014,Scented Candle,2,17.60
ORD-001897,2025-03-29,P002,Travel Tumbler,1,24.00
ORD-001898,2025-03-29,P001,Ceramic Mug,3,12.00
ORD-001899,2025-03-29,P002,Travel Tumbler,2,21.60
ORD-001900,2025-03-29,P001,Ceramic Mug,3,10.80
ORD-001901,2025-03-29,P003,Linen Tote Bag,2,18.00
ORD-001902,2025-03-29,P003,Linen Tote Bag,1,16.20
ORD-001902,2025-03-29,P011,Bamboo Cutting Board,2,28.80
ORD-001903,2025-03-29,P002,Travel Tumbler,4,26.40
ORD-001903,2025-03-29,P005,Wool Beanie,5,22.00
ORD-001903,2025-03-29,P036,Gift Card Holder,1,7.00
ORD-001904,2025-03-29,P005,Wool Beanie,2,19.80
ORD-001904,2025-03-29,P014,Scented Candle,2,16.00
ORD-001905,2025-03-29,P001,Ceramic Mug,1,12.00
ORD-001905,2025-03-29,P006,Cotton T-Shirt,1,22.50
ORD-001906,2025-03-29,P001,Ceramic Mug,3,12.00
ORD-001907,2025-03-29,P001,Ceramic Mug,1,12.00
ORD-001907,2025-03-29,P011,Bamboo Cutting Board,1,28.80
ORD-001908,2025-03-29,P003,Linen Tote Bag,1,18.00
ORD-001909,2025-03-29,P001,Ceramic Mug,1,12.00
ORD-001910,2025-03-29,P005,Wool Beanie,4,22.00
ORD-001911,2025-03-29,P001,Ceramic Mug,2,12.00
ORD-001912,2025-03-29,P002,Travel Tumbler,2,24.00
ORD-001913,2025-03-29,P002,Travel Tumbler,1,24.00
ORD-001914,2025-03-29,P007,Denim Jacket,1,89.00
ORD-001915,2025-03-29,P012,Chef Knife,1,74.00
ORD-001916,2025-03-29,P011,Bamboo Cutting Board,1,35.20
ORD-001917,2025-03-29,P001,Ceramic Mug,1,12.00
ORD-001917,2025-03-29,P005,Wool Beanie,1,22.00
ORD-001918,2025-03-29,P012,Chef Knife,1,74.00
ORD-001919,2025-03-29,P002,Travel Tumbler,1,24.00
ORD-001919,2025-03-29,P005,Wool Beanie,1,22.00
ORD-001920,2025-03-29,P001,Ceramic Mug,1,12.00
ORD-001921,2025-03-29,P022,Phone Case,1,15.00
ORD-001922,2025-03-29,P020,Laptop Stand,4,37.80
ORD-001923,2025-03-29,P001,Ceramic Mug,3,12.00
ORD-001924,2025-03-29,P001,Ceramic Mug,1,12.00
ORD-001925,2025-03-29,P001,Ceramic Mug,4,12.00
ORD-001925,2025-03-29,P002,Travel Tumbler,2,24.00
ORD-001925,2025-03-29,P014,Scented Candle,2,16.00
ORD-001926,2025-03-30,P009,Leather Wallet,1,45.00
ORD-001926,2025-03-30,P018,Fountain Pen,2,38.00
ORD-001927,2025-03-30,P002,Travel Tumbler,1,24.00
ORD-001928,2025-03-30,P002,Travel Tumbler,3,24.00
ORD-001928,2025-03-30,P008,Running Socks,1,11.00
ORD-001929,2025-03-30,P005,Wool Beanie,3,19.80
ORD-001930,2025-03-30,P001,Ceramic Mug,1,10.80
ORD-001931,2025-03-30,P032,Throw Pillow,1,27.00
ORD-001932,2025-03-30,P014,Scented Candle,1,16.00
ORD-001933,2025-03-30,P010,Steel Water Bottle,1,20.00
ORD-001934,2025-03-30,P001,Ceramic Mug,1,13.20
ORD-001934,2025-03-30,P006,Cotton T-Shirt,1,25.00
ORD-001935,2025-03-30,P001,Ceramic Mug,4,12.00
ORD-001936,2025-03-30,P001,Ceramic Mug,1,13.20
ORD-001937,2025-03-30,P011,Bamboo Cutting Board,1,32.00
ORD-001938,2025-03-30,P002,Travel Tumbler,1,26.40
ORD-001938,2025-03-30,P021,USB-C Cable,1,10.00
ORD-001939,2025-03-30,P004,Canvas Backpack,1,59.00
ORD-001939,2025-03-30,P009,Leather Wallet,1,40.50
ORD-001940,2025-03-30,P001,Ceramic Mug,1,12.00
ORD-001941,2025-03-30,P003,Linen Tote Bag,2,18.00
ORD-001942,2025-03-30,P031,Framed Print,1,57.60
ORD-001943,2025-03-30,P021,USB-C Cable,1,9.00
ORD-001944,2025-03-30,P001,Ceramic Mug,1,12.00
ORD-001944,2025-03-30,P002,Travel Tumbler,2,24.00
ORD-001945,2025-03-30,P001,Ceramic Mug,2,13.20
ORD-001945,2025-03-30,P023,Bluetooth Speaker,2,69.00
ORD-001946,2025-03-30,P020,Laptop Stand,2,37.80
ORD-001947,2025-03-30,P005,Wool Beanie,1,22.00
ORD-001948,2025-03-30,P003,Linen Tote Bag,1,19.80
ORD-001948,2025-03-30,P006,Cotton T-Shirt,2,27.50
ORD-001949,2025-03-30,P003,Linen Tote Bag,1,16.20
ORD-001950,2025-03-30,P001,Ceramic Mug,5,12.00
ORD-001951,2025-03-30,P001,Ceramic Mug,1,12.00
ORD-001952,2025-03-30,P003,Linen Tote Bag,1,19.80
ORD-001953,2025-03-31,P007,Denim Jacket,1,89.00
ORD-001954,2025-03-31,P008,Running Socks,1,11.00
ORD-001955,2025-03-31,P001,Ceramic Mug,1,12.00
ORD-001955,2025-03-31,P003,Linen Tote Bag,2,18.00
ORD-001955,2025-03-31,P008,Running Socks,1,11.00
ORD-001955,2025-03-31,P014,Scented Candle,1,16.00
ORD-001956,2025-03-31,P001,Ceramic Mug,1,12.00
ORD-001956,2025-03-31,P021,USB-C Cable,2,11.00
ORD-001957,2025-03-31,P004,Canvas Backpack,2,59.00
ORD-001958,2025-03-31,P002,Travel Tumbler,1,24.00
ORD-001959,2025-03-31,P033,Wool Blanket,1,79.00
ORD-001960,2025-03-31,P004,Canvas Backpack,1,59.00
ORD-001961,2025-03-31,P001,Ceramic Mug,1,10.80
ORD-001962,2025-03-31,P001,Ceramic Mug,2,10.80
ORD-001962,2025-03-31,P002,Travel Tumbler,5,26.40
ORD-001962,2025-03-31,P018,Fountain Pen,1,41.80
ORD-001962,2025-03-31,P022,Phone Case,1,16.50
ORD-001963,2025-03-31,P001,Ceramic Mug,1,12.00
ORD-001963,2025-03-31,P003,Linen Tote Bag,3,16.20
ORD-001964,2025-03-31,P002,Travel Tumbler,1,21.60
ORD-001965,2025-03-31,P011,Bamboo Cutting Board,1,32.00
ORD-001966,2025-03-31,P003,Linen Tote Bag,2,18.00
ORD-001967,2025-03-31,P008,Running Socks,4,11.00
ORD-001968,2025-03-31,P022,Phone Case,1,13.50
ORD-001969,2025-03-31,P004,Canvas Backpack,1,59.00
ORD-001969,2025-03-31,P005,Wool Beanie,1,24.20
ORD-001970,2025-03-31,P001,Ceramic Mug,1,13.20
ORD-001970,2025-03-31,P004,Canvas Backpack,1,59.00
ORD-001971,2025-03-31,P002,Travel Tumbler,1,26.40
ORD-001972,2025-03-31,P001,Ceramic Mug,1,12.00
ORD-001972,2025-03-31,P009,Leather Wallet,1,40.50
ORD-001973,2025-04-01,P001,Ceramic Mug,1,10.80
ORD-001973,2025-04-01,P027,Coffee Beans 1kg,1,25.20
ORD-001974,2025-04-01,P005,Wool Beanie,1,22.00
ORD-001975,2025-04-01,P003,Linen Tote Bag,4,19.80
ORD-001976,2025-04-01,P003,Linen Tote Bag,2,16.20
ORD-001977,2025-04-01,P001,Ceramic Mug,3,12.00
ORD-001978,2025-04-01,P006,Cotton T-Shirt,2,25.00
ORD-001979,2025-04-01,P029,Hot Sauce Trio,1,20.70
ORD-001980,2025-04-01,P001,Ceramic Mug,1,12.00
ORD-001980,2025-04-01,P003,Linen Tote Bag,1,18.00
ORD-001980,2025-04-01,P004,Canvas Backpack,3,53.10
ORD-001980,2025-04-01,P013,Cast Iron Pan,1,50.40
ORD-001981,2025-04-01,P004,Canvas Backpack,3,59.00
ORD-001982,2025-04-01,P019,Wireless Mouse,2,29.00
ORD-001983,2025-04-01,P001,Ceramic Mug,2,10.80
ORD-001984,2025-04-01,P001,Ceramic Mug,1,12.00
ORD-001985,2025-04-01,P030,Wall Calendar,2,13.00
ORD-001986,2025-04-01,P001,Ceramic Mug,1,12.00
ORD-001986,2025-04-01,P005,Wool Beanie,1,24.20
ORD-001986,2025-04-01,P029,Hot Sauce Trio,1,23.00
ORD-001987,2025-04-01,P001,Ceramic Mug,2,12.00
ORD-001988,2025-04-01,P003,Linen Tote Bag,1,18.00
ORD-001988,2025-04-01,P017,Notebook A5,1,9.00
ORD-001989,2025-04-01,P021,USB-C Cable,1,10.00
ORD-001990,2025-04-01,P001,Ceramic Mug,1,10.80
ORD-001990,2025-04-01,P003,Linen Tote Bag,1,18.00
ORD-001991,2025-04-01,P001,Ceramic Mug,1,12.00
ORD-001992,2025-04-01,P001,Ceramic Mug,1,13.20
ORD-001993,2025-04-01,P003,Linen Tote Bag,1,18.00
ORD-001993,2025-04-01,P004,Canvas Backpack,3,59.00
ORD-001993,2025-04-01,P005,Wool Beanie,1,22.00
ORD-001993,2025-04-01,P036,Gift Card Holder,1,7.00
ORD-001994,2025-04-01,P005,Wool Beanie,1,24.20
ORD-001995,2025-04-01,P002,Travel Tumbler,3,24.00
ORD-001996,2025-04-02,P004,Canvas Backpack,2,59.00
ORD-001996,2025-04-02,P007,Denim Jacket,1,80.10
ORD-001997,2025-04-02,P011,Bamboo Cutting Board,3,32.00
ORD-001998,2025-04-02,P001,Ceramic Mug,3,12.00
ORD-001999,2025-04-02,P001,Ceramic Mug,2,12.00
ORD-002000,2025-04-02,P004,Canvas Backpack,1,53.10
ORD-002001,2025-04-02,P001,Ceramic Mug,1,12.00
ORD-002002,2025-04-02,P001,Ceramic Mug,1,13.20
ORD-002002,2025-04-02,P004,Canvas Backpack,1,59.00
ORD-002003,2025-04-02,P001,Ceramic Mug,1,12.00
ORD-002004,2025-04-02,P001,Ceramic Mug,1,12.00
ORD-002004,2025-04-02,P012,Chef Knife,1,81.40
ORD-002005,2025-04-02,P003,Linen Tote Bag,1,18.00
ORD-002006,2025-04-02,P001,Ceramic Mug,1,12.00
ORD-002006,2025-04-02,P004,Canvas Backpack,1,59.00
ORD-002007,2025-04-02,P003,Linen Tote Bag,2,18.00
ORD-002008,2025-04-02,P005,Wool Beanie,1,22.00
ORD-002009,2025-04-02,P001,Ceramic Mug,1,12.00
ORD-002010,2025-04-02,P011,Bamboo Cutting Board,1,32.00
ORD-002011,2025-04-02,P001,Ceramic Mug,1,12.00
ORD-002012,2025-04-02,P001,Ceramic Mug,1,10.80
ORD-002013,2025-04-02,P002,Travel Tumbler,1,24.00
ORD-002014,2025-04-02,P007,Denim Jacket,1,89.00
ORD-002015,2025-04-02,P001,Ceramic Mug,1,10.80
ORD-002015,2025-04-02,P003,Linen Tote Bag,1,16.20
ORD-002015,2025-04-02,P004,Canvas Backpack,1,59.00
ORD-002015,2025-04-02,P015,Soy Wax Candle Set,1,34.00
ORD-002016,2025-04-02,P003,Linen Tote Bag,1,16.20
ORD-002016,2025-04-02,P018,Fountain Pen,1,38.00
ORD-002017,2025-04-02,P008,Running Socks,1,12.10
ORD-002018,2025-04-03,P001,Ceramic Mug,1,12.00
ORD-002018,2025-04-03,P004,Canvas Backpack,1,59.00
ORD-002019,2025-04-03,P016,Desk Lamp,1,53.90
ORD-002020,2025-04-03,P001,Ceramic Mug,2,13.20
ORD-002021,2025-04-03,P004,Canvas Backpack,2,64.90
ORD-002022,2025-04-03,P004,Canvas Backpack,3,59.00
ORD-002023,2025-04-03,P001,Ceramic Mug,1,10.80
ORD-002024,2025-04-03,P001,Ceramic Mug,1,12.00
ORD-002025,2025-04-03,P002,Travel Tumbler,1,26.40
ORD-002026,2025-04-03,P002,Travel Tumbler,3,21.60
ORD-002027,2025-04-03,P001,Ceramic Mug,1,12.00
ORD-002027,2025-04-03,P008,Running Socks,1,12.10
ORD-002028,2025-04-03,P001,Ceramic Mug,1,12.00
ORD-002029,2025-04-03,P035,Umbrella,2,26.00
ORD-002030,2025-04-03,P007,Denim Jacket,1,97.90
ORD-002031,2025-04-03,P009,Leather Wallet,2,45.00
ORD-002032,2025-04-03,P001,Ceramic Mug,1,13.20
ORD-002032,2025-04-03,P004,Canvas Backpack,1,59.00
ORD-002032,2025-04-03,P005,Wool Beanie,5,22.00
ORD-002033,2025-04-03,P001,Ceramic Mug,1,10.80
ORD-002034,2025-04-03,P001,Ceramic Mug,1,12.00
ORD-002034,2025-04-03,P004,Canvas Backpack,1,59.00
ORD-002035,2025-04-04,P002,Travel Tumbler,3,26.40
ORD-002035,2025-04-04,P003,Linen Tote Bag,1,18.00
ORD-002036,2025-04-04,P001,Ceramic Mug,1,13.20
ORD-002036,2025-04-04,P002,Travel Tumbler,1,21.60
ORD-002036,2025-04-04,P004,Canvas Backpack,1,59.00
ORD-002036,2025-04-04,P005,Wool Beanie,2,19.80
ORD-002037,2025-04-04,P013,Cast Iron Pan,2,56.00
ORD-002037,2025-04-04,P014,Scented Candle,1,16.00
ORD-002038,2025-04-04,P002,Travel Tumbler,1,26.40
ORD-002039,2025-04-04,P005,Wool Beanie,1,24.20
ORD-002040,2025-04-04,P004,Canvas Backpack,1,59.00
ORD-002041,2025-04-04,P002,Travel Tumbler,1,24.00
ORD-002042,2025-04-04,P001,Ceramic Mug,1,13.20
ORD-002043,2025-04-04,P003,Linen Tote Bag,2,18.00
ORD-002044,2025-04-04,P013,Cast Iron Pan,1,56.00
ORD-002044,2025-04-04,P023,Bluetooth Speaker,1,69.00
ORD-002045,2025-04-04,P001,Ceramic Mug,2,12.00
ORD-002045,2025-04-04,P035,Umbrella,1,28.60
ORD-002046,2025-04-04,P001,Ceramic Mug,2,12.00
ORD-002046,2025-04-04,P003,Linen Tote Bag,2,18.00
ORD-002047,2025-04-04,P003,Linen Tote Bag,3,18.00
ORD-002048,2025-04-04,P004,Canvas Backpack,2,59.00
ORD-002049,2025-04-04,P013,Cast Iron Pan,1,56.00
ORD-002050,2025-04-04,P005,Wool Beanie,1,22.00
ORD-002051,2025-04-04,P001,Ceramic Mug,1,12.00
ORD-002051,2025-04-04,P002,Travel Tumbler,1,24.00
ORD-002051,2025-04-04,P005,Wool Beanie,2,22.00
ORD-002051,2025-04-04,P012,Chef Knife,1,74.00
ORD-002052,2025-04-04,P002,Travel Tumbler,1,24.00
ORD-002053,2025-04-04,P001,Ceramic Mug,1,10.80
ORD-002054,2025-04-04,P001,Ceramic Mug,3,12.00
ORD-002055,2025-04-04,P001,Ceramic Mug,1,12.00
ORD-002055,2025-04-04,P002,Travel Tumbler,1,24.00
ORD-002055,2025-04-04,P019,Wireless Mouse,1,29.00
ORD-002055,2025-04-04,P021,USB-C Cable,1,10.00
ORD-002056,2025-04-04,P003,Linen Tote Bag,1,18.00
ORD-002057,2025-04-04,P013,Cast Iron Pan,1,56.00
ORD-002058,2025-04-04,P002,Travel Tumbler,1,21.60
ORD-002059,2025-04-04,P002,Travel Tumbler,1,24.00
ORD-002059,2025-04-04,P003,Linen Tote Bag,3,16.20
ORD-002059,2025-04-04,P023,Bluetooth Speaker,2,75.90
ORD-002060,2025-04-05,P004,Canvas Backpack,3,59.00
ORD-002061,2025-04-05,P012,Chef Knife,2,81.40
ORD-002062,2025-04-05,P002,Travel Tumbler,1,26.40
ORD-002063,2025-04-05,P019,Wireless Mouse,1,29.00
ORD-002063,2025-04-05,P024,Yoga Mat,2,36.00
ORD-002064,2025-04-05,P001,Ceramic Mug,1,12.00
ORD-002064,2025-04-05,P007,Denim Jacket,1,89.00
ORD-002064,2025-04-05,P017,Notebook A5,1,9.00
ORD-002065,2025-04-05,P008,Running Socks,1,11.00
ORD-002065,2025-04-05,P017,Notebook A5,2,9.00
ORD-002066,2025-04-05,P007,Denim Jacket,1,89.00
ORD-002067,2025-04-05,P024,Yoga Mat,1,32.40
ORD-002068,2025-04-05,P001,Ceramic Mug,1,12.00
ORD-002068,2025-04-05,P002,Travel Tumbler,1,26.40
ORD-002068,2025-04-05,P005,Wool Beanie,1,22.00
ORD-002069,2025-04-05,P001,Ceramic Mug,4,13.20
ORD-002069,2025-04-05,P006,Cotton T-Shirt,1,25.00
ORD-002070,2025-04-05,P005,Wool Beanie,2,22.00
ORD-002070,2025-04-05,P009,Leather Wallet,1,45.00
ORD-002071,2025-04-05,P001,Ceramic Mug,2,12.00
ORD-002072,2025-04-05,P003,Linen Tote Bag,3,18.00
ORD-002073,2025-04-05,P004,Canvas Backpack,3,53.10
ORD-002074,2025-04-05,P017,Notebook A5,1,9.00
ORD-002075,2025-04-05,P001,Ceramic Mug,1,12.00
ORD-002075,2025-04-05,P008,Running Socks,4,11.00
ORD-002075,2025-04-05,P011,Bamboo Cutting Board,1,32.00
ORD-002075,2025-04-05,P033,Wool Blanket,2,79.00
ORD-002076,2025-04-05,P003,Linen Tote Bag,5,18.00
ORD-002077,2025-04-05,P001,Ceramic Mug,1,12.00
ORD-002078,2025-04-05,P009,Leather Wallet,4,40.50
ORD-002079,2025-04-05,P010,Steel Water Bottle,3,18.00
ORD-002080,2025-04-05,P012,Chef Knife,1,74.00
ORD-002081,2025-04-05,P001,Ceramic Mug,2,12.00
ORD-002082,2025-04-05,P001,Ceramic Mug,2,12.00
ORD-002082,2025-04-05,P002,Travel Tumbler,1,24.00
ORD-002082,2025-04-05,P028,Olive Oil 500ml,2,21.00
ORD-002083,2025-04-05,P001,Ceramic Mug,3,12.00
ORD-002084,2025-04-05,P003,Linen Tote Bag,4,18.00
ORD-002084,2025-04-05,P020,Laptop Stand,1,37.80
ORD-002084,2025-04-05,P030,Wall Calendar,1,13.00
ORD-002085,2025-04-05,P001,Ceramic Mug,2,12.00
ORD-002086,2025-04-05,P002,Travel Tumbler,1,24.00
ORD-002086,2025-04-05,P006,Cotton T-Shirt,1,25.00
ORD-002086,2025-04-05,P007,Denim Jacket,1,89.00
ORD-002087,2025-04-05,P002,Travel Tumbler,1,24.00
ORD-002087,2025-04-05,P009,Leather Wallet,1,45.00
ORD-002088,2025-04-05,P006,Cotton T-Shirt,3,25.00
ORD-002088,2025-04-05,P013,Cast Iron Pan,1,56.00
ORD-002089,2025-04-06,P001,Ceramic Mug,1,12.00
ORD-002089,2025-04-06,P002,Travel Tumbler,1,26.40
ORD-002090,2025-04-06,P002,Travel Tumbler,1,26.40
ORD-002090,2025-04-06,P005,Wool Beanie,1,24.20
ORD-002091,2025-04-06,P004,Canvas Backpack,1,59.00
ORD-002092,2025-04-06,P004,Canvas Backpack,1,59.00
ORD-002092,2025-04-06,P011,Bamboo Cutting Board,1,32.00
ORD-002093,2025-04-06,P011,Bamboo Cutting Board,1,32.00
ORD-002094,2025-04-06,P001,Ceramic Mug,1,12.00
ORD-002094,2025-04-06,P002,Travel Tumbler,1,24.00
ORD-002095,2025-04-06,P001,Ceramic Mug,1,12.00
ORD-002096,2025-04-06,P001,Ceramic Mug,1,12.00
ORD-002097,2025-04-06,P003,Linen Tote Bag,1,18.00
ORD-002098,2025-04-06,P003,Linen Tote Bag,1,16.20
ORD-002099,2025-04-06,P009,Leather Wallet,1,45.00
ORD-002099,2025-04-06,P018,Fountain Pen,2,38.00
ORD-002100,2025-04-06,P004,Canvas Backpack,3,59.00
ORD-002101,2025-04-06,P001,Ceramic Mug,4,12.00
ORD-002102,2025-04-06,P002,Travel Tumbler,1,26.40
ORD-002103,2025-04-06,P001,Ceramic Mug,1,12.00
ORD-002104,2025-04-06,P002,Travel Tumbler,1,26.40
ORD-002104,2025-04-06,P008,Running Socks,1,9.90
ORD-002104,2025-04-06,P014,Scented Candle,1,17.60
ORD-002104,2025-04-06,P018,Fountain Pen,1,41.80
ORD-002105,2025-04-06,P002,Travel Tumbler,3,24.00
ORD-002105,2025-04-06,P036,Gift Card Holder,1,6.30
ORD-002106,2025-04-06,P001,Ceramic Mug,1,12.00
ORD-002106,2025-04-06,P002,Travel Tumbler,5,24.00
ORD-002107,2025-04-06,P002,Travel Tumbler,1,26.40
ORD-002108,2025-04-06,P009,Leather Wallet,1,45.00
ORD-002109,2025-04-06,P003,Linen Tote Bag,1,18.00
ORD-002110,2025-04-06,P002,Travel Tumbler,1,21.60
ORD-002111,2025-04-06,P001,Ceramic Mug,1,13.20
ORD-002112,2025-04-06,P010,Steel Water Bottle,1,20.00
ORD-002113,2025-04-06,P002,Travel Tumbler,1,24.00
ORD-002114,2025-04-06,P023,Bluetooth Speaker,1,69.00
ORD-002115,2025-04-06,P007,Denim Jacket,1,89.00
ORD-002116,2025-04-06,P001,Ceramic Mug,1,12.00
ORD-002117,2025-04-06,P001,Ceramic Mug,2,12.00
ORD-002118,2025-04-06,P005,Wool Beanie,2,22.00
ORD-002119,2025-04-06,P015,Soy Wax Candle Set,1,34.00
ORD-002119,2025-04-06,P021,USB-C Cable,1,9.00
ORD-002120,2025-04-06,P002,Travel Tumbler,4,24.00
ORD-002121,2025-04-06,P001,Ceramic Mug,4,12.00
ORD-002121,2025-04-06,P012,Chef Knife,1,74.00
ORD-002122,2025-04-07,P002,Travel Tumbler,1,21.60
ORD-002123,2025-04-07,P018,Fountain Pen,2,41.80
ORD-002124,2025-04-07,P006,Cotton T-Shirt,1,25.00
ORD-002124,2025-04-07,P015,Soy Wax Candle Set,3,30.60
ORD-002124,2025-04-07,P019,Wireless Mouse,1,26.10
ORD-002125,2025-04-07,P001,Ceramic Mug,1,12.00
ORD-002126,2025-04-07,P002,Travel Tumbler,2,26.40
ORD-002127,2025-04-07,P001,Ceramic Mug,1,12.00
ORD-002127,2025-04-07,P006,Cotton T-Shirt,1,25.00
ORD-002128,2025-04-07,P001,Ceramic Mug,2,12.00
ORD-002128,2025-04-07,P003,Linen Tote Bag,4,18.00
ORD-002129,2025-04-07,P013,Cast Iron Pan,1,56.00
ORD-002130,2025-04-07,P003,Linen Tote Bag,1,18.00
ORD-002131,2025-04-07,P001,Ceramic Mug,5,12.00
ORD-002131,2025-04-07,P013,Cast Iron Pan,2,56.00
ORD-002132,2025-04-07,P027,Coffee Beans 1kg,2,30.80
ORD-002133,2025-04-07,P007,Denim Jacket,1,89.00
ORD-002134,2025-04-07,P004,Canvas Backpack,1,64.90
ORD-002135,2025-04-07,P003,Linen Tote Bag,1,18.00
ORD-002136,2025-04-07,P010,Steel Water Bottle,2,20.00
ORD-002137,2025-04-07,P001,Ceramic Mug,1,12.00
ORD-002138,2025-04-07,P001,Ceramic Mug,2,10.80
ORD-002138,2025-04-07,P009,Leather Wallet,2,45.00
ORD-002138,2025-04-07,P031,Framed Print,1,57.60
ORD-002139,2025-04-08,P001,Ceramic Mug,2,12.00
ORD-002140,2025-04-08,P002,Travel Tumbler,1,21.60
ORD-002141,2025-04-08,P016,Desk Lamp,3,44.10
ORD-002142,2025-04-08,P001,Ceramic Mug,2,12.00
ORD-002143,2025-04-08,P011,Bamboo Cutting Board,1,35.20
ORD-002144,2025-04-08,P001,Ceramic Mug,2,12.00
ORD-002145,2025-04-08,P007,Denim Jacket,2,89.00
ORD-002145,2025-04-08,P012,Chef Knife,1,74.00
ORD-002146,2025-04-08,P004,Canvas Backpack,1,59.00
ORD-002147,2025-04-08,P022,Phone Case,3,13.50
ORD-002148,2025-04-08,P003,Linen Tote Bag,1,18.00
ORD-002148,2025-04-08,P004,Canvas Backpack,1,64.90
ORD-002149,2025-04-08,P010,Steel Water Bottle,2,22.00
ORD-002150,2025-04-08,P011,Bamboo Cutting Board,1,35.20
ORD-002151,2025-04-08,P001,Ceramic Mug,2,12.00
ORD-002151,2025-04-08,P018,Fountain Pen,1,41.80
ORD-002152,2025-04-08,P013,Cast Iron Pan,1,56.00
ORD-002153,2025-04-08,P010,Steel Water Bottle,1,22.00
ORD-002154,2025-04-08,P023,Bluetooth Speaker,4,69.00
ORD-002155,2025-04-08,P001,Ceramic Mug,1,12.00
ORD-002156,2025-04-08,P001,Ceramic Mug,3,13.20
ORD-002156,2025-04-08,P009,Leather Wallet,5,45.00
ORD-002157,2025-04-08,P001,Ceramic Mug,1,12.00
ORD-002158,2025-04-09,P001,Ceramic Mug,1,13.20
ORD-002158,2025-04-09,P027,Coffee Beans 1kg,2,28.00
ORD-002159,2025-04-09,P011,Bamboo Cutting Board,1,32.00
ORD-002160,2025-04-09,P001,Ceramic Mug,2,12.00
ORD-002160,2025-04-09,P005,Wool Beanie,1,22.00
ORD-002160,2025-04-09,P028,Olive Oil 500ml,1,21.00
ORD-002161,2025-04-09,P001,Ceramic Mug,1,12.00
ORD-002161,2025-04-09,P006,Cotton T-Shirt,1,25.00
ORD-002161,2025-04-09,P010,Steel Water Bottle,1,20.00
ORD-002161,2025-04-09,P034,Sunglasses,1,46.00
ORD-002162,2025-04-09,P001,Ceramic Mug,1,12.00
ORD-002163,2025-04-09,P013,Cast Iron Pan,2,50.40
ORD-002164,2025-04-09,P005,Wool Beanie,1,22.00
ORD-002165,2025-04-09,P001,Ceramic Mug,1,12.00
ORD-002166,2025-04-09,P010,Steel Water Bottle,1,18.00
ORD-002167,2025-04-09,P002,Travel Tumbler,2,24.00
ORD-002167,2025-04-09,P003,Linen Tote Bag,5,18.00
ORD-002168,2025-04-09,P003,Linen Tote Bag,2,18.00
ORD-002169,2025-04-09,P001,Ceramic Mug,1,13.20
ORD-002170,2025-04-09,P001,Ceramic Mug,1,12.00
ORD-002170,2025-04-09,P004,Canvas Backpack,1,59.00
ORD-002171,2025-04-09,P001,Ceramic Mug,2,13.20
ORD-002171,2025-04-09,P006,Cotton T-Shirt,4,25.00
ORD-002172,2025-04-09,P001,Ceramic Mug,2,12.00
ORD-002172,2025-04-09,P002,Travel Tumbler,1,26.40
ORD-002172,2025-04-09,P028,Olive Oil 500ml,2,23.10
ORD-002173,2025-04-09,P013,Cast Iron Pan,3,56.00
ORD-002174,2025-04-09,P034,Sunglasses,2,41.40
ORD-002175,2025-04-09,P001,Ceramic Mug,1,10.80
ORD-002175,2025-04-09,P002,Travel Tumbler,1,21.60
ORD-002175,2025-04-09,P005,Wool Beanie,1,22.00
ORD-002175,2025-04-09,P031,Framed Print,1,64.00
ORD-002176,2025-04-09,P034,Sunglasses,1,46.00
ORD-002177,2025-04-10,P001,Ceramic Mug,2,12.00
ORD-002177,2025-04-10,P024,Yoga Mat,1,36.00
ORD-002178,2025-04-10,P001,Ceramic Mug,1,13.20
ORD-002178,2025-04-10,P002,Travel Tumbler,1,24.00
ORD-002178,2025-04-10,P010,Steel Water Bottle,1,20.00
ORD-002179,2025-04-10,P001,Ceramic Mug,4,13.20
ORD-002180,2025-04-10,P001,Ceramic Mug,1,12.00
ORD-002180,2025-04-10,P028,Olive Oil 500ml,1,21.00
ORD-002181,2025-04-10,P001,Ceramic Mug,1,13.20
ORD-002182,2025-04-10,P001,Ceramic Mug,1,12.00
ORD-002182,2025-04-10,P004,Canvas Backpack,1,59.00
ORD-002183,2025-04-10,P015,Soy Wax Candle Set,2,37.40
ORD-002184,2025-04-10,P001,Ceramic Mug,1,12.00
ORD-002184,2025-04-10,P002,Travel Tumbler,1,26.40
ORD-002184,2025-04-10,P003,Linen Tote Bag,3,18.00
ORD-002184,2025-04-10,P012,Chef Knife,1,74.00
ORD-002185,2025-04-10,P002,Travel Tumbler,1,24.00
ORD-002186,2025-04-10,P001,Ceramic Mug,5,12.00
ORD-002186,2025-04-10,P006,Cotton T-Shirt,1,27.50
ORD-002186,2025-04-10,P028,Olive Oil 500ml,1,23.10
ORD-002187,2025-04-10,P007,Denim Jacket,1,89.00
ORD-002188,2025-04-10,P002,Travel Tumbler,1,26.40
ORD-002189,2025-04-10,P002,Travel Tumbler,2,24.00
ORD-002189,2025-04-10,P004,Canvas Backpack,1,53.10
ORD-002189,2025-04-10,P019,Wireless Mouse,1,29.00
ORD-002190,2025-04-10,P001,Ceramic Mug,3,13.20
ORD-002191,2025-04-10,P007,Denim Jacket,2,89.00
ORD-002192,2025-04-10,P032,Throw Pillow,1,29.70
ORD-002193,2025-04-10,P004,Canvas Backpack,2,59.00
ORD-002194,2025-04-10,P001,Ceramic Mug,5,10.80
ORD-002194,2025-04-10,P011,Bamboo Cutting Board,1,35.20
ORD-002195,2025-04-10,P003,Linen Tote Bag,2,18.00
ORD-002196,2025-04-10,P003,Linen Tote Bag,1,16.20
ORD-002197,2025-04-10,P012,Chef Knife,2,66.60
ORD-002198,2025-04-10,P002,Travel Tumbler,1,21.60
ORD-002198,2025-04-10,P011,Bamboo Cutting Board,1,35.20
ORD-002199,2025-04-11,P008,Running Socks,1,12.10
ORD-002200,2025-04-11,P004,Canvas Backpack,2,59.00
ORD-002200,2025-04-11,P026,Herbal Tea Sampler,1,19.00
ORD-002201,2025-04-11,P001,Ceramic Mug,1,10.80
ORD-002201,2025-04-11,P016,Desk Lamp,1,49.00
ORD-002202,2025-04-11,P002,Travel Tumbler,2,21.60
ORD-002203,2025-04-11,P001,Ceramic Mug,5,12.00
ORD-002204,2025-04-11,P001,Ceramic Mug,5,12.00
ORD-002204,2025-04-11,P007,Denim Jacket,1,89.00
ORD-002205,2025-04-11,P001,Ceramic Mug,2,12.00
ORD-002205,2025-04-11,P006,Cotton T-Shirt,1,25.00
ORD-002205,2025-04-11,P029,Hot Sauce Trio,2,23.00
ORD-002205,2025-04-11,P035,Umbrella,1,28.60
ORD-002206,2025-04-11,P020,Laptop Stand,1,37.80
ORD-002207,2025-04-11,P006,Cotton T-Shirt,2,22.50
ORD-002208,2025-04-11,P003,Linen Tote Bag,1,18.00
ORD-002209,2025-04-11,P012,Chef Knife,1,74.00
ORD-002210,2025-04-11,P001,Ceramic Mug,1,12.00
ORD-002211,2025-04-11,P027,Coffee Beans 1kg,1,28.00
ORD-002212,2025-04-11,P003,Linen Tote Bag,2,18.00
ORD-002212,2025-04-11,P006,Cotton T-Shirt,1,25.00
ORD-002212,2025-04-11,P012,Chef Knife,3,74.00
ORD-002213,2025-04-11,P002,Travel Tumbler,2,24.00
ORD-002214,2025-04-11,P001,Ceramic Mug,1,12.00
ORD-002214,2025-04-11,P009,Leather Wallet,1,40.50
ORD-002215,2025-04-11,P007,Denim Jacket,2,97.90
ORD-002216,2025-04-11,P010,Steel Water Bottle,1,20.00
ORD-002217,2025-04-11,P001,Ceramic Mug,1,12.00
ORD-002217,2025-04-11,P004,Canvas Backpack,1,59.00
ORD-002218,2025-04-11,P001,Ceramic Mug,1,10.80
ORD-002219,2025-04-11,P002,Travel Tumbler,1,24.00
ORD-002219,2025-04-11,P025,Resistance Bands,1,15.40
ORD-002220,2025-04-11,P004,Canvas Backpack,1,59.00
ORD-002221,2025-04-11,P001,Ceramic Mug,1,12.00
ORD-002222,2025-04-11,P001,Ceramic Mug,1,10.80
ORD-002223,2025-04-11,P001,Ceramic Mug,1,13.20
ORD-002224,2025-04-11,P005,Wool Beanie,3,22.00
ORD-002225,2025-04-11,P001,Ceramic Mug,2,10.80
ORD-002225,2025-04-11,P004,Canvas Backpack,1,64.90
ORD-002225,2025-04-11,P012,Chef Knife,1,74.00
ORD-002226,2025-04-11,P001,Ceramic Mug,1,12.00
ORD-002227,2025-04-11,P002,Travel Tumbler,1,24.00
ORD-002228,2025-04-11,P001,Ceramic Mug,1,13.20
ORD-002229,2025-04-11,P005,Wool Beanie,1,22.00
ORD-002230,2025-04-11,P003,Linen Tote Bag,3,16.20
ORD-002230,2025-04-11,P005,Wool Beanie,1,24.20
ORD-002230,2025-04-11,P029,Hot Sauce Trio,5,23.00
ORD-002231,2025-04-12,P004,Canvas Backpack,2,59.00
ORD-002232,2025-04-12,P024,Yoga Mat,2,36.00
ORD-002233,2025-04-12,P001,Ceramic Mug,4,12.00
ORD-002233,2025-04-12,P003,Linen Tote Bag,1,18.00
ORD-002233,2025-04-12,P015,Soy Wax Candle Set,2,34.00
ORD-002234,2025-04-12,P001,Ceramic Mug,2,12.00
ORD-002234,2025-04-12,P009,Leather Wallet,2,45.00
ORD-002235,2025-04-12,P004,Canvas Backpack,3,59.00
ORD-002235,2025-04-12,P016,Desk Lamp,1,49.00
ORD-002236,2025-04-12,P005,Wool Beanie,2,24.20
ORD-002236,2025-04-12,P007,Denim Jacket,1,89.00
ORD-002236,2025-04-12,P021,USB-C Cable,1,9.00
ORD-002237,2025-04-12,P001,Ceramic Mug,1,10.80
ORD-002237,2025-04-12,P023,Bluetooth Speaker,1,69.00
ORD-002237,2025-04-12,P035,Umbrella,1,26.00
ORD-002238,2025-04-12,P005,Wool Beanie,1,22.00
ORD-002238,2025-04-12,P006,Cotton T-Shirt,3,25.00
ORD-002239,2025-04-12,P028,Olive Oil 500ml,3,21.00
ORD-002240,2025-04-12,P004,Canvas Backpack,4,59.00
ORD-002240,2025-04-12,P010,Steel Water Bottle,2,20.00
ORD-002241,2025-04-12,P001,Ceramic Mug,1,12.00
ORD-002242,2025-04-12,P001,Ceramic Mug,1,10.80
ORD-002242,2025-04-12,P005,Wool Beanie,1,22.00
ORD-002243,2025-04-12,P003,Linen Tote Bag,1,18.00
ORD-002243,2025-04-12,P008,Running Socks,2,11.00
ORD-002243,2025-04-12,P018,Fountain Pen,2,38.00
ORD-002244,2025-04-12,P003,Linen Tote Bag,1,18.00
ORD-002245,2025-04-12,P002,Travel Tumbler,4,24.00
ORD-002245,2025-04-12,P007,Denim Jacket,1,89.00
ORD-002246,2025-04-12,P024,Yoga Mat,1,32.40
ORD-002247,2025-04-12,P002,Travel Tumbler,1,21.60
ORD-002248,2025-04-12,P001,Ceramic Mug,1,12.00
ORD-002249,2025-04-12,P001,Ceramic Mug,1,12.00
ORD-002250,2025-04-12,P001,Ceramic Mug,2,12.00
ORD-002250,2025-04-12,P025,Resistance Bands,2,15.40
ORD-002251,2025-04-12,P001,Ceramic Mug,1,12.00
ORD-002251,2025-04-12,P002,Travel Tumbler,4,24.00
ORD-002252,2025-04-12,P001,Ceramic Mug,1,12.00
ORD-002253,2025-04-12,P001,Ceramic Mug,2,12.00
ORD-002254,2025-04-12,P004,Canvas Backpack,1,59.00
ORD-002255,2025-04-12,P015,Soy Wax Candle Set,3,34.00
ORD-002256,2025-04-12,P009,Leather Wallet,1,40.50
ORD-002257,2025-04-12,P001,Ceramic Mug,1,12.00
ORD-002257,2025-04-12,P003,Linen Tote Bag,2,16.20
ORD-002258,2025-04-12,P001,Ceramic Mug,1,12.00
ORD-002259,2025-04-12,P003,Linen Tote Bag,1,18.00
ORD-002260,2025-04-12,P002,Travel Tumbler,1,26.40
ORD-002260,2025-04-12,P005,Wool Beanie,2,19.80
ORD-002260,2025-04-12,P009,Leather Wallet,2,45.00
ORD-002261,2025-04-12,P006,Cotton T-Shirt,2,22.50
ORD-002262,2025-04-12,P012,Chef Knife,3,74.00
ORD-002263,2025-04-12,P003,Linen Tote Bag,2,18.00
ORD-002264,2025-04-12,P001,Ceramic Mug,1,12.00
ORD-002265,2025-04-13,P020,Laptop Stand,1,46.20
ORD-002266,2025-04-13,P002,Travel Tumbler,4,24.00
ORD-002267,2025-04-13,P007,Denim Jacket,3,80.10
ORD-002268,2025-04-13,P003,Linen Tote Bag,2,18.00
ORD-002268,2025-04-13,P012,Chef Knife,2,74.00
ORD-002269,2025-04-13,P006,Cotton T-Shirt,4,25.00
ORD-002270,2025-04-13,P003,Linen Tote Bag,1,16.20
ORD-002271,2025-04-13,P005,Wool Beanie,1,22.00
ORD-002272,2025-04-13,P001,Ceramic Mug,2,10.80
ORD-002272,2025-04-13,P003,Linen Tote Bag,1,16.20
ORD-002272,2025-04-13,P004,Canvas Backpack,2,53.10
ORD-002272,2025-04-13,P026,Herbal Tea Sampler,2,19.00
ORD-002273,2025-04-13,P024,Yoga Mat,1,36.00
ORD-002273,2025-04-13,P034,Sunglasses,2,46.00
ORD-002274,2025-04-13,P001,Ceramic Mug,1,12.00
ORD-002275,2025-04-13,P001,Ceramic Mug,1,13.20
ORD-002275,2025-04-13,P003,Linen Tote Bag,1,18.00
ORD-002275,2025-04-13,P018,Fountain Pen,2,38.00
ORD-002276,2025-04-13,P026,Herbal Tea Sampler,1,19.00
ORD-002277,2025-04-13,P033,Wool Blanket,1,79.00
ORD-002278,2025-04-13,P001,Ceramic Mug,2,12.00
ORD-002278,2025-04-13,P022,Phone Case,1,15.00
ORD-002279,2025-04-13,P001,Ceramic Mug,1,12.00
ORD-002280,2025-04-13,P014,Scented Candle,1,16.00
ORD-002281,2025-04-13,P002,Travel Tumbler,1,24.00
ORD-002282,2025-04-13,P001,Ceramic Mug,1,12.00
ORD-002282,2025-04-13,P016,Desk Lamp,1,53.90
ORD-002282,2025-04-13,P023,Bluetooth Speaker,1,69.00
ORD-002283,2025-04-13,P001,Ceramic Mug,1,12.00
ORD-002283,2025-04-13,P024,Yoga Mat,1,36.00
ORD-002284,2025-04-13,P001,Ceramic Mug,1,12.00
ORD-002284,2025-04-13,P003,Linen Tote Bag,1,16.20
ORD-002285,2025-04-13,P001,Ceramic Mug,1,12.00
ORD-002286,2025-04-13,P001,Ceramic Mug,1,12.00
ORD-002286,2025-04-13,P002,Travel Tumbler,1,24.00
ORD-002286,2025-04-13,P003,Linen Tote Bag,1,18.00
ORD-002287,2025-04-13,P004,Canvas Backpack,1,59.00
ORD-002287,2025-04-13,P033,Wool Blanket,2,79.00
ORD-002288,2025-04-13,P002,Travel Tumbler,3,24.00
ORD-002289,2025-04-13,P008,Running Socks,1,12.10
ORD-002289,2025-04-13,P026,Herbal Tea Sampler,1,19.00
ORD-002290,2025-04-13,P001,Ceramic Mug,1,12.00
ORD-002291,2025-04-13,P005,Wool Beanie,1,24.20
ORD-002292,2025-04-13,P002,Travel Tumbler,3,24.00
ORD-002292,2025-04-13,P004,Canvas Backpack,1,59.00
ORD-002292,2025-04-13,P005,Wool Beanie,3,19.80
ORD-002293,2025-04-13,P001,Ceramic Mug,2,12.00
ORD-002293,2025-04-13,P008,Running Socks,1,12.10
ORD-002294,2025-04-13,P001,Ceramic Mug,4,12.00
ORD-002295,2025-04-13,P003,Linen Tote Bag,1,16.20
ORD-002295,2025-04-13,P028,Olive Oil 500ml,1,23.10
ORD-002296,2025-04-13,P014,Scented Candle,3,17.60
ORD-002297,2025-04-14,P006,Cotton T-Shirt,1,25.00
ORD-002298,2025-04-14,P010,Steel Water Bottle,1,20.00
ORD-002299,2025-04-14,P004,Canvas Backpack,3,59.00
ORD-002300,2025-04-14,P003,Linen Tote Bag,4,16.20
ORD-002300,2025-04-14,P013,Cast Iron Pan,1,50.40
ORD-002301,2025-04-14,P012,Chef Knife,3,74.00
ORD-002302,2025-04-14,P006,Cotton T-Shirt,3,27.50
ORD-002303,2025-04-14,P007,Denim Jacket,2,89.00
ORD-002303,2025-04-14,P008,Running Socks,1,11.00
ORD-002304,2025-04-14,P002,Travel Tumbler,1,24.00
ORD-002304,2025-04-14,P012,Chef Knife,1,81.40
ORD-002304,2025-04-14,P034,Sunglasses,2,46.00
ORD-002305,2025-04-14,P001,Ceramic Mug,2,10.80
ORD-002305,2025-04-14,P002,Travel Tumbler,1,21.60
ORD-002305,2025-04-14,P003,Linen Tote Bag,3,18.00
ORD-002306,2025-04-14,P027,Coffee Beans 1kg,1,30.80
ORD-002307,2025-04-14,P001,Ceramic Mug,2,12.00
ORD-002307,2025-04-14,P003,Linen Tote Bag,1,18.00
ORD-002308,2025-04-14,P005,Wool Beanie,1,22.00
ORD-002309,2025-04-14,P021,USB-C Cable,1,11.00
ORD-002310,2025-04-14,P001,Ceramic Mug,1,12.00
ORD-002311,2025-04-14,P010,Steel Water Bottle,1,22.00
ORD-002312,2025-04-14,P002,Travel Tumbler,3,21.60
ORD-002313,2025-04-14,P001,Ceramic Mug,1,13.20
ORD-002314,2025-04-14,P025,Resistance Bands,1,14.00
ORD-002315,2025-04-14,P018,Fountain Pen,1,38.00
ORD-002316,2025-04-14,P021,USB-C Cable,1,9.00
ORD-002317,2025-04-14,P003,Linen Tote Bag,2,19.80
ORD-002317,2025-04-14,P005,Wool Beanie,3,22.00
ORD-002318,2025-04-14,P001,Ceramic Mug,4,10.80
ORD-002318,2025-04-14,P004,Canvas Backpack,2,59.00
ORD-002319,2025-04-14,P001,Ceramic Mug,2,12.00
ORD-002320,2025-04-14,P034,Sunglasses,1,46.00
ORD-002321,2025-04-14,P006,Cotton T-Shirt,2,22.50
ORD-002322,2025-04-14,P010,Steel Water Bottle,5,22.00
ORD-002323,2025-04-14,P002,Travel Tumbler,1,24.00
ORD-002323,2025-04-14,P005,Wool Beanie,2,22.00
ORD-002324,2025-04-15,P001,Ceramic Mug,1,10.80
ORD-002324,2025-04-15,P003,Linen Tote Bag,2,18.00
ORD-002325,2025-04-15,P006,Cotton T-Shirt,2,25.00
ORD-002325,2025-04-15,P023,Bluetooth Speaker,2,75.90
ORD-002326,2025-04-15,P001,Ceramic Mug,1,12.00
ORD-002327,2025-04-15,P001,Ceramic Mug,2,13.20
ORD-002328,2025-04-15,P005,Wool Beanie,4,22.00
ORD-002329,2025-04-15,P001,Ceramic Mug,1,12.00
ORD-002329,2025-04-15,P013,Cast Iron Pan,2,50.40
ORD-002330,2025-04-15,P012,Chef Knife,1,66.60
ORD-002331,2025-04-15,P001,Ceramic Mug,1,12.00
ORD-002331,2025-04-15,P006,Cotton T-Shirt,2,25.00
ORD-002331,2025-04-15,P013,Cast Iron Pan,1,50.40
ORD-002331,2025-04-15,P034,Sunglasses,1,46.00
ORD-002332,2025-04-15,P001,Ceramic Mug,2,12.00
ORD-002333,2025-04-15,P005,Wool Beanie,2,24.20
ORD-002334,2025-04-15,P001,Ceramic Mug,1,10.80
ORD-002334,2025-04-15,P003,Linen Tote Bag,1,18.00
ORD-002335,2025-04-15,P005,Wool Beanie,1,24.20
ORD-002336,2025-04-15,P001,Ceramic Mug,2,13.20
ORD-002337,2025-04-15,P003,Linen Tote Bag,1,18.00
ORD-002338,2025-04-15,P001,Ceramic Mug,1,13.20
ORD-002339,2025-04-15,P001,Ceramic Mug,2,12.00
ORD-002339,2025-04-15,P007,Denim Jacket,1,89.00
ORD-002340,2025-04-15,P002,Travel Tumbler,1,24.00
ORD-002340,2025-04-15,P027,Coffee Beans 1kg,1,28.00
ORD-002341,2025-04-15,P001,Ceramic Mug,4,13.20
ORD-002342,2025-04-15,P001,Ceramic Mug,1,12.00
ORD-002342,2025-04-15,P006,Cotton T-Shirt,1,27.50
ORD-002342,2025-04-15,P011,Bamboo Cutting Board,4,32.00
ORD-002342,2025-04-15,P018,Fountain Pen,1,38.00
ORD-002343,2025-04-15,P006,Cotton T-Shirt,1,25.00
ORD-002344,2025-04-15,P001,Ceramic Mug,1,10.80
ORD-002344,2025-04-15,P021,USB-C Cable,5,10.00
ORD-002344,2025-04-15,P036,Gift Card Holder,1,7.70
ORD-002345,2025-04-16,P001,Ceramic Mug,2,12.00
ORD-002345,2025-04-16,P002,Travel Tumbler,2,24.00
ORD-002345,2025-04-16,P009,Leather Wallet,1,45.00
ORD-002345,2025-04-16,P029,Hot Sauce Trio,1,20.70
ORD-002346,2025-04-16,P005,Wool Beanie,1,22.00
ORD-002347,2025-04-16,P016,Desk Lamp,3,49.00
ORD-002347,2025-04-16,P019,Wireless Mouse,1,29.00
ORD-002348,2025-04-16,P035,Umbrella,2,28.60
ORD-002349,2025-04-16,P001,Ceramic Mug,3,12.00
ORD-002350,2025-04-16,P001,Ceramic Mug,1,13.20
ORD-002350,2025-04-16,P002,Travel Tumbler,1,24.00
ORD-002350,2025-04-16,P004,Canvas Backpack,1,53.10
ORD-002350,2025-04-16,P032,Throw Pillow,1,27.00
ORD-002351,2025-04-16,P001,Ceramic Mug,2,12.00
ORD-002352,2025-04-16,P001,Ceramic Mug,3,12.00
ORD-002353,2025-04-16,P002,Travel Tumbler,1,24.00
ORD-002353,2025-04-16,P008,Running Socks,2,9.90
ORD-002353,2025-04-16,P012,Chef Knife,2,74.00
ORD-002353,2025-04-16,P022,Phone Case,1,15.00
ORD-002354,2025-04-16,P001,Ceramic Mug,1,12.00
ORD-002355,2025-04-16,P001,Ceramic Mug,1,12.00
ORD-002356,2025-04-16,P001,Ceramic Mug,1,12.00
ORD-002356,2025-04-16,P005,Wool Beanie,2,22.00
ORD-002357,2025-04-16,P001,Ceramic Mug,1,12.00
ORD-002357,2025-04-16,P013,Cast Iron Pan,1,56.00
ORD-002358,2025-04-16,P018,Fountain Pen,1,38.00
ORD-002358,2025-04-16,P034,Sunglasses,1,50.60
ORD-002359,2025-04-17,P004,Canvas Backpack,2,59.00
ORD-002360,2025-04-17,P001,Ceramic Mug,2,12.00
ORD-002360,2025-04-17,P014,Scented Candle,1,16.00
ORD-002360,2025-04-17,P018,Fountain Pen,2,38.00
ORD-002361,2025-04-17,P029,Hot Sauce Trio,1,23.00
ORD-002362,2025-04-17,P001,Ceramic Mug,2,10.80
ORD-002363,2025-04-17,P001,Ceramic Mug,3,10.80
ORD-002363,2025-04-17,P016,Desk Lamp,1,49.00
ORD-002364,2025-04-17,P001,Ceramic Mug,1,13.20
ORD-002364,2025-04-17,P011,Bamboo Cutting Board,1,32.00
ORD-002364,2025-04-17,P012,Chef Knife,1,74.00
ORD-002365,2025-04-17,P001,Ceramic Mug,2,12.00
ORD-002366,2025-04-17,P001,Ceramic Mug,1,12.00
ORD-002367,2025-04-17,P026,Herbal Tea Sampler,3,19.00
ORD-002368,2025-04-17,P007,Denim Jacket,2,89.00
ORD-002369,2025-04-17,P007,Denim Jacket,4,89.00
ORD-002369,2025-04-17,P011,Bamboo Cutting Board,1,32.00
ORD-002370,2025-04-17,P021,USB-C Cable,1,11.00
ORD-002371,2025-04-17,P002,Travel Tumbler,1,24.00
ORD-002371,2025-04-17,P033,Wool Blanket,1,71.10
ORD-002372,2025-04-17,P012,Chef Knife,2,74.00
ORD-002373,2025-04-17,P003,Linen Tote Bag,1,18.00
ORD-002374,2025-04-17,P001,Ceramic Mug,3,12.00
ORD-002375,2025-04-17,P003,Linen Tote Bag,1,18.00
ORD-002376,2025-04-17,P001,Ceramic Mug,1,12.00
ORD-002377,2025-04-17,P001,Ceramic Mug,1,12.00
ORD-002377,2025-04-17,P002,Travel Tumbler,5,24.00
ORD-002378,2025-04-17,P001,Ceramic Mug,1,12.00
ORD-002379,2025-04-17,P003,Linen Tote Bag,1,19.80
ORD-002380,2025-04-17,P002,Travel Tumbler,1,24.00
ORD-002381,2025-04-18,P002,Travel Tumbler,2,24.00
ORD-002382,2025-04-18,P010,Steel Water Bottle,1,20.00
ORD-002383,2025-04-18,P027,Coffee Beans 1kg,1,28.00
ORD-002384,2025-04-18,P005,Wool Beanie,1,22.00
ORD-002385,2025-04-18,P008,Running Socks,3,11.00
ORD-002386,2025-04-18,P013,Cast Iron Pan,4,56.00
ORD-002387,2025-04-18,P002,Travel Tumbler,1,24.00
ORD-002387,2025-04-18,P020,Laptop Stand,1,42.00
ORD-002388,2025-04-18,P002,Travel Tumbler,1,24.00
ORD-002389,2025-04-18,P032,Throw Pillow,2,24.30
ORD-002390,2025-04-18,P002,Travel Tumbler,1,24.00
ORD-002390,2025-04-18,P003,Linen Tote Bag,1,18.00
ORD-002391,2025-04-18,P008,Running Socks,1,12.10
ORD-002392,2025-04-18,P001,Ceramic Mug,3,12.00
ORD-002393,2025-04-18,P027,Coffee Beans 1kg,1,28.00
ORD-002394,2025-04-18,P003,Linen Tote Bag,2,19.80
ORD-002395,2025-04-18,P002,Travel Tumbler,2,26.40
ORD-002396,2025-04-18,P001,Ceramic Mug,1,13.20
ORD-002397,2025-04-18,P023,Bluetooth Speaker,1,69.00
ORD-002398,2025-04-18,P001,Ceramic Mug,3,12.00
ORD-002399,2025-04-18,P011,Bamboo Cutting Board,1,32.00
ORD-002400,2025-04-18,P001,Ceramic Mug,1,12.00
ORD-002401,2025-04-18,P018,Fountain Pen,3,41.80
ORD-002401,2025-04-18,P031,Framed Print,1,57.60
ORD-002402,2025-04-18,P001,Ceramic Mug,1,12.00
ORD-002402,2025-04-18,P007,Denim Jacket,1,89.00
ORD-002403,2025-04-18,P001,Ceramic Mug,1,10.80
ORD-002403,2025-04-18,P002,Travel Tumbler,4,24.00
ORD-002404,2025-04-18,P001,Ceramic Mug,1,12.00
ORD-002405,2025-04-18,P002,Travel Tumbler,5,24.00
ORD-002406,2025-04-19,P001,Ceramic Mug,1,12.00
ORD-002407,2025-04-19,P001,Ceramic Mug,1,12.00
ORD-002408,2025-04-19,P001,Ceramic Mug,4,12.00
ORD-002409,2025-04-19,P001,Ceramic Mug,2,12.00
ORD-002410,2025-04-19,P001,Ceramic Mug,5,12.00
ORD-002410,2025-04-19,P016,Desk Lamp,1,44.10
ORD-002411,2025-04-19,P022,Phone Case,1,13.50
ORD-002412,2025-04-19,P008,Running Socks,1,11.00
ORD-002413,2025-04-19,P002,Travel Tumbler,3,24.00
ORD-002414,2025-04-19,P001,Ceramic Mug,1,12.00
ORD-002414,2025-04-19,P014,Scented Candle,1,16.00
ORD-002414,2025-04-19,P015,Soy Wax Candle Set,1,34.00
ORD-002415,2025-04-19,P015,Soy Wax Candle Set,1,34.00
ORD-002415,2025-04-19,P017,Notebook A5,1,9.90
ORD-002416,2025-04-19,P002,Travel Tumbler,1,24.00
ORD-002416,2025-04-19,P003,Linen Tote Bag,1,19.80
ORD-002416,2025-04-19,P004,Canvas Backpack,1,64.90
ORD-002416,2025-04-19,P017,Notebook A5,1,9.90
ORD-002417,2025-04-19,P001,Ceramic Mug,1,12.00
ORD-002417,2025-04-19,P007,Denim Jacket,1,80.10
ORD-002418,2025-04-19,P001,Ceramic Mug,1,13.20
ORD-002419,2025-04-19,P001,Ceramic Mug,1,13.20
ORD-002420,2025-04-19,P005,Wool Beanie,1,22.00
ORD-002421,2025-04-19,P008,Running Socks,1,11.00
ORD-002422,2025-04-19,P009,Leather Wallet,2,40.50
ORD-002423,2025-04-19,P002,Travel Tumbler,4,21.60
ORD-002423,2025-04-19,P004,Canvas Backpack,1,59.00
ORD-002424,2025-04-19,P001,Ceramic Mug,1,13.20
ORD-002424,2025-04-19,P002,Travel Tumbler,1,24.00
ORD-002424,2025-04-19,P010,Steel Water Bottle,1,20.00
ORD-002425,2025-04-19,P001,Ceramic Mug,1,12.00
ORD-002426,2025-04-19,P008,Running Socks,1,11.00
ORD-002426,2025-04-19,P015,Soy Wax Candle Set,3,34.00
ORD-002426,2025-04-19,P017,Notebook A5,2,9.90
ORD-002427,2025-04-19,P002,Travel Tumbler,1,26.40
ORD-002428,2025-04-19,P001,Ceramic Mug,1,12.00
ORD-002429,2025-04-19,P004,Canvas Backpack,2,59.00
ORD-002430,2025-04-19,P004,Canvas Backpack,1,64.90
ORD-002431,2025-04-19,P001,Ceramic Mug,1,10.80
ORD-002431,2025-04-19,P018,Fountain Pen,1,34.20
ORD-002432,2025-04-19,P001,Ceramic Mug,2,12.00
ORD-002432,2025-04-19,P012,Chef Knife,3,66.60
ORD-002433,2025-04-19,P007,Denim Jacket,1,89.00
ORD-002434,2025-04-19,P002,Travel Tumbler,1,24.00
ORD-002435,2025-04-19,P004,Canvas Backpack,2,59.00
ORD-002435,2025-04-19,P034,Sunglasses,2,46.00
ORD-002436,2025-04-19,P036,Gift Card Holder,1,7.00
ORD-002437,2025-04-19,P012,Chef Knife,1,66.60
ORD-002437,2025-04-19,P024,Yoga Mat,4,36.00
ORD-002438,2025-04-19,P001,Ceramic Mug,1,12.00
ORD-002439,2025-04-19,P002,Travel Tumbler,1,26.40
ORD-002440,2025-04-19,P001,Ceramic Mug,2,10.80
ORD-002441,2025-04-20,P001,Ceramic Mug,2,12.00
ORD-002442,2025-04-20,P007,Denim Jacket,1,89.00
ORD-002443,2025-04-20,P030,Wall Calendar,2,13.00
ORD-002444,2025-04-20,P001,Ceramic Mug,1,12.00
ORD-002445,2025-04-20,P018,Fountain Pen,3,38.00
ORD-002446,2025-04-20,P001,Ceramic Mug,1,12.00
ORD-002446,2025-04-20,P002,Travel Tumbler,1,24.00
ORD-002447,2025-04-20,P002,Travel Tumbler,1,24.00
ORD-002448,2025-04-20,P001,Ceramic Mug,2,12.00
ORD-002449,2025-04-20,P019,Wireless Mouse,1,29.00
ORD-002450,2025-04-20,P001,Ceramic Mug,1,12.00
ORD-002451,2025-04-20,P001,Ceramic Mug,2,13.20
ORD-002452,2025-04-20,P002,Travel Tumbler,1,21.60
ORD-002453,2025-04-20,P001,Ceramic Mug,2,12.00
ORD-002454,2025-04-20,P003,Linen Tote Bag,1,18.00
ORD-002454,2025-04-20,P015,Soy Wax Candle Set,2,37.40
ORD-002455,2025-04-20,P002,Travel Tumbler,2,21.60
ORD-002456,2025-04-20,P001,Ceramic Mug,1,12.00
ORD-002457,2025-04-20,P002,Travel Tumbler,1,21.60
ORD-002457,2025-04-20,P003,Linen Tote Bag,5,18.00
ORD-002457,2025-04-20,P007,Denim Jacket,1,80.10
ORD-002457,2025-04-20,P031,Framed Print,1,64.00
ORD-002458,2025-04-20,P001,Ceramic Mug,1,12.00
ORD-002458,2025-04-20,P023,Bluetooth Speaker,1,69.00
ORD-002459,2025-04-20,P002,Travel Tumbler,2,24.00
ORD-002460,2025-04-20,P013,Cast Iron Pan,1,56.00
ORD-002461,2025-04-20,P001,Ceramic Mug,1,13.20
ORD-002462,2025-04-20,P001,Ceramic Mug,1,12.00
ORD-002463,2025-04-20,P001,Ceramic Mug,1,12.00
ORD-002463,2025-04-20,P003,Linen Tote Bag,1,19.80
ORD-002463,2025-04-20,P004,Canvas Backpack,1,53.10
ORD-002464,2025-04-20,P003,Linen Tote Bag,2,16.20
ORD-002464,2025-04-20,P010,Steel Water Bottle,2,20.00
ORD-002465,2025-04-20,P013,Cast Iron Pan,1,56.00
ORD-002466,2025-04-20,P008,Running Socks,4,11.00
ORD-002467,2025-04-20,P002,Travel Tumbler,1,26.40
ORD-002468,2025-04-20,P001,Ceramic Mug,1,12.00
ORD-002469,2025-04-20,P001,Ceramic Mug,4,12.00
ORD-002470,2025-04-20,P010,Steel Water Bottle,1,20.00
ORD-002471,2025-04-20,P012,Chef Knife,1,81.40
ORD-002471,2025-04-20,P033,Wool Blanket,2,79.00
ORD-002472,2025-04-20,P001,Ceramic Mug,2,12.00
ORD-002473,2025-04-21,P001,Ceramic Mug,1,12.00
ORD-002473,2025-04-21,P002,Travel Tumbler,2,24.00
ORD-002474,2025-04-21,P003,Linen Tote Bag,2,19.80
ORD-002475,2025-04-21,P002,Travel Tumbler,1,24.00
ORD-002475,2025-04-21,P005,Wool Beanie,2,22.00
ORD-002475,2025-04-21,P024,Yoga Mat,2,32.40
ORD-002476,2025-04-21,P003,Linen Tote Bag,1,18.00
ORD-002476,2025-04-21,P005,Wool Beanie,1,19.80
ORD-002477,2025-04-21,P033,Wool Blanket,1,79.00
ORD-002478,2025-04-21,P003,Linen Tote Bag,4,18.00
ORD-002479,2025-04-21,P001,Ceramic Mug,2,12.00
ORD-002479,2025-04-21,P002,Travel Tumbler,3,26.40
ORD-002480,2025-04-21,P015,Soy Wax Candle Set,2,34.00
ORD-002480,2025-04-21,P030,Wall Calendar,1,13.00
ORD-002481,2025-04-21,P001,Ceramic Mug,1,10.80
ORD-002482,2025-04-21,P002,Travel Tumbler,1,24.00
ORD-002483,2025-04-21,P012,Chef Knife,1,74.00
ORD-002484,2025-04-21,P003,Linen Tote Bag,1,19.80
ORD-002484,2025-04-21,P006,Cotton T-Shirt,2,25.00
ORD-002485,2025-04-21,P010,Steel Water Bottle,1,22.00
ORD-002486,2025-04-21,P006,Cotton T-Shirt,2,25.00
ORD-002487,2025-04-21,P001,Ceramic Mug,5,12.00
ORD-002488,2025-04-21,P001,Ceramic Mug,1,12.00
ORD-002488,2025-04-21,P006,Cotton T-Shirt,2,25.00
ORD-002489,2025-04-21,P005,Wool Beanie,3,22.00
ORD-002490,2025-04-21,P011,Bamboo Cutting Board,2,28.80
ORD-002490,2025-04-21,P013,Cast Iron Pan,4,56.00
ORD-002491,2025-04-21,P001,Ceramic Mug,5,10.80
ORD-002492,2025-04-21,P001,Ceramic Mug,1,12.00
ORD-002493,2025-04-21,P001,Ceramic Mug,2,12.00
ORD-002494,2025-04-21,P001,Ceramic Mug,1,10.80
ORD-002495,2025-04-21,P001,Ceramic Mug,2,12.00
ORD-002495,2025-04-21,P002,Travel Tumbler,1,24.00
ORD-002495,2025-04-21,P007,Denim Jacket,2,89.00
ORD-002496,2025-04-21,P007,Denim Jacket,1,80.10
ORD-002497,2025-04-21,P004,Canvas Backpack,4,64.90
ORD-002498,2025-04-21,P001,Ceramic Mug,2,12.00
ORD-002499,2025-04-21,P001,Ceramic Mug,2,13.20
ORD-002500,2025-04-21,P001,Ceramic Mug,3,13.20
ORD-002501,2025-04-22,P006,Cotton T-Shirt,1,25.00
ORD-002501,2025-04-22,P012,Chef Knife,2,74.00
ORD-002502,2025-04-22,P002,Travel Tumbler,4,21.60
ORD-002503,2025-04-22,P002,Travel Tumbler,2,21.60
ORD-002504,2025-04-22,P002,Travel Tumbler,1,24.00
ORD-002504,2025-04-22,P017,Notebook A5,5,9.00
ORD-002505,2025-04-22,P014,Scented Candle,1,16.00
ORD-002506,2025-04-22,P001,Ceramic Mug,2,12.00
ORD-002507,2025-04-22,P001,Ceramic Mug,1,12.00
ORD-002507,2025-04-22,P002,Travel Tumbler,1,24.00
ORD-002507,2025-04-22,P011,Bamboo Cutting Board,2,35.20
ORD-002508,2025-04-22,P001,Ceramic Mug,1,10.80
ORD-002509,2025-04-22,P005,Wool Beanie,2,24.20
ORD-002510,2025-04-22,P001,Ceramic Mug,3,12.00
ORD-002511,2025-04-22,P002,Travel Tumbler,1,21.60
ORD-002511,2025-04-22,P010,Steel Water Bottle,3,22.00
ORD-002512,2025-04-22,P002,Travel Tumbler,1,26.40
ORD-002513,2025-04-22,P032,Throw Pillow,2,29.70
ORD-002514,2025-04-22,P006,Cotton T-Shirt,2,25.00
ORD-002515,2025-04-22,P007,Denim Jacket,2,89.00
ORD-002516,2025-04-22,P002,Travel Tumbler,1,21.60
ORD-002517,2025-04-22,P007,Denim Jacket,1,89.00
ORD-002518,2025-04-22,P001,Ceramic Mug,5,12.00
ORD-002518,2025-04-22,P003,Linen Tote Bag,1,18.00
ORD-002518,2025-04-22,P013,Cast Iron Pan,2,56.00
ORD-002519,2025-04-22,P004,Canvas Backpack,2,59.00
ORD-002520,2025-04-22,P001,Ceramic Mug,1,12.00
ORD-002520,2025-04-22,P005,Wool Beanie,3,22.00
ORD-002521,2025-04-22,P008,Running Socks,1,12.10
ORD-002522,2025-04-23,P002,Travel Tumbler,1,24.00
ORD-002523,2025-04-23,P007,Denim Jacket,1,80.10
ORD-002524,2025-04-23,P004,Canvas Backpack,2,64.90
ORD-002524,2025-04-23,P010,Steel Water Bottle,3,20.00
ORD-002525,2025-04-23,P001,Ceramic Mug,1,12.00
ORD-002526,2025-04-23,P001,Ceramic Mug,1,12.00
ORD-002526,2025-04-23,P002,Travel Tumbler,1,24.00
ORD-002527,2025-04-23,P001,Ceramic Mug,1,12.00
ORD-002528,2025-04-23,P014,Scented Candle,1,16.00
ORD-002529,2025-04-23,P001,Ceramic Mug,2,12.00
ORD-002530,2025-04-23,P002,Travel Tumbler,1,24.00
ORD-002531,2025-04-23,P001,Ceramic Mug,2,12.00
ORD-002532,2025-04-23,P004,Canvas Backpack,1,59.00
ORD-002533,2025-04-23,P008,Running Socks,1,11.00
ORD-002534,2025-04-23,P002,Travel Tumbler,4,24.00
ORD-002535,2025-04-23,P027,Coffee Beans 1kg,1,28.00
ORD-002536,2025-04-23,P007,Denim Jacket,1,89.00
ORD-002537,2025-04-24,P011,Bamboo Cutting Board,2,32.00
ORD-002537,2025-04-24,P027,Coffee Beans 1kg,2,28.00
ORD-002538,2025-04-24,P034,Sunglasses,1,46.00
ORD-002539,2025-04-24,P014,Scented Candle,1,14.40
ORD-002540,2025-04-24,P008,Running Socks,1,11.00
ORD-002541,2025-04-24,P005,Wool Beanie,1,24.20
ORD-002541,2025-04-24,P007,Denim Jacket,5,89.00
ORD-002541,2025-04-24,P013,Cast Iron Pan,4,56.00
ORD-002542,2025-04-24,P001,Ceramic Mug,2,12.00
ORD-002542,2025-04-24,P020,Laptop Stand,2,46.20
ORD-002543,2025-04-24,P025,Resistance Bands,5,14.00
ORD-002544,2025-04-24,P001,Ceramic Mug,2,12.00
ORD-002545,2025-04-24,P001,Ceramic Mug,2,12.00
ORD-002546,2025-04-24,P017,Notebook A5,5,9.00
ORD-002546,2025-04-24,P026,Herbal Tea Sampler,1,19.00
ORD-002547,2025-04-24,P003,Linen Tote Bag,2,18.00
ORD-002548,2025-04-24,P003,Linen Tote Bag,1,18.00
ORD-002549,2025-04-24,P001,Ceramic Mug,1,10.80
ORD-002550,2025-04-24,P019,Wireless Mouse,5,29.00
ORD-002551,2025-04-24,P002,Travel Tumbler,3,26.40
ORD-002552,2025-04-24,P005,Wool Beanie,5,22.00
ORD-002552,2025-04-24,P016,Desk Lamp,2,49.00
ORD-002553,2025-04-24,P005,Wool Beanie,3,22.00
ORD-002554,2025-04-24,P001,Ceramic Mug,1,12.00
ORD-002555,2025-04-25,P002,Travel Tumbler,4,24.00
ORD-002555,2025-04-25,P004,Canvas Backpack,1,53.10
ORD-002555,2025-04-25,P006,Cotton T-Shirt,1,27.50
ORD-002556,2025-04-25,P001,Ceramic Mug,3,12.00
ORD-002557,2025-04-25,P005,Wool Beanie,1,22.00
ORD-002557,2025-04-25,P006,Cotton T-Shirt,2,25.00
ORD-002557,2025-04-25,P021,USB-C Cable,1,10.00
ORD-002558,2025-04-25,P002,Travel Tumbler,1,24.00
ORD-002559,2025-04-25,P018,Fountain Pen,2,38.00
ORD-002560,2025-04-25,P018,Fountain Pen,1,38.00
ORD-002561,2025-04-25,P003,Linen Tote Bag,1,19.80
ORD-002562,2025-04-25,P005,Wool Beanie,1,22.00
ORD-002562,2025-04-25,P012,Chef Knife,4,74.00
ORD-002563,2025-04-25,P019,Wireless Mouse,1,29.00
ORD-002564,2025-04-25,P002,Travel Tumbler,2,24.00
ORD-002564,2025-04-25,P017,Notebook A5,1,9.00
ORD-002565,2025-04-25,P001,Ceramic Mug,1,12.00
ORD-002565,2025-04-25,P003,Linen Tote Bag,4,18.00
ORD-002566,2025-04-25,P004,Canvas Backpack,2,59.00
ORD-002567,2025-04-25,P004,Canvas Backpack,1,59.00
ORD-002568,2025-04-25,P001,Ceramic Mug,4,12.00
ORD-002568,2025-04-25,P008,Running Socks,1,11.00
ORD-002569,2025-04-25,P006,Cotton T-Shirt,4,25.00
ORD-002570,2025-04-25,P004,Canvas Backpack,1,59.00
ORD-002570,2025-04-25,P007,Denim Jacket,4,89.00
ORD-002571,2025-04-25,P005,Wool Beanie,3,19.80
ORD-002572,2025-04-25,P001,Ceramic Mug,3,10.80
ORD-002573,2025-04-25,P001,Ceramic Mug,3,10.80
ORD-002574,2025-04-25,P001,Ceramic Mug,2,12.00
ORD-002574,2025-04-25,P003,Linen Tote Bag,3,18.00
ORD-002575,2025-04-26,P001,Ceramic Mug,2,12.00
ORD-002576,2025-04-26,P026,Herbal Tea Sampler,1,19.00
ORD-002577,2025-04-26,P001,Ceramic Mug,4,12.00
ORD-002578,2025-04-26,P004,Canvas Backpack,1,59.00
ORD-002579,2025-04-26,P002,Travel Tumbler,1,26.40
ORD-002579,2025-04-26,P033,Wool Blanket,1,79.00
ORD-002580,2025-04-26,P003,Linen Tote Bag,2,16.20
ORD-002581,2025-04-26,P003,Linen Tote Bag,2,16.20
ORD-002581,2025-04-26,P006,Cotton T-Shirt,1,25.00
ORD-002582,2025-04-26,P001,Ceramic Mug,1,12.00
ORD-002582,2025-04-26,P010,Steel Water Bottle,1,20.00
ORD-002583,2025-04-26,P002,Travel Tumbler,3,24.00
ORD-002584,2025-04-26,P001,Ceramic Mug,1,12.00
ORD-002585,2025-04-26,P008,Running Socks,1,11.00
ORD-002586,2025-04-26,P001,Ceramic Mug,1,10.80
ORD-002586,2025-04-26,P006,Cotton T-Shirt,3,25.00
ORD-002587,2025-04-26,P001,Ceramic Mug,1,12.00
ORD-002587,2025-04-26,P007,Denim Jacket,1,89.00
ORD-002588,2025-04-26,P003,Linen Tote Bag,1,18.00
ORD-002588,2025-04-26,P004,Canvas Backpack,3,59.00
ORD-002589,2025-04-26,P010,Steel Water Bottle,1,18.00
ORD-002590,2025-04-26,P004,Canvas Backpack,3,59.00
ORD-002591,2025-04-26,P002,Travel Tumbler,3,26.40
ORD-002592,2025-04-26,P022,Phone Case,1,15.00
ORD-002593,2025-04-26,P003,Linen Tote Bag,2,18.00
ORD-002594,2025-04-26,P005,Wool Beanie,1,22.00
ORD-002595,2025-04-26,P001,Ceramic Mug,1,12.00
ORD-002596,2025-04-26,P002,Travel Tumbler,2,24.00
ORD-002596,2025-04-26,P009,Leather Wallet,1,49.50
ORD-002597,2025-04-26,P001,Ceramic Mug,1,12.00
ORD-002598,2025-04-26,P001,Ceramic Mug,1,12.00
ORD-002598,2025-04-26,P003,Linen Tote Bag,4,18.00
ORD-002598,2025-04-26,P014,Scented Candle,1,16.00
ORD-002599,2025-04-26,P003,Linen Tote Bag,2,18.00
ORD-002599,2025-04-26,P004,Canvas Backpack,1,53.10
ORD-002600,2025-04-26,P027,Coffee Beans 1kg,1,28.00
ORD-002601,2025-04-26,P026,Herbal Tea Sampler,2,19.00
ORD-002602,2025-04-26,P001,Ceramic Mug,3,10.80
ORD-002603,2025-04-26,P015,Soy Wax Candle Set,4,34.00
ORD-002604,2025-04-26,P001,Ceramic Mug,2,12.00
ORD-002605,2025-04-26,P001,Ceramic Mug,5,12.00
ORD-002606,2025-04-26,P003,Linen Tote Bag,1,18.00
ORD-002607,2025-04-26,P001,Ceramic Mug,1,13.20
ORD-002607,2025-04-26,P006,Cotton T-Shirt,1,27.50
ORD-002608,2025-04-26,P003,Linen Tote Bag,2,18.00
ORD-002608,2025-04-26,P012,Chef Knife,2,74.00
ORD-002609,2025-04-26,P001,Ceramic Mug,3,13.20
ORD-002610,2025-04-26,P004,Canvas Backpack,1,59.00
ORD-002611,2025-04-27,P013,Cast Iron Pan,1,56.00
ORD-002612,2025-04-27,P010,Steel Water Bottle,1,20.00
ORD-002613,2025-04-27,P002,Travel Tumbler,1,24.00
ORD-002614,2025-04-27,P001,Ceramic Mug,2,12.00
ORD-002614,2025-04-27,P011,Bamboo Cutting Board,1,32.00
ORD-002614,2025-04-27,P036,Gift Card Holder,1,7.70
ORD-002615,2025-04-27,P004,Canvas Backpack,2,59.00
ORD-002616,2025-04-27,P036,Gift Card Holder,1,7.00
ORD-002617,2025-04-27,P014,Scented Candle,2,16.00
ORD-002618,2025-04-27,P001,Ceramic Mug,1,10.80
ORD-002619,2025-04-27,P001,Ceramic Mug,1,12.00
ORD-002619,2025-04-27,P003,Linen Tote Bag,1,18.00
ORD-002620,2025-04-27,P006,Cotton T-Shirt,2,25.00
ORD-002621,2025-04-27,P005,Wool Beanie,1,19.80
ORD-002622,2025-04-27,P001,Ceramic Mug,1,12.00
ORD-002622,2025-04-27,P002,Travel Tumbler,4,21.60
ORD-002623,2025-04-27,P007,Denim Jacket,1,89.00
ORD-002624,2025-04-27,P002,Travel Tumbler,3,26.40
ORD-002625,2025-04-27,P032,Throw Pillow,1,27.00
ORD-002626,2025-04-27,P013,Cast Iron Pan,2,56.00
ORD-002627,2025-04-27,P014,Scented Candle,2,17.60
ORD-002628,2025-04-27,P001,Ceramic Mug,1,10.80
ORD-002629,2025-04-27,P001,Ceramic Mug,1,12.00
ORD-002629,2025-04-27,P005,Wool Beanie,1,22.00
ORD-002629,2025-04-27,P013,Cast Iron Pan,1,50.40
ORD-002630,2025-04-27,P001,Ceramic Mug,1,12.00
ORD-002630,2025-04-27,P016,Desk Lamp,1,49.00
ORD-002631,2025-04-27,P007,Denim Jacket,1,89.00
ORD-002632,2025-04-27,P003,Linen Tote Bag,3,18.00
ORD-002632,2025-04-27,P006,Cotton T-Shirt,1,25.00
ORD-002633,2025-04-27,P005,Wool Beanie,2,22.00
ORD-002633,2025-04-27,P018,Fountain Pen,1,38.00
ORD-002634,2025-04-27,P001,Ceramic Mug,1,13.20
ORD-002634,2025-04-27,P006,Cotton T-Shirt,1,22.50
ORD-002635,2025-04-27,P030,Wall Calendar,1,11.70
ORD-002636,2025-04-27,P005,Wool Beanie,1,22.00
ORD-002637,2025-04-27,P006,Cotton T-Shirt,1,25.00
ORD-002637,2025-04-27,P026,Herbal Tea Sampler,3,19.00
ORD-002638,2025-04-27,P001,Ceramic Mug,2,12.00
ORD-002638,2025-04-27,P004,Canvas Backpack,1,59.00
ORD-002639,2025-04-27,P001,Ceramic Mug,5,13.20
ORD-002640,2025-04-27,P001,Ceramic Mug,1,12.00
ORD-002640,2025-04-27,P029,Hot Sauce Trio,1,25.30
ORD-002641,2025-04-27,P005,Wool Beanie,1,19.80
ORD-002642,2025-04-27,P004,Canvas Backpack,1,53.10
ORD-002642,2025-04-27,P005,Wool Beanie,2,24.20
ORD-002643,2025-04-27,P022,Phone Case,1,15.00
ORD-002644,2025-04-28,P017,Notebook A5,2,9.00
ORD-002645,2025-04-28,P001,Ceramic Mug,2,12.00
ORD-002646,2025-04-28,P001,Ceramic Mug,2,12.00
ORD-002646,2025-04-28,P031,Framed Print,3,64.00
ORD-002647,2025-04-28,P027,Coffee Beans 1kg,4,28.00
ORD-002647,2025-04-28,P028,Olive Oil 500ml,1,21.00
ORD-002648,2025-04-28,P009,Leather Wallet,1,45.00
ORD-002649,2025-04-28,P001,Ceramic Mug,1,10.80
ORD-002649,2025-04-28,P003,Linen Tote Bag,2,18.00
ORD-002649,2025-04-28,P008,Running Socks,4,11.00
ORD-002649,2025-04-28,P027,Coffee Beans 1kg,1,25.20
ORD-002650,2025-04-28,P001,Ceramic Mug,3,12.00
ORD-002650,2025-04-28,P002,Travel Tumbler,1,24.00
ORD-002651,2025-04-28,P004,Canvas Backpack,5,59.00
ORD-002652,2025-04-28,P002,Travel Tumbler,1,24.00
ORD-002653,2025-04-28,P009,Leather Wallet,2,45.00
ORD-002654,2025-04-28,P002,Travel Tumbler,2,26.40
ORD-002655,2025-04-28,P006,Cotton T-Shirt,1,25.00
ORD-002656,2025-04-28,P001,Ceramic Mug,2,12.00
ORD-002657,2025-04-28,P001,Ceramic Mug,2,10.80
ORD-002658,2025-04-28,P028,Olive Oil 500ml,1,23.10
ORD-002659,2025-04-28,P003,Linen Tote Bag,2,18.00
ORD-002660,2025-04-28,P001,Ceramic Mug,4,12.00
ORD-002660,2025-04-28,P002,Travel Tumbler,1,26.40
ORD-002660,2025-04-28,P022,Phone Case,1,15.00
ORD-002660,2025-04-28,P025,Resistance Bands,1,14.00
ORD-002661,2025-04-28,P002,Travel Tumbler,3,24.00
ORD-002662,2025-04-28,P002,Travel Tumbler,1,24.00
ORD-002663,2025-04-28,P014,Scented Candle,1,16.00
ORD-002664,2025-04-28,P009,Leather Wallet,1,45.00
ORD-002665,2025-04-28,P021,USB-C Cable,2,10.00
ORD-002666,2025-04-28,P001,Ceramic Mug,1,12.00
ORD-002667,2025-04-29,P018,Fountain Pen,1,38.00
ORD-002668,2025-04-29,P001,Ceramic Mug,1,12.00
ORD-002668,2025-04-29,P002,Travel Tumbler,1,24.00
ORD-002668,2025-04-29,P009,Leather Wallet,1,40.50
ORD-002668,2025-04-29,P033,Wool Blanket,1,86.90
ORD-002669,2025-04-29,P003,Linen Tote Bag,2,19.80
ORD-002670,2025-04-29,P006,Cotton T-Shirt,1,25.00
ORD-002671,2025-04-29,P001,Ceramic Mug,3,12.00
ORD-002671,2025-04-29,P002,Travel Tumbler,4,21.60
ORD-002671,2025-04-29,P031,Framed Print,5,64.00
ORD-002672,2025-04-29,P003,Linen Tote Bag,2,18.00
ORD-002673,2025-04-29,P013,Cast Iron Pan,2,56.00
ORD-002674,2025-04-29,P002,Travel Tumbler,3,21.60
ORD-002675,2025-04-29,P001,Ceramic Mug,2,12.00
ORD-002675,2025-04-29,P002,Travel Tumbler,1,24.00
ORD-002675,2025-04-29,P010,Steel Water Bottle,2,20.00
ORD-002676,2025-04-29,P002,Travel Tumbler,5,24.00
ORD-002677,2025-04-29,P003,Linen Tote Bag,3,18.00
ORD-002678,2025-04-29,P013,Cast Iron Pan,3,56.00
ORD-002679,2025-04-29,P017,Notebook A5,2,9.00
ORD-002679,2025-04-29,P028,Olive Oil 500ml,3,21.00
ORD-002680,2025-04-29,P004,Canvas Backpack,1,59.00
ORD-002681,2025-04-29,P001,Ceramic Mug,5,12.00
ORD-002682,2025-04-29,P025,Resistance Bands,1,14.00
ORD-002683,2025-04-29,P002,Travel Tumbler,4,24.00
ORD-002683,2025-04-29,P003,Linen Tote Bag,2,16.20
ORD-002684,2025-04-29,P001,Ceramic Mug,2,12.00
ORD-002685,2025-04-29,P002,Travel Tumbler,1,26.40
ORD-002686,2025-04-30,P026,Herbal Tea Sampler,5,19.00
ORD-002687,2025-04-30,P015,Soy Wax Candle Set,1,30.60
ORD-002688,2025-04-30,P003,Linen Tote Bag,2,16.20
ORD-002689,2025-04-30,P035,Umbrella,1,23.40
ORD-002690,2025-04-30,P009,Leather Wallet,1,49.50
ORD-002690,2025-04-30,P016,Desk Lamp,2,49.00
ORD-002690,2025-04-30,P022,Phone Case,1,15.00
ORD-002691,2025-04-30,P005,Wool Beanie,1,22.00
ORD-002691,2025-04-30,P021,USB-C Cable,3,10.00
ORD-002691,2025-04-30,P033,Wool Blanket,1,79.00
ORD-002692,2025-04-30,P002,Travel Tumbler,2,24.00
ORD-002693,2025-04-30,P027,Coffee Beans 1kg,1,30.80
ORD-002694,2025-04-30,P011,Bamboo Cutting Board,2,32.00
ORD-002694,2025-04-30,P020,Laptop Stand,1,42.00
ORD-002695,2025-04-30,P017,Notebook A5,1,9.00
ORD-002696,2025-04-30,P021,USB-C Cable,1,10.00
ORD-002697,2025-04-30,P001,Ceramic Mug,1,12.00
ORD-002698,2025-04-30,P003,Linen Tote Bag,2,18.00
ORD-002698,2025-04-30,P005,Wool Beanie,1,22.00
ORD-002699,2025-04-30,P009,Leather Wallet,1,49.50
ORD-002700,2025-05-01,P010,Steel Water Bottle,1,20.00
ORD-002701,2025-05-01,P011,Bamboo Cutting Board,1,32.00
ORD-002702,2025-05-01,P009,Leather Wallet,1,45.00
ORD-002703,2025-05-01,P004,Canvas Backpack,1,64.90
ORD-002704,2025-05-01,P001,Ceramic Mug,3,12.00
ORD-002704,2025-05-01,P012,Chef Knife,2,81.40
ORD-002705,2025-05-01,P017,Notebook A5,1,9.00
ORD-002706,2025-05-01,P001,Ceramic Mug,2,12.00
ORD-002706,2025-05-01,P010,Steel Water Bottle,1,20.00
ORD-002706,2025-05-01,P033,Wool Blanket,2,79.00
ORD-002707,2025-05-01,P003,Linen Tote Bag,2,18.00
ORD-002708,2025-05-01,P001,Ceramic Mug,1,12.00
ORD-002708,2025-05-01,P010,Steel Water Bottle,1,22.00
ORD-002709,2025-05-01,P003,Linen Tote Bag,2,18.00
ORD-002710,2025-05-01,P004,Canvas Backpack,1,64.90
ORD-002711,2025-05-01,P009,Leather Wallet,1,45.00
ORD-002712,2025-05-01,P010,Steel Water Bottle,2,20.00
ORD-002713,2025-05-01,P001,Ceramic Mug,1,12.00
ORD-002713,2025-05-01,P012,Chef Knife,1,74.00
ORD-002714,2025-05-01,P005,Wool Beanie,1,22.00
ORD-002715,2025-05-01,P001,Ceramic Mug,1,13.20
ORD-002715,2025-05-01,P003,Linen Tote Bag,1,18.00
ORD-002716,2025-05-01,P001,Ceramic Mug,2,12.00
ORD-002717,2025-05-01,P004,Canvas Backpack,1,59.00
ORD-002717,2025-05-01,P005,Wool Beanie,1,22.00
ORD-002718,2025-05-01,P004,Canvas Backpack,2,53.10
ORD-002719,2025-05-01,P020,Laptop Stand,2,42.00
ORD-002720,2025-05-01,P005,Wool Beanie,2,22.00
ORD-002721,2025-05-01,P011,Bamboo Cutting Board,2,32.00
ORD-002722,2025-05-02,P008,Running Socks,2,11.00
ORD-002723,2025-05-02,P025,Resistance Bands,1,14.00
ORD-002724,2025-05-02,P002,Travel Tumbler,3,24.00
ORD-002725,2025-05-02,P007,Denim Jacket,3,89.00
ORD-002726,2025-05-02,P002,Travel Tumbler,1,24.00
ORD-002727,2025-05-02,P001,Ceramic Mug,2,12.00
ORD-002728,2025-05-02,P007,Denim Jacket,1,97.90
ORD-002729,2025-05-02,P005,Wool Beanie,1,22.00
ORD-002729,2025-05-02,P007,Denim Jacket,1,89.00
ORD-002730,2025-05-02,P001,Ceramic Mug,1,13.20
ORD-002730,2025-05-02,P003,Linen Tote Bag,1,16.20
ORD-002730,2025-05-02,P005,Wool Beanie,1,22.00
ORD-002731,2025-05-02,P023,Bluetooth Speaker,2,69.00
ORD-002732,2025-05-02,P001,Ceramic Mug,3,12.00
ORD-002732,2025-05-02,P003,Linen Tote Bag,1,18.00
ORD-002733,2025-05-02,P002,Travel Tumbler,1,26.40
ORD-002734,2025-05-02,P030,Wall Calendar,3,13.00
ORD-002735,2025-05-02,P008,Running Socks,2,11.00
ORD-002736,2025-05-02,P001,Ceramic Mug,1,12.00
ORD-002737,2025-05-02,P013,Cast Iron Pan,1,56.00
ORD-002738,2025-05-02,P023,Bluetooth Speaker,1,62.10
ORD-002739,2025-05-02,P025,Resistance Bands,2,15.40
ORD-002740,2025-05-02,P002,Travel Tumbler,1,26.40
ORD-002741,2025-05-02,P008,Running Socks,2,9.90
ORD-002742,2025-05-02,P006,Cotton T-Shirt,2,27.50
ORD-002743,2025-05-02,P002,Travel Tumbler,1,24.00
ORD-002744,2025-05-02,P001,Ceramic Mug,1,12.00
ORD-002744,2025-05-02,P002,Travel Tumbler,3,24.00
ORD-002744,2025-05-02,P014,Scented Candle,1,16.00
ORD-002745,2025-05-02,P030,Wall Calendar,1,13.00
ORD-002746,2025-05-02,P001,Ceramic Mug,3,12.00
ORD-002746,2025-05-02,P002,Travel Tumbler,1,24.00
ORD-002746,2025-05-02,P006,Cotton T-Shirt,3,27.50
ORD-002747,2025-05-02,P022,Phone Case,1,15.00
ORD-002748,2025-05-02,P005,Wool Beanie,2,22.00
ORD-002748,2025-05-02,P009,Leather Wallet,1,45.00
ORD-002749,2025-05-02,P005,Wool Beanie,2,22.00
ORD-002750,2025-05-02,P003,Linen Tote Bag,1,18.00
ORD-002751,2025-05-02,P002,Travel Tumbler,3,24.00
ORD-002751,2025-05-02,P006,Cotton T-Shirt,1,25.00
ORD-002751,2025-05-02,P018,Fountain Pen,2,38.00
ORD-002752,2025-05-03,P009,Leather Wallet,2,40.50
ORD-002753,2025-05-03,P002,Travel Tumbler,1,26.40
ORD-002754,2025-05-03,P006,Cotton T-Shirt,1,25.00
ORD-002755,2025-05-03,P006,Cotton T-Shirt,2,25.00
ORD-002755,2025-05-03,P010,Steel Water Bottle,3,20.00
ORD-002756,2025-05-03,P001,Ceramic Mug,3,10.80
ORD-002757,2025-05-03,P002,Travel Tumbler,2,21.60
ORD-002757,2025-05-03,P003,Linen Tote Bag,1,18.00
ORD-002758,2025-05-03,P001,Ceramic Mug,2,12.00
ORD-002758,2025-05-03,P006,Cotton T-Shirt,1,27.50
ORD-002758,2025-05-03,P009,Leather Wallet,1,45.00
ORD-002759,2025-05-03,P001,Ceramic Mug,2,12.00
ORD-002760,2025-05-03,P002,Travel Tumbler,2,24.00
ORD-002761,2025-05-03,P001,Ceramic Mug,1,13.20
ORD-002762,2025-05-03,P001,Ceramic Mug,1,12.00
ORD-002762,2025-05-03,P004,Canvas Backpack,2,59.00
ORD-002763,2025-05-03,P010,Steel Water Bottle,2,20.00
ORD-002764,2025-05-03,P021,USB-C Cable,5,9.00
ORD-002765,2025-05-03,P018,Fountain Pen,1,38.00
ORD-002766,2025-05-03,P001,Ceramic Mug,3,12.00
ORD-002767,2025-05-03,P003,Linen Tote Bag,3,16.20
ORD-002768,2025-05-03,P024,Yoga Mat,1,39.60
ORD-002769,2025-05-03,P001,Ceramic Mug,5,12.00
ORD-002770,2025-05-03,P008,Running Socks,4,12.10
ORD-002771,2025-05-03,P001,Ceramic Mug,1,12.00
ORD-002771,2025-05-03,P005,Wool Beanie,1,24.20
ORD-002772,2025-05-03,P008,Running Socks,2,11.00
ORD-002773,2025-05-03,P014,Scented Candle,2,16.00
ORD-002774,2025-05-03,P003,Linen Tote Bag,1,18.00
ORD-002775,2025-05-03,P001,Ceramic Mug,1,13.20
ORD-002775,2025-05-03,P002,Travel Tumbler,1,24.00
ORD-002775,2025-05-03,P019,Wireless Mouse,1,29.00
ORD-002776,2025-05-04,P002,Travel Tumbler,3,26.40
ORD-002777,2025-05-04,P027,Coffee Beans 1kg,1,28.00
ORD-002778,2025-05-04,P006,Cotton T-Shirt,1,25.00
ORD-002779,2025-05-04,P002,Travel Tumbler,1,24.00
ORD-002779,2025-05-04,P032,Throw Pillow,1,27.00
ORD-002780,2025-05-04,P028,Olive Oil 500ml,4,21.00
ORD-002781,2025-05-04,P022,Phone Case,2,13.50
ORD-002782,2025-05-04,P003,Linen Tote Bag,1,18.00
ORD-002782,2025-05-04,P012,Chef Knife,2,81.40
ORD-002783,2025-05-04,P003,Linen Tote Bag,2,18.00
ORD-002784,2025-05-04,P009,Leather Wallet,1,45.00
ORD-002785,2025-05-04,P034,Sunglasses,1,46.00
ORD-002786,2025-05-04,P001,Ceramic Mug,1,12.00
ORD-002786,2025-05-04,P018,Fountain Pen,2,38.00
ORD-002787,2025-05-04,P001,Ceramic Mug,3,10.80
ORD-002788,2025-05-04,P002,Travel Tumbler,1,24.00
ORD-002789,2025-05-04,P030,Wall Calendar,1,13.00
ORD-002790,2025-05-04,P007,Denim Jacket,4,89.00
ORD-002791,2025-05-04,P001,Ceramic Mug,1,12.00
ORD-002791,2025-05-04,P003,Linen Tote Bag,1,18.00
ORD-002791,2025-05-04,P005,Wool Beanie,1,22.00
ORD-002792,2025-05-04,P018,Fountain Pen,3,38.00
ORD-002793,2025-05-04,P002,Travel Tumbler,4,24.00
ORD-002793,2025-05-04,P011,Bamboo Cutting Board,2,35.20
ORD-002794,2025-05-04,P019,Wireless Mouse,2,29.00
ORD-002795,2025-05-04,P003,Linen Tote Bag,1,16.20
ORD-002795,2025-05-04,P008,Running Socks,1,9.90
ORD-002796,2025-05-04,P011,Bamboo Cutting Board,1,32.00
ORD-002797,2025-05-04,P005,Wool Beanie,1,24.20
ORD-002798,2025-05-04,P003,Linen Tote Bag,1,19.80
ORD-002799,2025-05-04,P003,Linen Tote Bag,1,16.20
ORD-002800,2025-05-04,P001,Ceramic Mug,2,13.20
ORD-002800,2025-05-04,P002,Travel Tumbler,5,24.00
ORD-002800,2025-05-04,P003,Linen Tote Bag,1,18.00
ORD-002800,2025-05-04,P007,Denim Jacket,5,89.00
ORD-002801,2025-05-04,P001,Ceramic Mug,1,10.80
ORD-002802,2025-05-04,P001,Ceramic Mug,5,12.00
ORD-002803,2025-05-04,P001,Ceramic Mug,1,12.00
ORD-002804,2025-05-05,P020,Laptop Stand,2,37.80
ORD-002805,2025-05-05,P001,Ceramic Mug,1,12.00
ORD-002805,2025-05-05,P003,Linen Tote Bag,2,16.20
ORD-002806,2025-05-05,P021,USB-C Cable,1,10.00
ORD-002807,2025-05-05,P004,Canvas Backpack,1,59.00
ORD-002807,2025-05-05,P031,Framed Print,1,64.00
ORD-002808,2025-05-05,P012,Chef Knife,1,66.60
ORD-002809,2025-05-05,P007,Denim Jacket,1,89.00
ORD-002809,2025-05-05,P011,Bamboo Cutting Board,1,32.00
ORD-002810,2025-05-05,P006,Cotton T-Shirt,2,27.50
ORD-002811,2025-05-05,P002,Travel Tumbler,1,24.00
ORD-002812,2025-05-05,P005,Wool Beanie,2,22.00
ORD-002813,2025-05-05,P006,Cotton T-Shirt,1,25.00
ORD-002814,2025-05-05,P013,Cast Iron Pan,1,56.00
ORD-002815,2025-05-05,P002,Travel Tumbler,2,24.00
ORD-002815,2025-05-05,P003,Linen Tote Bag,2,19.80
ORD-002816,2025-05-05,P020,Laptop Stand,5,42.00
ORD-002817,2025-05-05,P001,Ceramic Mug,1,13.20
ORD-002817,2025-05-05,P014,Scented Candle,1,14.40
ORD-002818,2025-05-05,P020,Laptop Stand,1,42.00
ORD-002819,2025-05-05,P002,Travel Tumbler,1,26.40
ORD-002820,2025-05-05,P003,Linen Tote Bag,2,18.00
ORD-002821,2025-05-05,P001,Ceramic Mug,1,12.00
ORD-002822,2025-05-05,P011,Bamboo Cutting Board,1,28.80
ORD-002823,2025-05-05,P004,Canvas Backpack,2,59.00
ORD-002824,2025-05-05,P014,Scented Candle,2,17.60
ORD-002825,2025-05-05,P001,Ceramic Mug,1,12.00
ORD-002825,2025-05-05,P002,Travel Tumbler,1,24.00
ORD-002826,2025-05-05,P002,Travel Tumbler,2,24.00
ORD-002827,2025-05-05,P018,Fountain Pen,4,38.00
ORD-002828,2025-05-06,P027,Coffee Beans 1kg,1,28.00
ORD-002829,2025-05-06,P025,Resistance Bands,3,14.00
ORD-002830,2025-05-06,P001,Ceramic Mug,1,13.20
ORD-002831,2025-05-06,P035,Umbrella,1,26.00
ORD-002832,2025-05-06,P003,Linen Tote Bag,1,18.00
ORD-002833,2025-05-06,P001,Ceramic Mug,1,13.20
ORD-002833,2025-05-06,P011,Bamboo Cutting Board,1,32.00
ORD-002834,2025-05-06,P030,Wall Calendar,1,14.30
ORD-002835,2025-05-06,P003,Linen Tote Bag,1,18.00
ORD-002835,2025-05-06,P007,Denim Jacket,3,89.00
ORD-002836,2025-05-06,P004,Canvas Backpack,1,53.10
ORD-002837,2025-05-06,P020,Laptop Stand,2,37.80
ORD-002838,2025-05-06,P002,Travel Tumbler,1,24.00
ORD-002839,2025-05-06,P017,Notebook A5,2,8.10
ORD-002840,2025-05-06,P001,Ceramic Mug,1,12.00
ORD-002841,2025-05-06,P001,Ceramic Mug,1,10.80
ORD-002842,2025-05-07,P009,Leather Wallet,2,45.00
ORD-002843,2025-05-07,P003,Linen Tote Bag,4,18.00
ORD-002844,2025-05-07,P001,Ceramic Mug,2,12.00
ORD-002845,2025-05-07,P001,Ceramic Mug,1,12.00
ORD-002845,2025-05-07,P002,Travel Tumbler,2,24.00
ORD-002846,2025-05-07,P010,Steel Water Bottle,1,18.00
ORD-002846,2025-05-07,P034,Sunglasses,1,46.00
ORD-002847,2025-05-07,P021,USB-C Cable,1,10.00
ORD-002848,2025-05-07,P003,Linen Tote Bag,1,16.20
ORD-002849,2025-05-07,P002,Travel Tumbler,2,21.60
ORD-002849,2025-05-07,P026,Herbal Tea Sampler,1,19.00
ORD-002850,2025-05-07,P002,Travel Tumbler,2,24.00
ORD-002850,2025-05-07,P013,Cast Iron Pan,1,50.40
ORD-002851,2025-05-07,P014,Scented Candle,2,16.00
ORD-002852,2025-05-07,P010,Steel Water Bottle,1,20.00
ORD-002853,2025-05-07,P002,Travel Tumbler,5,24.00
ORD-002854,2025-05-07,P007,Denim Jacket,1,80.10
ORD-002855,2025-05-07,P020,Laptop Stand,1,46.20
ORD-002856,2025-05-07,P002,Travel Tumbler,1,24.00
ORD-002857,2025-05-07,P001,Ceramic Mug,2,12.00
ORD-002857,2025-05-07,P012,Chef Knife,1,74.00
ORD-002858,2025-05-07,P002,Travel Tumbler,2,26.40
ORD-002859,2025-05-08,P022,Phone Case,3,15.00
ORD-002859,2025-05-08,P031,Framed Print,1,64.00
ORD-002860,2025-05-08,P001,Ceramic Mug,3,12.00
ORD-002860,2025-05-08,P006,Cotton T-Shirt,5,25.00
ORD-002861,2025-05-08,P024,Yoga Mat,1,36.00
ORD-002862,2025-05-08,P001,Ceramic Mug,1,13.20
ORD-002863,2025-05-08,P001,Ceramic Mug,5,12.00
ORD-002863,2025-05-08,P005,Wool Beanie,2,19.80
ORD-002864,2025-05-08,P001,Ceramic Mug,1,12.00
ORD-002864,2025-05-08,P011,Bamboo Cutting Board,1,32.00
ORD-002864,2025-05-08,P020,Laptop Stand,3,37.80
ORD-002865,2025-05-08,P006,Cotton T-Shirt,1,25.00
ORD-002866,2025-05-08,P001,Ceramic Mug,4,12.00
ORD-002867,2025-05-08,P001,Ceramic Mug,1,12.00
ORD-002868,2025-05-08,P003,Linen Tote Bag,1,18.00
ORD-002868,2025-05-08,P004,Canvas Backpack,1,59.00
ORD-002868,2025-05-08,P011,Bamboo Cutting Board,3,32.00
ORD-002869,2025-05-08,P001,Ceramic Mug,1,12.00
ORD-002870,2025-05-08,P001,Ceramic Mug,1,13.20
ORD-002870,2025-05-08,P006,Cotton T-Shirt,5,22.50
ORD-002870,2025-05-08,P015,Soy Wax Candle Set,1,34.00
ORD-002871,2025-05-08,P001,Ceramic Mug,1,12.00
ORD-002872,2025-05-08,P001,Ceramic Mug,1,12.00
ORD-002873,2025-05-08,P010,Steel Water Bottle,5,20.00
ORD-002873,2025-05-08,P027,Coffee Beans 1kg,1,30.80
ORD-002874,2025-05-08,P005,Wool Beanie,2,19.80
ORD-002875,2025-05-08,P002,Travel Tumbler,1,24.00
ORD-002876,2025-05-08,P003,Linen Tote Bag,2,18.00
ORD-002877,2025-05-08,P009,Leather Wallet,1,45.00
ORD-002878,2025-05-08,P005,Wool Beanie,1,22.00
ORD-002879,2025-05-08,P001,Ceramic Mug,1,12.00
ORD-002880,2025-05-08,P002,Travel Tumbler,1,26.40
ORD-002880,2025-05-08,P024,Yoga Mat,2,36.00
ORD-002881,2025-05-08,P001,Ceramic Mug,1,10.80
ORD-002882,2025-05-09,P008,Running Socks,3,11.00
ORD-002883,2025-05-09,P002,Travel Tumbler,2,24.00
ORD-002883,2025-05-09,P010,Steel Water Bottle,2,20.00
ORD-002884,2025-05-09,P003,Linen Tote Bag,1,19.80
ORD-002885,2025-05-09,P015,Soy Wax Candle Set,2,34.00
ORD-002886,2025-05-09,P001,Ceramic Mug,1,12.00
ORD-002887,2025-05-09,P022,Phone Case,2,15.00
ORD-002888,2025-05-09,P002,Travel Tumbler,1,24.00
ORD-002888,2025-05-09,P003,Linen Tote Bag,1,16.20
ORD-002889,2025-05-09,P011,Bamboo Cutting Board,1,32.00
ORD-002890,2025-05-09,P002,Travel Tumbler,2,24.00
ORD-002891,2025-05-09,P001,Ceramic Mug,2,12.00
ORD-002891,2025-05-09,P002,Travel Tumbler,2,24.00
ORD-002891,2025-05-09,P003,Linen Tote Bag,2,18.00
ORD-002891,2025-05-09,P005,Wool Beanie,1,22.00
ORD-002892,2025-05-09,P015,Soy Wax Candle Set,5,34.00
ORD-002892,2025-05-09,P025,Resistance Bands,1,14.00
ORD-002893,2025-05-09,P001,Ceramic Mug,2,12.00
ORD-002894,2025-05-09,P025,Resistance Bands,3,14.00
ORD-002895,2025-05-09,P007,Denim Jacket,2,80.10
ORD-002895,2025-05-09,P013,Cast Iron Pan,1,61.60
ORD-002896,2025-05-09,P001,Ceramic Mug,4,12.00
ORD-002896,2025-05-09,P002,Travel Tumbler,4,24.00
ORD-002896,2025-05-09,P003,Linen Tote Bag,4,18.00
ORD-002896,2025-05-09,P008,Running Socks,1,11.00
ORD-002897,2025-05-09,P001,Ceramic Mug,1,12.00
ORD-002898,2025-05-09,P002,Travel Tumbler,1,24.00
ORD-002899,2025-05-09,P005,Wool Beanie,1,22.00
ORD-002899,2025-05-09,P031,Framed Print,1,70.40
ORD-002900,2025-05-09,P001,Ceramic Mug,1,12.00
ORD-002900,2025-05-09,P003,Linen Tote Bag,3,16.20
ORD-002900,2025-05-09,P005,Wool Beanie,1,22.00
ORD-002901,2025-05-09,P001,Ceramic Mug,2,12.00
ORD-002901,2025-05-09,P022,Phone Case,1,16.50
ORD-002902,2025-05-09,P001,Ceramic Mug,1,10.80
ORD-002903,2025-05-09,P020,Laptop Stand,1,42.00
ORD-002904,2025-05-09,P006,Cotton T-Shirt,4,25.00
ORD-002905,2025-05-10,P002,Travel Tumbler,1,24.00
ORD-002905,2025-05-10,P003,Linen Tote Bag,1,18.00
ORD-002905,2025-05-10,P012,Chef Knife,2,74.00
ORD-002905,2025-05-10,P033,Wool Blanket,5,79.00
ORD-002906,2025-05-10,P004,Canvas Backpack,2,64.90
ORD-002907,2025-05-10,P002,Travel Tumbler,1,24.00
ORD-002908,2025-05-10,P004,Canvas Backpack,1,59.00
ORD-002909,2025-05-10,P001,Ceramic Mug,1,12.00
ORD-002909,2025-05-10,P007,Denim Jacket,1,89.00
ORD-002909,2025-05-10,P010,Steel Water Bottle,1,20.00
ORD-002910,2025-05-10,P001,Ceramic Mug,1,12.00
ORD-002911,2025-05-10,P001,Ceramic Mug,1,10.80
ORD-002912,2025-05-10,P024,Yoga Mat,1,32.40
ORD-002913,2025-05-10,P003,Linen Tote Bag,1,18.00
ORD-002913,2025-05-10,P006,Cotton T-Shirt,5,25.00
ORD-002914,2025-05-10,P002,Travel Tumbler,4,26.40
ORD-002915,2025-05-10,P005,Wool Beanie,1,22.00
ORD-002916,2025-05-10,P001,Ceramic Mug,2,12.00
ORD-002917,2025-05-10,P001,Ceramic Mug,1,12.00
ORD-002917,2025-05-10,P025,Resistance Bands,1,15.40
ORD-002918,2025-05-10,P016,Desk Lamp,1,49.00
ORD-002919,2025-05-10,P001,Ceramic Mug,1,12.00
ORD-002920,2025-05-10,P002,Travel Tumbler,1,21.60
ORD-002921,2025-05-10,P006,Cotton T-Shirt,2,25.00
ORD-002922,2025-05-10,P008,Running Socks,1,12.10
ORD-002923,2025-05-10,P001,Ceramic Mug,2,13.20
ORD-002924,2025-05-10,P007,Denim Jacket,1,89.00
ORD-002925,2025-05-10,P002,Travel Tumbler,2,26.40
ORD-002926,2025-05-10,P012,Chef Knife,2,74.00
ORD-002927,2025-05-10,P004,Canvas Backpack,1,53.10
ORD-002927,2025-05-10,P026,Herbal Tea Sampler,2,19.00
ORD-002928,2025-05-10,P001,Ceramic Mug,1,12.00
ORD-002929,2025-05-10,P020,Laptop Stand,2,42.00
ORD-002930,2025-05-10,P029,Hot Sauce Trio,1,23.00
ORD-002931,2025-05-10,P001,Ceramic Mug,2,13.20
ORD-002932,2025-05-10,P005,Wool Beanie,3,22.00
ORD-002932,2025-05-10,P016,Desk Lamp,1,49.00
ORD-002932,2025-05-10,P022,Phone Case,1,15.00
ORD-002933,2025-05-10,P028,Olive Oil 500ml,3,23.10
ORD-002934,2025-05-10,P002,Travel Tumbler,1,26.40
ORD-002935,2025-05-10,P001,Ceramic Mug,1,12.00
ORD-002935,2025-05-10,P008,Running Socks,1,11.00
ORD-002935,2025-05-10,P017,Notebook A5,2,9.00
ORD-002936,2025-05-10,P009,Leather Wallet,1,45.00
ORD-002937,2025-05-10,P004,Canvas Backpack,1,64.90
ORD-002938,2025-05-10,P016,Desk Lamp,5,49.00
ORD-002939,2025-05-10,P034,Sunglasses,2,46.00
ORD-002940,2025-05-10,P002,Travel Tumbler,1,24.00
ORD-002941,2025-05-10,P001,Ceramic Mug,1,12.00
ORD-002941,2025-05-10,P012,Chef Knife,4,74.00
ORD-002942,2025-05-10,P003,Linen Tote Bag,1,18.00
ORD-002943,2025-05-10,P001,Ceramic Mug,1,12.00
ORD-002943,2025-05-10,P009,Leather Wallet,1,45.00
ORD-002943,2025-05-10,P011,Bamboo Cutting Board,2,28.80
ORD-002943,2025-05-10,P032,Throw Pillow,2,29.70
ORD-002944,2025-05-11,P001,Ceramic Mug,1,13.20
ORD-002944,2025-05-11,P002,Travel Tumbler,1,24.00
ORD-002944,2025-05-11,P003,Linen Tote Bag,1,18.00
ORD-002944,2025-05-11,P014,Scented Candle,2,16.00
ORD-002945,2025-05-11,P004,Canvas Backpack,2,59.00
ORD-002945,2025-05-11,P012,Chef Knife,2,74.00
ORD-002946,2025-05-11,P002,Travel Tumbler,1,24.00
ORD-002947,2025-05-11,P001,Ceramic Mug,2,12.00
ORD-002947,2025-05-11,P002,Travel Tumbler,2,24.00
ORD-002948,2025-05-11,P018,Fountain Pen,1,38.00
ORD-002949,2025-05-11,P001,Ceramic Mug,2,12.00
ORD-002949,2025-05-11,P005,Wool Beanie,1,19.80
ORD-002950,2025-05-11,P001,Ceramic Mug,2,12.00
ORD-002950,2025-05-11,P007,Denim Jacket,1,89.00
ORD-002951,2025-05-11,P003,Linen Tote Bag,1,16.20
ORD-002952,2025-05-11,P003,Linen Tote Bag,1,19.80
ORD-002953,2025-05-11,P005,Wool Beanie,1,22.00
ORD-002953,2025-05-11,P006,Cotton T-Shirt,1,25.00
ORD-002953,2025-05-11,P008,Running Socks,1,11.00
ORD-002953,2025-05-11,P019,Wireless Mouse,1,29.00
ORD-002954,2025-05-11,P001,Ceramic Mug,4,13.20
ORD-002955,2025-05-11,P015,Soy Wax Candle Set,2,34.00
ORD-002956,2025-05-11,P036,Gift Card Holder,3,7.00
ORD-002957,2025-05-11,P001,Ceramic Mug,1,12.00
ORD-002958,2025-05-11,P031,Framed Print,2,64.00
ORD-002959,2025-05-11,P001,Ceramic Mug,1,12.00
ORD-002959,2025-05-11,P009,Leather Wallet,1,49.50
ORD-002960,2025-05-11,P003,Linen Tote Bag,4,18.00
ORD-002960,2025-05-11,P019,Wireless Mouse,2,29.00
ORD-002961,2025-05-11,P002,Travel Tumbler,3,24.00
ORD-002962,2025-05-11,P002,Travel Tumbler,1,21.60
ORD-002962,2025-05-11,P005,Wool Beanie,1,19.80
ORD-002963,2025-05-11,P017,Notebook A5,3,9.00
ORD-002963,2025-05-11,P019,Wireless Mouse,1,29.00
ORD-002964,2025-05-11,P006,Cotton T-Shirt,1,22.50
ORD-002965,2025-05-11,P001,Ceramic Mug,1,12.00
ORD-002965,2025-05-11,P004,Canvas Backpack,1,59.00
ORD-002965,2025-05-11,P019,Wireless Mouse,1,26.10
ORD-002966,2025-05-11,P008,Running Socks,4,11.00
ORD-002967,2025-05-11,P008,Running Socks,5,9.90
ORD-002967,2025-05-11,P009,Leather Wallet,2,40.50
ORD-002967,2025-05-11,P016,Desk Lamp,2,44.10
ORD-002968,2025-05-11,P034,Sunglasses,2,46.00
ORD-002969,2025-05-11,P005,Wool Beanie,3,22.00
ORD-002970,2025-05-11,P002,Travel Tumbler,1,24.00
ORD-002970,2025-05-11,P013,Cast Iron Pan,3,61.60
ORD-002970,2025-05-11,P032,Throw Pillow,1,27.00
ORD-002971,2025-05-11,P030,Wall Calendar,1,13.00
ORD-002972,2025-05-11,P027,Coffee Beans 1kg,1,28.00
ORD-002973,2025-05-12,P005,Wool Beanie,1,22.00
ORD-002974,2025-05-12,P001,Ceramic Mug,1,12.00
ORD-002974,2025-05-12,P011,Bamboo Cutting Board,2,32.00
ORD-002974,2025-05-12,P015,Soy Wax Candle Set,1,34.00
ORD-002975,2025-05-12,P001,Ceramic Mug,1,12.00
ORD-002975,2025-05-12,P002,Travel Tumbler,3,24.00
ORD-002976,2025-05-12,P001,Ceramic Mug,1,12.00
ORD-002977,2025-05-12,P004,Canvas Backpack,1,59.00
ORD-002977,2025-05-12,P006,Cotton T-Shirt,2,27.50
ORD-002977,2025-05-12,P008,Running Socks,1,9.90
ORD-002978,2025-05-12,P004,Canvas Backpack,1,64.90
ORD-002979,2025-05-12,P001,Ceramic Mug,1,12.00
ORD-002979,2025-05-12,P007,Denim Jacket,1,89.00
ORD-002980,2025-05-12,P001,Ceramic Mug,1,13.20
ORD-002981,2025-05-12,P005,Wool Beanie,1,19.80
ORD-002982,2025-05-12,P005,Wool Beanie,1,22.00
ORD-002983,2025-05-12,P003,Linen Tote Bag,2,16.20
ORD-002983,2025-05-12,P005,Wool Beanie,2,22.00
ORD-002983,2025-05-12,P017,Notebook A5,2,8.10
ORD-002984,2025-05-12,P012,Chef Knife,1,81.40
ORD-002985,2025-05-12,P002,Travel Tumbler,2,24.00
ORD-002985,2025-05-12,P004,Canvas Backpack,1,59.00
ORD-002985,2025-05-12,P006,Cotton T-Shirt,3,27.50
ORD-002986,2025-05-12,P009,Leather Wallet,1,49.50
ORD-002987,2025-05-12,P001,Ceramic Mug,1,12.00
ORD-002988,2025-05-12,P003,Linen Tote Bag,2,16.20
ORD-002989,2025-05-12,P028,Olive Oil 500ml,1,21.00
ORD-002990,2025-05-12,P002,Travel Tumbler,1,24.00
ORD-002990,2025-05-12,P003,Linen Tote Bag,5,19.80
ORD-002990,2025-05-12,P004,Canvas Backpack,2,64.90
ORD-002991,2025-05-12,P003,Linen Tote Bag,1,18.00
ORD-002991,2025-05-12,P008,Running Socks,2,9.90
ORD-002992,2025-05-12,P014,Scented Candle,1,16.00
ORD-002993,2025-05-12,P001,Ceramic Mug,1,10.80
ORD-002994,2025-05-12,P002,Travel Tumbler,1,24.00
ORD-002995,2025-05-13,P001,Ceramic Mug,1,12.00
ORD-002995,2025-05-13,P009,Leather Wallet,1,49.50
ORD-002996,2025-05-13,P001,Ceramic Mug,1,12.00
ORD-002997,2025-05-13,P002,Travel Tumbler,4,26.40
ORD-002998,2025-05-13,P002,Travel Tumbler,3,24.00
ORD-002999,2025-05-13,P002,Travel Tumbler,3,21.60
ORD-003000,2025-05-13,P006,Cotton T-Shirt,3,27.50
ORD-003000,2025-05-13,P017,Notebook A5,1,9.00
ORD-003000,2025-05-13,P030,Wall Calendar,2,14.30
ORD-003001,2025-05-13,P003,Linen Tote Bag,5,18.00
ORD-003002,2025-05-13,P001,Ceramic Mug,1,10.80
ORD-003003,2025-05-13,P005,Wool Beanie,1,24.20
ORD-003004,2025-05-13,P001,Ceramic Mug,2,12.00
ORD-003005,2025-05-13,P001,Ceramic Mug,1,12.00
ORD-003005,2025-05-13,P003,Linen Tote Bag,1,19.80
ORD-003006,2025-05-13,P004,Canvas Backpack,1,64.90
ORD-003007,2025-05-13,P001,Ceramic Mug,1,12.00
ORD-003007,2025-05-13,P004,Canvas Backpack,2,59.00
ORD-003008,2025-05-13,P005,Wool Beanie,1,22.00
ORD-003009,2025-05-13,P006,Cotton T-Shirt,1,25.00
ORD-003009,2025-05-13,P022,Phone Case,2,16.50
ORD-003010,2025-05-13,P025,Resistance Bands,1,12.60
ORD-003011,2025-05-13,P001,Ceramic Mug,1,13.20
ORD-003012,2025-05-13,P001,Ceramic Mug,1,10.80
ORD-003012,2025-05-13,P002,Travel Tumbler,1,26.40
ORD-003012,2025-05-13,P007,Denim Jacket,2,89.00
ORD-003012,2025-05-13,P009,Leather Wallet,2,45.00
ORD-003013,2025-05-13,P001,Ceramic Mug,1,12.00
ORD-003014,2025-05-13,P001,Ceramic Mug,3,12.00
ORD-003015,2025-05-13,P002,Travel Tumbler,5,26.40
ORD-003016,2025-05-13,P002,Travel Tumbler,1,26.40
ORD-003017,2025-05-13,P004,Canvas Backpack,2,64.90
ORD-003018,2025-05-13,P005,Wool Beanie,1,22.00
ORD-003018,2025-05-13,P006,Cotton T-Shirt,1,25.00
ORD-003018,2025-05-13,P013,Cast Iron Pan,1,56.00
ORD-003019,2025-05-13,P002,Travel Tumbler,1,21.60
ORD-003020,2025-05-14,P001,Ceramic Mug,1,12.00
ORD-003021,2025-05-14,P001,Ceramic Mug,1,13.20
ORD-003022,2025-05-14,P010,Steel Water Bottle,1,20.00
ORD-003022,2025-05-14,P021,USB-C Cable,1,11.00
ORD-003023,2025-05-14,P001,Ceramic Mug,2,12.00
ORD-003024,2025-05-14,P001,Ceramic Mug,2,10.80
ORD-003025,2025-05-14,P001,Ceramic Mug,1,13.20
ORD-003026,2025-05-14,P002,Travel Tumbler,2,24.00
ORD-003027,2025-05-14,P005,Wool Beanie,5,22.00
ORD-003028,2025-05-14,P017,Notebook A5,1,9.90
ORD-003029,2025-05-14,P009,Leather Wallet,1,45.00
ORD-003030,2025-05-14,P003,Linen Tote Bag,1,18.00
ORD-003031,2025-05-14,P001,Ceramic Mug,3,10.80
ORD-003032,2025-05-14,P021,USB-C Cable,1,10.00
ORD-003033,2025-05-14,P003,Linen Tote Bag,3,19.80
ORD-003034,2025-05-14,P009,Leather Wallet,2,45.00
ORD-003035,2025-05-14,P001,Ceramic Mug,1,10.80
ORD-003036,2025-05-14,P003,Linen Tote Bag,5,18.00
ORD-003037,2025-05-14,P011,Bamboo Cutting Board,4,28.80
ORD-003038,2025-05-15,P001,Ceramic Mug,1,13.20
ORD-003039,2025-05-15,P005,Wool Beanie,2,22.00
ORD-003040,2025-05-15,P022,Phone Case,1,15.00
ORD-003041,2025-05-15,P012,Chef Knife,1,74.00
ORD-003042,2025-05-15,P026,Herbal Tea Sampler,1,19.00
ORD-003043,2025-05-15,P008,Running Socks,2,11.00
ORD-003044,2025-05-15,P004,Canvas Backpack,1,59.00
ORD-003045,2025-05-15,P001,Ceramic Mug,1,10.80
ORD-003046,2025-05-15,P007,Denim Jacket,1,89.00
ORD-003046,2025-05-15,P030,Wall Calendar,1,14.30
ORD-003047,2025-05-15,P021,USB-C Cable,5,9.00
ORD-003048,2025-05-15,P002,Travel Tumbler,4,21.60
ORD-003049,2025-05-15,P001,Ceramic Mug,1,10.80
ORD-003050,2025-05-15,P006,Cotton T-Shirt,1,27.50
ORD-003051,2025-05-15,P009,Leather Wallet,1,45.00
ORD-003052,2025-05-15,P004,Canvas Backpack,1,59.00
ORD-003053,2025-05-15,P001,Ceramic Mug,1,10.80
ORD-003053,2025-05-15,P003,Linen Tote Bag,1,16.20
ORD-003053,2025-05-15,P017,Notebook A5,2,9.00
ORD-003054,2025-05-15,P005,Wool Beanie,2,22.00
ORD-003055,2025-05-15,P002,Travel Tumbler,2,24.00
ORD-003056,2025-05-15,P001,Ceramic Mug,1,10.80
ORD-003057,2025-05-15,P001,Ceramic Mug,3,12.00
ORD-003058,2025-05-15,P001,Ceramic Mug,1,12.00
ORD-003058,2025-05-15,P018,Fountain Pen,1,38.00
ORD-003059,2025-05-15,P001,Ceramic Mug,1,10.80
ORD-003059,2025-05-15,P005,Wool Beanie,1,19.80
ORD-003060,2025-05-15,P017,Notebook A5,4,9.00
ORD-003061,2025-05-15,P003,Linen Tote Bag,1,18.00
ORD-003061,2025-05-15,P004,Canvas Backpack,3,59.00
ORD-003061,2025-05-15,P005,Wool Beanie,3,22.00
ORD-003061,2025-05-15,P016,Desk Lamp,1,49.00
ORD-003062,2025-05-16,P002,Travel Tumbler,1,24.00
ORD-003063,2025-05-16,P003,Linen Tote Bag,2,16.20
ORD-003064,2025-05-16,P001,Ceramic Mug,1,10.80
ORD-003065,2025-05-16,P010,Steel Water Bottle,1,20.00
ORD-003066,2025-05-16,P001,Ceramic Mug,1,12.00
ORD-003066,2025-05-16,P018,Fountain Pen,2,34.20
ORD-003067,2025-05-16,P002,Travel Tumbler,1,24.00
ORD-003068,2025-05-16,P026,Herbal Tea Sampler,1,20.90
ORD-003069,2025-05-16,P001,Ceramic Mug,1,12.00
ORD-003070,2025-05-16,P001,Ceramic Mug,1,12.00
ORD-003071,2025-05-16,P011,Bamboo Cutting Board,1,32.00
ORD-003071,2025-05-16,P012,Chef Knife,2,74.00
ORD-003072,2025-05-16,P001,Ceramic Mug,2,13.20
ORD-003072,2025-05-16,P004,Canvas Backpack,3,53.10
ORD-003073,2025-05-16,P007,Denim Jacket,1,80.10
ORD-003073,2025-05-16,P010,Steel Water Bottle,1,20.00
ORD-003074,2025-05-16,P001,Ceramic Mug,1,13.20
ORD-003074,2025-05-16,P004,Canvas Backpack,1,59.00
ORD-003075,2025-05-16,P027,Coffee Beans 1kg,2,28.00
ORD-003076,2025-05-16,P002,Travel Tumbler,1,24.00
ORD-003077,2025-05-16,P011,Bamboo Cutting Board,1,32.00
ORD-003078,2025-05-16,P022,Phone Case,3,13.50
ORD-003079,2025-05-16,P001,Ceramic Mug,3,12.00
ORD-003080,2025-05-16,P005,Wool Beanie,4,22.00
ORD-003080,2025-05-16,P007,Denim Jacket,1,80.10
ORD-003080,2025-05-16,P024,Yoga Mat,1,36.00
ORD-003081,2025-05-16,P008,Running Socks,3,11.00
ORD-003081,2025-05-16,P030,Wall Calendar,1,13.00
ORD-003082,2025-05-16,P001,Ceramic Mug,1,12.00
ORD-003082,2025-05-16,P010,Steel Water Bottle,1,20.00
ORD-003083,2025-05-16,P001,Ceramic Mug,4,12.00
ORD-003084,2025-05-16,P009,Leather Wallet,1,45.00
ORD-003085,2025-05-16,P002,Travel Tumbler,1,26.40
ORD-003086,2025-05-16,P009,Leather Wallet,1,45.00
ORD-003087,2025-05-16,P001,Ceramic Mug,1,12.00
ORD-003087,2025-05-16,P003,Linen Tote Bag,1,19.80
ORD-003087,2025-05-16,P006,Cotton T-Shirt,3,27.50
ORD-003087,2025-05-16,P011,Bamboo Cutting Board,1,32.00
ORD-003088,2025-05-17,P001,Ceramic Mug,5,12.00
ORD-003089,2025-05-17,P001,Ceramic Mug,2,10.80
ORD-003090,2025-05-17,P024,Yoga Mat,1,39.60
ORD-003091,2025-05-17,P001,Ceramic Mug,3,13.20
ORD-003091,2025-05-17,P002,Travel Tumbler,1,21.60
ORD-003091,2025-05-17,P013,Cast Iron Pan,4,56.00
ORD-003092,2025-05-17,P004,Canvas Backpack,5,64.90
ORD-003092,2025-05-17,P010,Steel Water Bottle,1,20.00
ORD-003092,2025-05-17,P015,Soy Wax Candle Set,1,34.00
ORD-003093,2025-05-17,P001,Ceramic Mug,3,12.00
ORD-003093,2025-05-17,P003,Linen Tote Bag,1,16.20
ORD-003094,2025-05-17,P014,Scented Candle,2,14.40
ORD-003095,2025-05-17,P007,Denim Jacket,2,89.00
ORD-003095,2025-05-17,P024,Yoga Mat,1,36.00
ORD-003096,2025-05-17,P027,Coffee Beans 1kg,1,28.00
ORD-003097,2025-05-17,P001,Ceramic Mug,1,12.00
ORD-003097,2025-05-17,P002,Travel Tumbler,1,24.00
ORD-003098,2025-05-17,P025,Resistance Bands,3,14.00
ORD-003099,2025-05-17,P001,Ceramic Mug,1,13.20
ORD-003099,2025-05-17,P014,Scented Candle,1,17.60
ORD-003099,2025-05-17,P017,Notebook A5,3,9.00
ORD-003100,2025-05-17,P003,Linen Tote Bag,1,18.00
ORD-003100,2025-05-17,P028,Olive Oil 500ml,1,21.00
ORD-003101,2025-05-17,P002,Travel Tumbler,1,24.00
ORD-003102,2025-05-17,P009,Leather Wallet,1,49.50
ORD-003103,2025-05-17,P006,Cotton T-Shirt,1,27.50
ORD-003103,2025-05-17,P015,Soy Wax Candle Set,1,34.00
ORD-003104,2025-05-17,P001,Ceramic Mug,1,10.80
ORD-003104,2025-05-17,P002,Travel Tumbler,4,24.00
ORD-003105,2025-05-17,P004,Canvas Backpack,2,59.00
ORD-003106,2025-05-17,P010,Steel Water Bottle,1,20.00
ORD-003107,2025-05-17,P001,Ceramic Mug,1,12.00
ORD-003108,2025-05-17,P004,Canvas Backpack,1,59.00
ORD-003109,2025-05-17,P002,Travel Tumbler,1,26.40
ORD-003110,2025-05-17,P001,Ceramic Mug,4,13.20
ORD-003111,2025-05-17,P001,Ceramic Mug,1,12.00
ORD-003112,2025-05-17,P004,Canvas Backpack,1,59.00
ORD-003113,2025-05-17,P001,Ceramic Mug,5,13.20
ORD-003113,2025-05-17,P005,Wool Beanie,2,22.00
ORD-003114,2025-05-17,P001,Ceramic Mug,3,12.00
ORD-003114,2025-05-17,P009,Leather Wallet,1,45.00
ORD-003115,2025-05-17,P002,Travel Tumbler,3,24.00
ORD-003116,2025-05-17,P005,Wool Beanie,1,22.00
ORD-003117,2025-05-17,P001,Ceramic Mug,4,10.80
ORD-003117,2025-05-17,P021,USB-C Cable,2,10.00
ORD-003118,2025-05-17,P001,Ceramic Mug,1,12.00
ORD-003119,2025-05-17,P001,Ceramic Mug,1,10.80
ORD-003120,2025-05-17,P015,Soy Wax Candle Set,5,34.00
ORD-003121,2025-05-17,P001,Ceramic Mug,1,12.00
ORD-003122,2025-05-17,P002,Travel Tumbler,1,24.00
ORD-003122,2025-05-17,P007,Denim Jacket,1,89.00
ORD-003123,2025-05-17,P001,Ceramic Mug,2,10.80
ORD-003123,2025-05-17,P005,Wool Beanie,2,22.00
ORD-003123,2025-05-17,P016,Desk Lamp,2,49.00
ORD-003124,2025-05-17,P001,Ceramic Mug,1,12.00
ORD-003125,2025-05-17,P002,Travel Tumbler,1,24.00
ORD-003125,2025-05-17,P008,Running Socks,1,9.90
ORD-003126,2025-05-18,P024,Yoga Mat,1,36.00
ORD-003127,2025-05-18,P007,Denim Jacket,3,89.00
ORD-003128,2025-05-18,P004,Canvas Backpack,5,59.00
ORD-003129,2025-05-18,P002,Travel Tumbler,1,24.00
ORD-003130,2025-05-18,P002,Travel Tumbler,1,24.00
ORD-003131,2025-05-18,P015,Soy Wax Candle Set,1,34.00
ORD-003132,2025-05-18,P002,Travel Tumbler,1,24.00
ORD-003133,2025-05-18,P002,Travel Tumbler,3,21.60
ORD-003134,2025-05-18,P002,Travel Tumbler,2,26.40
ORD-003134,2025-05-18,P018,Fountain Pen,1,38.00
ORD-003134,2025-05-18,P026,Herbal Tea Sampler,1,19.00
ORD-003134,2025-05-18,P029,Hot Sauce Trio,1,20.70
ORD-003135,2025-05-18,P006,Cotton T-Shirt,2,27.50
ORD-003136,2025-05-18,P028,Olive Oil 500ml,1,21.00
ORD-003137,2025-05-18,P006,Cotton T-Shirt,2,25.00
ORD-003138,2025-05-18,P003,Linen Tote Bag,2,16.20
ORD-003139,2025-05-18,P011,Bamboo Cutting Board,1,28.80
ORD-003140,2025-05-18,P001,Ceramic Mug,2,12.00
ORD-003141,2025-05-18,P001,Ceramic Mug,3,12.00
ORD-003141,2025-05-18,P011,Bamboo Cutting Board,1,28.80
ORD-003142,2025-05-18,P003,Linen Tote Bag,1,19.80
ORD-003142,2025-05-18,P005,Wool Beanie,1,24.20
ORD-003143,2025-05-18,P002,Travel Tumbler,3,21.60
ORD-003143,2025-05-18,P005,Wool Beanie,2,19.80
ORD-003143,2025-05-18,P010,Steel Water Bottle,1,18.00
ORD-003144,2025-05-18,P001,Ceramic Mug,4,10.80
ORD-003145,2025-05-18,P004,Canvas Backpack,1,59.00
ORD-003146,2025-05-18,P002,Travel Tumbler,3,24.00
ORD-003147,2025-05-18,P008,Running Socks,1,11.00
ORD-003148,2025-05-18,P009,Leather Wallet,1,40.50
ORD-003149,2025-05-18,P019,Wireless Mouse,1,31.90
ORD-003150,2025-05-18,P002,Travel Tumbler,1,21.60
ORD-003150,2025-05-18,P004,Canvas Backpack,1,59.00
ORD-003150,2025-05-18,P011,Bamboo Cutting Board,1,32.00
ORD-003151,2025-05-18,P001,Ceramic Mug,2,12.00
ORD-003152,2025-05-18,P001,Ceramic Mug,3,13.20
ORD-003152,2025-05-18,P002,Travel Tumbler,1,24.00
ORD-003152,2025-05-18,P004,Canvas Backpack,1,64.90
ORD-003152,2025-05-18,P007,Denim Jacket,1,89.00
ORD-003153,2025-05-18,P001,Ceramic Mug,1,12.00
ORD-003154,2025-05-19,P006,Cotton T-Shirt,1,25.00
ORD-003155,2025-05-19,P002,Travel Tumbler,2,24.00
ORD-003156,2025-05-19,P001,Ceramic Mug,1,12.00
ORD-003156,2025-05-19,P002,Travel Tumbler,1,26.40
ORD-003156,2025-05-19,P014,Scented Candle,1,16.00
ORD-003157,2025-05-19,P007,Denim Jacket,2,89.00
ORD-003157,2025-05-19,P034,Sunglasses,1,46.00
ORD-003158,2025-05-19,P035,Umbrella,3,26.00
ORD-003159,2025-05-19,P014,Scented Candle,1,14.40
ORD-003159,2025-05-19,P023,Bluetooth Speaker,1,69.00
ORD-003159,2025-05-19,P029,Hot Sauce Trio,1,23.00
ORD-003160,2025-05-19,P004,Canvas Backpack,2,59.00
ORD-003161,2025-05-19,P025,Resistance Bands,3,15.40
ORD-003162,2025-05-19,P002,Travel Tumbler,2,24.00
ORD-003163,2025-05-19,P005,Wool Beanie,4,22.00
ORD-003164,2025-05-19,P008,Running Socks,3,11.00
ORD-003165,2025-05-19,P001,Ceramic Mug,1,12.00
ORD-003165,2025-05-19,P013,Cast Iron Pan,2,50.40
ORD-003166,2025-05-19,P021,USB-C Cable,3,10.00
ORD-003167,2025-05-19,P004,Canvas Backpack,3,64.90
ORD-003168,2025-05-19,P001,Ceramic Mug,1,12.00
ORD-003168,2025-05-19,P007,Denim Jacket,5,89.00
ORD-003169,2025-05-19,P002,Travel Tumbler,1,24.00
ORD-003169,2025-05-19,P009,Leather Wallet,1,40.50
ORD-003169,2025-05-19,P017,Notebook A5,1,9.90
ORD-003170,2025-05-19,P001,Ceramic Mug,4,12.00
ORD-003170,2025-05-19,P006,Cotton T-Shirt,2,22.50
ORD-003170,2025-05-19,P025,Resistance Bands,1,14.00
ORD-003171,2025-05-19,P001,Ceramic Mug,1,12.00
ORD-003171,2025-05-19,P006,Cotton T-Shirt,3,25.00
ORD-003171,2025-05-19,P017,Notebook A5,1,9.00
ORD-003171,2025-05-19,P025,Resistance Bands,1,14.00
ORD-003172,2025-05-19,P003,Linen Tote Bag,1,16.20
ORD-003173,2025-05-20,P002,Travel Tumbler,1,24.00
ORD-003174,2025-05-20,P006,Cotton T-Shirt,1,27.50
ORD-003175,2025-05-20,P002,Travel Tumbler,1,24.00
ORD-003176,2025-05-20,P003,Linen Tote Bag,2,18.00
ORD-003177,2025-05-20,P002,Travel Tumbler,1,24.00
ORD-003177,2025-05-20,P005,Wool Beanie,1,22.00
ORD-003177,2025-05-20,P013,Cast Iron Pan,1,56.00
ORD-003178,2025-05-20,P010,Steel Water Bottle,1,22.00
ORD-003179,2025-05-20,P013,Cast Iron Pan,2,61.60
ORD-003180,2025-05-20,P001,Ceramic Mug,1,13.20
ORD-003180,2025-05-20,P002,Travel Tumbler,4,24.00
ORD-003180,2025-05-20,P013,Cast Iron Pan,1,61.60
ORD-003181,2025-05-20,P006,Cotton T-Shirt,1,25.00
ORD-003182,2025-05-20,P001,Ceramic Mug,2,10.80
ORD-003182,2025-05-20,P020,Laptop Stand,1,42.00
ORD-003183,2025-05-20,P016,Desk Lamp,1,49.00
ORD-003184,2025-05-20,P011,Bamboo Cutting Board,1,32.00
ORD-003185,2025-05-20,P016,Desk Lamp,1,44.10
ORD-003186,2025-05-20,P021,USB-C Cable,2,10.00
ORD-003187,2025-05-20,P001,Ceramic Mug,4,12.00
ORD-003188,2025-05-20,P001,Ceramic Mug,2,12.00
ORD-003189,2025-05-20,P001,Ceramic Mug,2,12.00
ORD-003189,2025-05-20,P011,Bamboo Cutting Board,4,32.00
ORD-003190,2025-05-20,P002,Travel Tumbler,2,24.00
ORD-003191,2025-05-20,P009,Leather Wallet,3,45.00
ORD-003192,2025-05-20,P003,Linen Tote Bag,2,18.00
ORD-003192,2025-05-20,P008,Running Socks,1,12.10
ORD-003193,2025-05-20,P016,Desk Lamp,4,49.00
ORD-003194,2025-05-20,P001,Ceramic Mug,1,12.00
ORD-003195,2025-05-21,P002,Travel Tumbler,3,24.00
ORD-003196,2025-05-21,P023,Bluetooth Speaker,1,69.00
ORD-003197,2025-05-21,P001,Ceramic Mug,1,12.00
ORD-003198,2025-05-21,P001,Ceramic Mug,3,12.00
ORD-003198,2025-05-21,P017,Notebook A5,1,9.00
ORD-003199,2025-05-21,P004,Canvas Backpack,1,64.90
ORD-003200,2025-05-21,P001,Ceramic Mug,3,12.00
ORD-003201,2025-05-21,P001,Ceramic Mug,2,12.00
ORD-003201,2025-05-21,P003,Linen Tote Bag,1,19.80
ORD-003202,2025-05-21,P006,Cotton T-Shirt,1,25.00
ORD-003203,2025-05-21,P001,Ceramic Mug,1,10.80
ORD-003204,2025-05-21,P002,Travel Tumbler,1,24.00
ORD-003204,2025-05-21,P016,Desk Lamp,2,49.00
ORD-003205,2025-05-21,P001,Ceramic Mug,1,12.00
ORD-003206,2025-05-21,P001,Ceramic Mug,1,10.80
ORD-003207,2025-05-21,P001,Ceramic Mug,1,12.00
ORD-003208,2025-05-21,P001,Ceramic Mug,1,12.00
ORD-003209,2025-05-21,P007,Denim Jacket,1,89.00
ORD-003210,2025-05-21,P001,Ceramic Mug,2,12.00
ORD-003211,2025-05-21,P007,Denim Jacket,1,89.00
ORD-003212,2025-05-21,P003,Linen Tote Bag,1,19.80
ORD-003213,2025-05-21,P001,Ceramic Mug,1,12.00
ORD-003214,2025-05-21,P001,Ceramic Mug,3,12.00
ORD-003215,2025-05-21,P009,Leather Wallet,4,40.50
ORD-003216,2025-05-21,P002,Travel Tumbler,1,26.40
ORD-003217,2025-05-22,P026,Herbal Tea Sampler,1,19.00
ORD-003218,2025-05-22,P001,Ceramic Mug,2,13.20
ORD-003219,2025-05-22,P001,Ceramic Mug,1,12.00
ORD-003220,2025-05-22,P003,Linen Tote Bag,2,18.00
ORD-003220,2025-05-22,P031,Framed Print,1,70.40
ORD-003221,2025-05-22,P005,Wool Beanie,1,24.20
ORD-003221,2025-05-22,P009,Leather Wallet,1,45.00
ORD-003222,2025-05-22,P001,Ceramic Mug,1,13.20
ORD-003223,2025-05-22,P005,Wool Beanie,1,19.80
ORD-003224,2025-05-22,P003,Linen Tote Bag,2,18.00
ORD-003225,2025-05-22,P007,Denim Jacket,1,89.00
ORD-003226,2025-05-22,P013,Cast Iron Pan,1,56.00
ORD-003227,2025-05-22,P001,Ceramic Mug,1,10.80
ORD-003228,2025-05-22,P002,Travel Tumbler,2,24.00
ORD-003229,2025-05-22,P001,Ceramic Mug,2,12.00
ORD-003229,2025-05-22,P002,Travel Tumbler,1,26.40
ORD-003229,2025-05-22,P004,Canvas Backpack,1,59.00
ORD-003230,2025-05-22,P003,Linen Tote Bag,1,18.00
ORD-003230,2025-05-22,P004,Canvas Backpack,2,64.90
ORD-003231,2025-05-22,P001,Ceramic Mug,1,10.80
ORD-003231,2025-05-22,P002,Travel Tumbler,1,24.00
ORD-003232,2025-05-22,P001,Ceramic Mug,1,12.00
ORD-003233,2025-05-22,P002,Travel Tumbler,3,24.00
ORD-003234,2025-05-22,P005,Wool Beanie,1,24.20
ORD-003234,2025-05-22,P013,Cast Iron Pan,1,56.00
ORD-003235,2025-05-22,P013,Cast Iron Pan,1,56.00
ORD-003236,2025-05-22,P001,Ceramic Mug,2,12.00
ORD-003237,2025-05-22,P035,Umbrella,3,23.40
ORD-003238,2025-05-22,P001,Ceramic Mug,1,12.00
ORD-003238,2025-05-22,P003,Linen Tote Bag,2,18.00
ORD-003238,2025-05-22,P006,Cotton T-Shirt,1,25.00
ORD-003238,2025-05-22,P013,Cast Iron Pan,3,56.00
ORD-003239,2025-05-22,P020,Laptop Stand,1,46.20
ORD-003240,2025-05-23,P004,Canvas Backpack,4,59.00
ORD-003241,2025-05-23,P010,Steel Water Bottle,1,20.00
ORD-003241,2025-05-23,P031,Framed Print,1,64.00
ORD-003242,2025-05-23,P019,Wireless Mouse,3,29.00
ORD-003243,2025-05-23,P026,Herbal Tea Sampler,1,19.00
ORD-003244,2025-05-23,P011,Bamboo Cutting Board,1,32.00
ORD-003245,2025-05-23,P010,Steel Water Bottle,2,20.00
ORD-003246,2025-05-23,P012,Chef Knife,2,74.00
ORD-003246,2025-05-23,P024,Yoga Mat,1,36.00
ORD-003247,2025-05-23,P001,Ceramic Mug,3,12.00
ORD-003248,2025-05-23,P001,Ceramic Mug,1,12.00
ORD-003249,2025-05-23,P003,Linen Tote Bag,5,18.00
ORD-003249,2025-05-23,P005,Wool Beanie,2,22.00
ORD-003250,2025-05-23,P001,Ceramic Mug,3,12.00
ORD-003250,2025-05-23,P031,Framed Print,2,64.00
ORD-003251,2025-05-23,P001,Ceramic Mug,2,12.00
ORD-003251,2025-05-23,P008,Running Socks,1,11.00
ORD-003251,2025-05-23,P015,Soy Wax Candle Set,3,34.00
ORD-003252,2025-05-23,P001,Ceramic Mug,1,12.00
ORD-003253,2025-05-23,P001,Ceramic Mug,2,12.00
ORD-003253,2025-05-23,P004,Canvas Backpack,1,59.00
ORD-003254,2025-05-23,P001,Ceramic Mug,2,12.00
ORD-003255,2025-05-23,P001,Ceramic Mug,1,12.00
ORD-003256,2025-05-23,P002,Travel Tumbler,2,24.00
ORD-003257,2025-05-23,P006,Cotton T-Shirt,2,27.50
ORD-003258,2025-05-23,P002,Travel Tumbler,1,24.00
ORD-003258,2025-05-23,P003,Linen Tote Bag,3,18.00
ORD-003259,2025-05-23,P001,Ceramic Mug,1,12.00
ORD-003259,2025-05-23,P013,Cast Iron Pan,1,56.00
ORD-003260,2025-05-23,P003,Linen Tote Bag,1,19.80
ORD-003261,2025-05-23,P006,Cotton T-Shirt,1,27.50
ORD-003262,2025-05-23,P007,Denim Jacket,1,89.00
ORD-003263,2025-05-23,P007,Denim Jacket,1,89.00
ORD-003264,2025-05-23,P007,Denim Jacket,2,97.90
ORD-003264,2025-05-23,P009,Leather Wallet,1,45.00
ORD-003264,2025-05-23,P013,Cast Iron Pan,2,56.00
ORD-003264,2025-05-23,P015,Soy Wax Candle Set,1,34.00
ORD-003265,2025-05-23,P003,Linen Tote Bag,1,18.00
ORD-003266,2025-05-24,P022,Phone Case,1,15.00
ORD-003267,2025-05-24,P028,Olive Oil 500ml,1,23.10
ORD-003268,2025-05-24,P001,Ceramic Mug,2,12.00
ORD-003269,2025-05-24,P001,Ceramic Mug,1,12.00
ORD-003269,2025-05-24,P012,Chef Knife,2,74.00
ORD-003270,2025-05-24,P001,Ceramic Mug,1,12.00
ORD-003271,2025-05-24,P001,Ceramic Mug,1,13.20
ORD-003272,2025-05-24,P003,Linen Tote Bag,2,18.00
ORD-003273,2025-05-24,P007,Denim Jacket,1,80.10
ORD-003274,2025-05-24,P013,Cast Iron Pan,1,50.40
ORD-003275,2025-05-24,P001,Ceramic Mug,2,13.20
ORD-003276,2025-05-24,P007,Denim Jacket,1,97.90
ORD-003277,2025-05-24,P018,Fountain Pen,1,38.00
ORD-003278,2025-05-24,P001,Ceramic Mug,1,10.80
ORD-003278,2025-05-24,P002,Travel Tumbler,1,21.60
ORD-003279,2025-05-24,P001,Ceramic Mug,5,12.00
ORD-003280,2025-05-24,P004,Canvas Backpack,1,53.10
ORD-003281,2025-05-24,P004,Canvas Backpack,3,59.00
ORD-003281,2025-05-24,P018,Fountain Pen,2,38.00
ORD-003282,2025-05-24,P001,Ceramic Mug,3,12.00
ORD-003283,2025-05-24,P006,Cotton T-Shirt,3,25.00
ORD-003284,2025-05-24,P002,Travel Tumbler,1,24.00
ORD-003284,2025-05-24,P006,Cotton T-Shirt,1,22.50
ORD-003285,2025-05-24,P017,Notebook A5,1,9.90
ORD-003286,2025-05-24,P001,Ceramic Mug,2,12.00
ORD-003286,2025-05-24,P003,Linen Tote Bag,1,18.00
ORD-003286,2025-05-24,P006,Cotton T-Shirt,1,25.00
ORD-003286,2025-05-24,P013,Cast Iron Pan,4,56.00
ORD-003287,2025-05-24,P001,Ceramic Mug,5,12.00
ORD-003287,2025-05-24,P002,Travel Tumbler,1,24.00
ORD-003287,2025-05-24,P004,Canvas Backpack,1,59.00
ORD-003287,2025-05-24,P009,Leather Wallet,3,45.00
ORD-003288,2025-05-24,P001,Ceramic Mug,1,10.80
ORD-003288,2025-05-24,P007,Denim Jacket,2,97.90
ORD-003289,2025-05-24,P002,Travel Tumbler,1,24.00
ORD-003290,2025-05-24,P002,Travel Tumbler,4,24.00
ORD-003291,2025-05-24,P001,Ceramic Mug,1,10.80
ORD-003292,2025-05-24,P018,Fountain Pen,1,38.00
ORD-003292,2025-05-24,P031,Framed Print,2,70.40
ORD-003293,2025-05-24,P032,Throw Pillow,1,27.00
ORD-003294,2025-05-24,P004,Canvas Backpack,2,64.90
ORD-003295,2025-05-25,P015,Soy Wax Candle Set,1,34.00
ORD-003295,2025-05-25,P031,Framed Print,3,64.00
ORD-003296,2025-05-25,P032,Throw Pillow,3,27.00
ORD-003297,2025-05-25,P006,Cotton T-Shirt,3,25.00
ORD-003298,2025-05-25,P018,Fountain Pen,1,38.00
ORD-003299,2025-05-25,P015,Soy Wax Candle Set,1,34.00
ORD-003300,2025-05-25,P001,Ceramic Mug,1,12.00
ORD-003301,2025-05-25,P003,Linen Tote Bag,1,18.00
ORD-003302,2025-05-25,P001,Ceramic Mug,2,12.00
ORD-003303,2025-05-25,P002,Travel Tumbler,1,21.60
ORD-003304,2025-05-25,P018,Fountain Pen,1,38.00
ORD-003305,2025-05-25,P003,Linen Tote Bag,1,16.20
ORD-003305,2025-05-25,P007,Denim Jacket,1,80.10
ORD-003306,2025-05-25,P006,Cotton T-Shirt,1,25.00
ORD-003306,2025-05-25,P010,Steel Water Bottle,1,20.00
ORD-003307,2025-05-25,P020,Laptop Stand,1,42.00
ORD-003308,2025-05-25,P003,Linen Tote Bag,5,18.00
ORD-003309,2025-05-25,P003,Linen Tote Bag,2,18.00
ORD-003309,2025-05-25,P010,Steel Water Bottle,3,20.00
ORD-003310,2025-05-25,P001,Ceramic Mug,1,13.20
ORD-003310,2025-05-25,P011,Bamboo Cutting Board,2,28.80
ORD-003311,2025-05-25,P001,Ceramic Mug,1,12.00
ORD-003311,2025-05-25,P007,Denim Jacket,1,80.10
ORD-003312,2025-05-25,P002,Travel Tumbler,1,26.40
ORD-003312,2025-05-25,P004,Canvas Backpack,3,59.00
ORD-003313,2025-05-25,P002,Travel Tumbler,3,24.00
ORD-003314,2025-05-25,P001,Ceramic Mug,1,10.80
ORD-003315,2025-05-25,P021,USB-C Cable,1,9.00
ORD-003316,2025-05-25,P018,Fountain Pen,1,38.00
ORD-003317,2025-05-26,P004,Canvas Backpack,1,59.00
ORD-003318,2025-05-26,P028,Olive Oil 500ml,1,21.00
ORD-003319,2025-05-26,P001,Ceramic Mug,2,10.80
ORD-003320,2025-05-26,P001,Ceramic Mug,2,12.00
ORD-003320,2025-05-26,P003,Linen Tote Bag,1,18.00
ORD-003320,2025-05-26,P010,Steel Water Bottle,1,22.00
ORD-003321,2025-05-26,P001,Ceramic Mug,2,13.20
ORD-003321,2025-05-26,P015,Soy Wax Candle Set,1,34.00
ORD-003322,2025-05-26,P001,Ceramic Mug,2,10.80
ORD-003323,2025-05-26,P001,Ceramic Mug,1,12.00
ORD-003324,2025-05-26,P002,Travel Tumbler,3,24.00
ORD-003325,2025-05-26,P001,Ceramic Mug,2,12.00
ORD-003326,2025-05-26,P011,Bamboo Cutting Board,1,28.80
ORD-003327,2025-05-26,P026,Herbal Tea Sampler,2,20.90
ORD-003328,2025-05-26,P022,Phone Case,1,15.00
ORD-003329,2025-05-26,P002,Travel Tumbler,1,26.40
ORD-003329,2025-05-26,P003,Linen Tote Bag,1,18.00
ORD-003330,2025-05-26,P020,Laptop Stand,1,37.80
ORD-003331,2025-05-26,P017,Notebook A5,3,9.00
ORD-003332,2025-05-26,P012,Chef Knife,4,74.00
ORD-003333,2025-05-26,P007,Denim Jacket,1,97.90
ORD-003334,2025-05-26,P001,Ceramic Mug,1,12.00
ORD-003334,2025-05-26,P003,Linen Tote Bag,1,16.20
ORD-003335,2025-05-27,P001,Ceramic Mug,2,12.00
ORD-003336,2025-05-27,P001,Ceramic Mug,1,10.80
ORD-003337,2025-05-27,P020,Laptop Stand,1,46.20
ORD-003338,2025-05-27,P001,Ceramic Mug,3,12.00
ORD-003339,2025-05-27,P001,Ceramic Mug,1,10.80
ORD-003339,2025-05-27,P003,Linen Tote Bag,1,18.00
ORD-003339,2025-05-27,P007,Denim Jacket,1,89.00
ORD-003340,2025-05-27,P001,Ceramic Mug,1,12.00
ORD-003341,2025-05-27,P001,Ceramic Mug,1,12.00
ORD-003342,2025-05-27,P001,Ceramic Mug,4,13.20
ORD-003342,2025-05-27,P003,Linen Tote Bag,1,18.00
ORD-003342,2025-05-27,P031,Framed Print,2,64.00
ORD-003343,2025-05-27,P001,Ceramic Mug,1,12.00
ORD-003343,2025-05-27,P010,Steel Water Bottle,1,20.00
ORD-003344,2025-05-27,P002,Travel Tumbler,2,24.00
ORD-003345,2025-05-27,P019,Wireless Mouse,1,29.00
ORD-003346,2025-05-27,P001,Ceramic Mug,1,10.80
ORD-003346,2025-05-27,P003,Linen Tote Bag,1,18.00
ORD-003346,2025-05-27,P005,Wool Beanie,1,22.00
ORD-003346,2025-05-27,P007,Denim Jacket,2,89.00
ORD-003347,2025-05-27,P001,Ceramic Mug,1,10.80
ORD-003347,2025-05-27,P005,Wool Beanie,1,19.80
ORD-003347,2025-05-27,P011,Bamboo Cutting Board,2,28.80
ORD-003347,2025-05-27,P032,Throw Pillow,2,27.00
ORD-003348,2025-05-27,P001,Ceramic Mug,4,12.00
ORD-003349,2025-05-27,P015,Soy Wax Candle Set,1,34.00
ORD-003350,2025-05-27,P001,Ceramic Mug,1,12.00
ORD-003351,2025-05-27,P013,Cast Iron Pan,1,50.40
ORD-003352,2025-05-27,P005,Wool Beanie,1,19.80
ORD-003353,2025-05-27,P001,Ceramic Mug,2,12.00
ORD-003354,2025-05-28,P002,Travel Tumbler,2,26.40
ORD-003354,2025-05-28,P020,Laptop Stand,1,42.00
ORD-003354,2025-05-28,P024,Yoga Mat,1,36.00
ORD-003354,2025-05-28,P031,Framed Print,3,64.00
ORD-003355,2025-05-28,P001,Ceramic Mug,3,12.00
ORD-003355,2025-05-28,P003,Linen Tote Bag,2,18.00
ORD-003355,2025-05-28,P004,Canvas Backpack,1,59.00
ORD-003355,2025-05-28,P020,Laptop Stand,5,46.20
ORD-003356,2025-05-28,P003,Linen Tote Bag,1,19.80
ORD-003357,2025-05-28,P002,Travel Tumbler,3,24.00
ORD-003358,2025-05-28,P001,Ceramic Mug,1,12.00
ORD-003359,2025-05-28,P005,Wool Beanie,1,22.00
ORD-003359,2025-05-28,P021,USB-C Cable,2,9.00
ORD-003359,2025-05-28,P032,Throw Pillow,1,29.70
ORD-003360,2025-05-28,P006,Cotton T-Shirt,1,25.00
ORD-003361,2025-05-28,P016,Desk Lamp,1,49.00
ORD-003362,2025-05-28,P014,Scented Candle,1,16.00
ORD-003363,2025-05-28,P003,Linen Tote Bag,1,18.00
ORD-003364,2025-05-28,P001,Ceramic Mug,1,12.00
ORD-003364,2025-05-28,P003,Linen Tote Bag,1,16.20
ORD-003365,2025-05-28,P002,Travel Tumbler,4,21.60
ORD-003366,2025-05-28,P006,Cotton T-Shirt,1,25.00
ORD-003367,2025-05-28,P009,Leather Wallet,2,45.00
ORD-003368,2025-05-28,P005,Wool Beanie,3,22.00
ORD-003368,2025-05-28,P014,Scented Candle,5,16.00
ORD-003369,2025-05-28,P001,Ceramic Mug,2,12.00
ORD-003370,2025-05-28,P012,Chef Knife,1,81.40
ORD-003371,2025-05-28,P014,Scented Candle,1,17.60
ORD-003372,2025-05-28,P004,Canvas Backpack,1,59.00
ORD-003373,2025-05-28,P012,Chef Knife,1,66.60
ORD-003373,2025-05-28,P013,Cast Iron Pan,2,61.60
ORD-003374,2025-05-28,P004,Canvas Backpack,1,64.90
ORD-003375,2025-05-28,P001,Ceramic Mug,1,12.00
ORD-003376,2025-05-28,P009,Leather Wallet,2,49.50
ORD-003376,2025-05-28,P024,Yoga Mat,1,36.00
ORD-003377,2025-05-29,P001,Ceramic Mug,2,12.00
ORD-003377,2025-05-29,P003,Linen Tote Bag,2,19.80
ORD-003378,2025-05-29,P004,Canvas Backpack,1,59.00
ORD-003378,2025-05-29,P011,Bamboo Cutting Board,1,28.80
ORD-003379,2025-05-29,P002,Travel Tumbler,1,21.60
ORD-003380,2025-05-29,P009,Leather Wallet,1,45.00
ORD-003381,2025-05-29,P001,Ceramic Mug,1,12.00
ORD-003382,2025-05-29,P002,Travel Tumbler,3,24.00
ORD-003383,2025-05-29,P002,Travel Tumbler,2,26.40
ORD-003384,2025-05-29,P001,Ceramic Mug,1,12.00
ORD-003385,2025-05-29,P011,Bamboo Cutting Board,2,32.00
ORD-003386,2025-05-29,P004,Canvas Backpack,2,53.10
ORD-003386,2025-05-29,P006,Cotton T-Shirt,3,27.50
ORD-003387,2025-05-29,P006,Cotton T-Shirt,2,25.00
ORD-003387,2025-05-29,P025,Resistance Bands,3,14.00
ORD-003387,2025-05-29,P036,Gift Card Holder,2,7.00
ORD-003388,2025-05-29,P002,Travel Tumbler,1,26.40
ORD-003388,2025-05-29,P025,Resistance Bands,1,14.00
ORD-003389,2025-05-29,P003,Linen Tote Bag,1,18.00
ORD-003390,2025-05-29,P028,Olive Oil 500ml,1,21.00
ORD-003391,2025-05-29,P004,Canvas Backpack,2,59.00
ORD-003392,2025-05-29,P001,Ceramic Mug,2,12.00
ORD-003393,2025-05-29,P003,Linen Tote Bag,3,19.80
ORD-003393,2025-05-29,P012,Chef Knife,1,74.00
ORD-003394,2025-05-29,P001,Ceramic Mug,1,12.00
ORD-003395,2025-05-29,P002,Travel Tumbler,2,21.60
ORD-003395,2025-05-29,P015,Soy Wax Candle Set,4,34.00
ORD-003396,2025-05-29,P011,Bamboo Cutting Board,1,32.00
ORD-003397,2025-05-29,P001,Ceramic Mug,2,10.80
ORD-003398,2025-05-29,P019,Wireless Mouse,5,29.00
ORD-003399,2025-05-29,P006,Cotton T-Shirt,1,27.50
ORD-003400,2025-05-30,P001,Ceramic Mug,1,13.20
ORD-003401,2025-05-30,P009,Leather Wallet,1,49.50
ORD-003402,2025-05-30,P002,Travel Tumbler,1,24.00
ORD-003403,2025-05-30,P001,Ceramic Mug,2,12.00
ORD-003404,2025-05-30,P001,Ceramic Mug,1,12.00
ORD-003405,2025-05-30,P001,Ceramic Mug,4,10.80
ORD-003406,2025-05-30,P002,Travel Tumbler,1,24.00
ORD-003407,2025-05-30,P008,Running Socks,2,11.00
ORD-003407,2025-05-30,P026,Herbal Tea Sampler,1,19.00
ORD-003408,2025-05-30,P004,Canvas Backpack,1,59.00
ORD-003409,2025-05-30,P001,Ceramic Mug,1,10.80
ORD-003409,2025-05-30,P007,Denim Jacket,2,89.00
ORD-003410,2025-05-30,P006,Cotton T-Shirt,2,25.00
ORD-003411,2025-05-30,P001,Ceramic Mug,1,10.80
ORD-003411,2025-05-30,P002,Travel Tumbler,1,24.00
ORD-003412,2025-05-30,P008,Running Socks,5,11.00
ORD-003413,2025-05-30,P004,Canvas Backpack,2,59.00
ORD-003414,2025-05-30,P001,Ceramic Mug,1,12.00
ORD-003414,2025-05-30,P010,Steel Water Bottle,2,20.00
ORD-003415,2025-05-30,P014,Scented Candle,1,16.00
ORD-003416,2025-05-30,P005,Wool Beanie,2,22.00
ORD-003417,2025-05-30,P001,Ceramic Mug,1,12.00
ORD-003418,2025-05-30,P001,Ceramic Mug,4,12.00
ORD-003418,2025-05-30,P003,Linen Tote Bag,4,18.00
ORD-003419,2025-05-30,P009,Leather Wallet,1,45.00
ORD-003420,2025-05-30,P007,Denim Jacket,3,89.00
ORD-003421,2025-05-30,P003,Linen Tote Bag,3,18.00
ORD-003422,2025-05-30,P019,Wireless Mouse,2,26.10
ORD-003423,2025-05-30,P002,Travel Tumbler,1,24.00
ORD-003423,2025-05-30,P004,Canvas Backpack,1,59.00
ORD-003424,2025-05-30,P001,Ceramic Mug,1,12.00
ORD-003424,2025-05-30,P029,Hot Sauce Trio,2,23.00
ORD-003425,2025-05-30,P008,Running Socks,3,11.00
ORD-003426,2025-05-30,P001,Ceramic Mug,2,13.20
ORD-003426,2025-05-30,P006,Cotton T-Shirt,1,25.00
ORD-003427,2025-05-30,P019,Wireless Mouse,1,29.00
ORD-003428,2025-05-30,P001,Ceramic Mug,2,12.00
ORD-003429,2025-05-30,P002,Travel Tumbler,2,24.00
ORD-003429,2025-05-30,P004,Canvas Backpack,1,53.10
ORD-003430,2025-05-30,P001,Ceramic Mug,4,12.00
ORD-003430,2025-05-30,P023,Bluetooth Speaker,1,69.00
ORD-003430,2025-05-30,P024,Yoga Mat,5,36.00
ORD-003431,2025-05-30,P003,Linen Tote Bag,1,19.80
ORD-003431,2025-05-30,P011,Bamboo Cutting Board,1,32.00
ORD-003432,2025-05-30,P008,Running Socks,1,11.00
ORD-003433,2025-05-30,P001,Ceramic Mug,5,10.80
ORD-003433,2025-05-30,P020,Laptop Stand,1,42.00
ORD-003434,2025-05-31,P016,Desk Lamp,3,49.00
ORD-003435,2025-05-31,P015,Soy Wax Candle Set,1,34.00
ORD-003436,2025-05-31,P003,Linen Tote Bag,2,16.20
ORD-003437,2025-05-31,P007,Denim Jacket,1,89.00
ORD-003438,2025-05-31,P001,Ceramic Mug,1,12.00
ORD-003438,2025-05-31,P004,Canvas Backpack,3,53.10
ORD-003438,2025-05-31,P026,Herbal Tea Sampler,1,19.00
ORD-003438,2025-05-31,P031,Framed Print,2,57.60
ORD-003439,2025-05-31,P003,Linen Tote Bag,1,18.00
ORD-003439,2025-05-31,P006,Cotton T-Shirt,3,25.00
ORD-003439,2025-05-31,P008,Running Socks,2,11.00
ORD-003440,2025-05-31,P001,Ceramic Mug,1,10.80
ORD-003441,2025-05-31,P034,Sunglasses,1,46.00
ORD-003442,2025-05-31,P001,Ceramic Mug,2,10.80
ORD-003443,2025-05-31,P003,Linen Tote Bag,1,18.00
ORD-003443,2025-05-31,P014,Scented Candle,5,16.00
ORD-003443,2025-05-31,P030,Wall Calendar,2,13.00
ORD-003444,2025-05-31,P006,Cotton T-Shirt,2,22.50
ORD-003445,2025-05-31,P011,Bamboo Cutting Board,1,28.80
ORD-003445,2025-05-31,P014,Scented Candle,1,16.00
ORD-003445,2025-05-31,P024,Yoga Mat,1,36.00
ORD-003446,2025-05-31,P001,Ceramic Mug,1,12.00
ORD-003446,2025-05-31,P029,Hot Sauce Trio,1,25.30
ORD-003447,2025-05-31,P004,Canvas Backpack,1,64.90
ORD-003448,2025-05-31,P007,Denim Jacket,1,89.00
ORD-003449,2025-05-31,P001,Ceramic Mug,1,12.00
ORD-003449,2025-05-31,P023,Bluetooth Speaker,3,69.00
ORD-003450,2025-05-31,P002,Travel Tumbler,1,24.00
ORD-003450,2025-05-31,P003,Linen Tote Bag,1,16.20
ORD-003451,2025-05-31,P001,Ceramic Mug,1,12.00
ORD-003451,2025-05-31,P007,Denim Jacket,1,97.90
ORD-003452,2025-05-31,P003,Linen Tote Bag,3,18.00
ORD-003453,2025-05-31,P001,Ceramic Mug,2,12.00
ORD-003454,2025-05-31,P002,Travel Tumbler,2,24.00
ORD-003455,2025-05-31,P002,Travel Tumbler,3,24.00
ORD-003456,2025-05-31,P023,Bluetooth Speaker,1,69.00
ORD-003457,2025-05-31,P001,Ceramic Mug,1,13.20
ORD-003458,2025-05-31,P001,Ceramic Mug,1,12.00
ORD-003459,2025-05-31,P003,Linen Tote Bag,1,18.00
ORD-003459,2025-05-31,P006,Cotton T-Shirt,1,25.00
ORD-003460,2025-05-31,P002,Travel Tumbler,1,26.40
ORD-003461,2025-05-31,P001,Ceramic Mug,4,12.00
ORD-003462,2025-05-31,P002,Travel Tumbler,3,26.40
ORD-003462,2025-05-31,P004,Canvas Backpack,1,59.00
ORD-003463,2025-05-31,P006,Cotton T-Shirt,2,25.00
ORD-003464,2025-05-31,P019,Wireless Mouse,1,29.00
ORD-003465,2025-05-31,P001,Ceramic Mug,1,10.80
ORD-003466,2025-05-31,P023,Bluetooth Speaker,1,62.10
ORD-003467,2025-06-01,P001,Ceramic Mug,1,10.80
ORD-003467,2025-06-01,P002,Travel Tumbler,1,21.60
ORD-003467,2025-06-01,P009,Leather Wallet,1,45.00
ORD-003468,2025-06-01,P001,Ceramic Mug,1,12.00
ORD-003469,2025-06-01,P002,Travel Tumbler,1,24.00
ORD-003470,2025-06-01,P001,Ceramic Mug,2,12.00
ORD-003470,2025-06-01,P004,Canvas Backpack,1,59.00
ORD-003471,2025-06-01,P003,Linen Tote Bag,1,16.20
ORD-003471,2025-06-01,P016,Desk Lamp,2,53.90
ORD-003472,2025-06-01,P003,Linen Tote Bag,1,18.00
ORD-003472,2025-06-01,P006,Cotton T-Shirt,4,25.00
ORD-003473,2025-06-01,P002,Travel Tumbler,1,24.00
ORD-003474,2025-06-01,P003,Linen Tote Bag,1,18.00
ORD-003475,2025-06-01,P002,Travel Tumbler,1,24.00
ORD-003476,2025-06-01,P001,Ceramic Mug,1,10.80
ORD-003477,2025-06-01,P002,Travel Tumbler,1,24.00
ORD-003477,2025-06-01,P018,Fountain Pen,1,34.20
ORD-003478,2025-06-01,P021,USB-C Cable,2,10.00
ORD-003479,2025-06-01,P009,Leather Wallet,2,45.00
ORD-003480,2025-06-01,P001,Ceramic Mug,3,12.00
ORD-003480,2025-06-01,P008,Running Socks,4,11.00
ORD-003481,2025-06-01,P004,Canvas Backpack,1,59.00
ORD-003482,2025-06-01,P001,Ceramic Mug,1,12.00
ORD-003483,2025-06-01,P008,Running Socks,1,11.00
ORD-003484,2025-06-01,P001,Ceramic Mug,2,10.80
ORD-003484,2025-06-01,P024,Yoga Mat,2,36.00
ORD-003484,2025-06-01,P025,Resistance Bands,3,14.00
ORD-003485,2025-06-01,P002,Travel Tumbler,1,24.00
ORD-003486,2025-06-01,P001,Ceramic Mug,1,10.80
ORD-003487,2025-06-01,P009,Leather Wallet,1,40.50
ORD-003488,2025-06-01,P003,Linen Tote Bag,1,18.00
ORD-003489,2025-06-01,P001,Ceramic Mug,1,12.00
ORD-003490,2025-06-02,P001,Ceramic Mug,1,12.00
ORD-003490,2025-06-02,P002,Travel Tumbler,4,21.60
ORD-003490,2025-06-02,P021,USB-C Cable,1,10.00
ORD-003490,2025-06-02,P022,Phone Case,1,15.00
ORD-003491,2025-06-02,P002,Travel Tumbler,2,24.00
ORD-003491,2025-06-02,P006,Cotton T-Shirt,2,22.50
ORD-003491,2025-06-02,P011,Bamboo Cutting Board,4,32.00
ORD-003492,2025-06-02,P035,Umbrella,1,26.00
ORD-003493,2025-06-02,P001,Ceramic Mug,2,12.00
ORD-003493,2025-06-02,P012,Chef Knife,3,66.60
ORD-003494,2025-06-02,P003,Linen Tote Bag,1,18.00
ORD-003495,2025-06-02,P027,Coffee Beans 1kg,1,28.00
ORD-003496,2025-06-02,P007,Denim Jacket,1,89.00
ORD-003496,2025-06-02,P010,Steel Water Bottle,2,20.00
ORD-003496,2025-06-02,P011,Bamboo Cutting Board,1,32.00
ORD-003497,2025-06-02,P002,Travel Tumbler,1,21.60
ORD-003497,2025-06-02,P010,Steel Water Bottle,1,20.00
ORD-003498,2025-06-02,P010,Steel Water Bottle,1,20.00
ORD-003499,2025-06-02,P004,Canvas Backpack,1,59.00
ORD-003500,2025-06-02,P025,Resistance Bands,2,14.00
ORD-003501,2025-06-02,P001,Ceramic Mug,2,12.00
ORD-003502,2025-06-02,P005,Wool Beanie,1,22.00
ORD-003503,2025-06-02,P006,Cotton T-Shirt,3,25.00
ORD-003504,2025-06-02,P007,Denim Jacket,2,89.00
ORD-003505,2025-06-02,P032,Throw Pillow,1,27.00
ORD-003506,2025-06-02,P001,Ceramic Mug,2,12.00
ORD-003506,2025-06-02,P002,Travel Tumbler,1,21.60
ORD-003507,2025-06-02,P005,Wool Beanie,1,24.20
ORD-003507,2025-06-02,P006,Cotton T-Shirt,2,22.50
ORD-003508,2025-06-02,P006,Cotton T-Shirt,1,27.50
ORD-003509,2025-06-02,P008,Running Socks,1,12.10
ORD-003510,2025-06-02,P004,Canvas Backpack,1,59.00
ORD-003511,2025-06-02,P002,Travel Tumbler,2,24.00
ORD-003512,2025-06-02,P002,Travel Tumbler,1,24.00
ORD-003512,2025-06-02,P025,Resistance Bands,1,14.00
ORD-003513,2025-06-03,P022,Phone Case,3,16.50
ORD-003514,2025-06-03,P008,Running Socks,2,11.00
ORD-003514,2025-06-03,P016,Desk Lamp,1,49.00
ORD-003515,2025-06-03,P010,Steel Water Bottle,3,20.00
ORD-003516,2025-06-03,P001,Ceramic Mug,2,12.00
ORD-003516,2025-06-03,P002,Travel Tumbler,1,24.00
ORD-003516,2025-06-03,P015,Soy Wax Candle Set,5,34.00
ORD-003516,2025-06-03,P034,Sunglasses,1,46.00
ORD-003517,2025-06-03,P001,Ceramic Mug,1,12.00
ORD-003517,2025-06-03,P002,Travel Tumbler,1,24.00
ORD-003518,2025-06-03,P005,Wool Beanie,1,19.80
ORD-003519,2025-06-03,P002,Travel Tumbler,1,24.00
ORD-003520,2025-06-03,P001,Ceramic Mug,1,12.00
ORD-003520,2025-06-03,P002,Travel Tumbler,1,21.60
ORD-003520,2025-06-03,P007,Denim Jacket,1,89.00
ORD-003520,2025-06-03,P011,Bamboo Cutting Board,1,32.00
ORD-003521,2025-06-03,P024,Yoga Mat,1,36.00
ORD-003522,2025-06-03,P003,Linen Tote Bag,2,16.20
ORD-003522,2025-06-03,P026,Herbal Tea Sampler,1,19.00
ORD-003523,2025-06-03,P010,Steel Water Bottle,3,22.00
ORD-003524,2025-06-03,P001,Ceramic Mug,1,13.20
ORD-003525,2025-06-03,P009,Leather Wallet,1,45.00
ORD-003525,2025-06-03,P012,Chef Knife,1,74.00
ORD-003526,2025-06-03,P032,Throw Pillow,1,27.00
ORD-003527,2025-06-03,P001,Ceramic Mug,3,10.80
ORD-003527,2025-06-03,P002,Travel Tumbler,1,24.00
ORD-003527,2025-06-03,P003,Linen Tote Bag,1,19.80
ORD-003527,2025-06-03,P008,Running Socks,1,11.00
ORD-003528,2025-06-03,P009,Leather Wallet,1,49.50
ORD-003528,2025-06-03,P028,Olive Oil 500ml,2,21.00
ORD-003528,2025-06-03,P036,Gift Card Holder,2,7.00
ORD-003529,2025-06-03,P001,Ceramic Mug,1,10.80
ORD-003529,2025-06-03,P011,Bamboo Cutting Board,1,32.00
ORD-003530,2025-06-03,P021,USB-C Cable,1,10.00
ORD-003531,2025-06-04,P021,USB-C Cable,2,10.00
ORD-003532,2025-06-04,P004,Canvas Backpack,2,59.00
ORD-003532,2025-06-04,P013,Cast Iron Pan,2,56.00
ORD-003533,2025-06-04,P001,Ceramic Mug,2,10.80
ORD-003533,2025-06-04,P005,Wool Beanie,1,22.00
ORD-003533,2025-06-04,P014,Scented Candle,1,14.40
ORD-003534,2025-06-04,P001,Ceramic Mug,1,12.00
ORD-003535,2025-06-04,P001,Ceramic Mug,1,12.00
ORD-003536,2025-06-04,P002,Travel Tumbler,1,24.00
ORD-003537,2025-06-04,P001,Ceramic Mug,5,10.80
ORD-003538,2025-06-04,P001,Ceramic Mug,1,12.00
ORD-003539,2025-06-04,P004,Canvas Backpack,1,59.00
ORD-003540,2025-06-04,P024,Yoga Mat,2,36.00
ORD-003541,2025-06-04,P001,Ceramic Mug,2,12.00
ORD-003542,2025-06-04,P002,Travel Tumbler,3,26.40
ORD-003543,2025-06-04,P001,Ceramic Mug,1,12.00
ORD-003543,2025-06-04,P002,Travel Tumbler,4,24.00
ORD-003543,2025-06-04,P003,Linen Tote Bag,1,18.00
ORD-003543,2025-06-04,P019,Wireless Mouse,3,29.00
ORD-003544,2025-06-04,P005,Wool Beanie,1,22.00
ORD-003545,2025-06-04,P006,Cotton T-Shirt,1,25.00
ORD-003546,2025-06-04,P034,Sunglasses,5,50.60
ORD-003547,2025-06-04,P025,Resistance Bands,1,14.00
ORD-003548,2025-06-04,P003,Linen Tote Bag,1,18.00
ORD-003549,2025-06-04,P001,Ceramic Mug,1,10.80
ORD-003550,2025-06-04,P031,Framed Print,1,64.00
ORD-003551,2025-06-04,P001,Ceramic Mug,3,12.00
ORD-003552,2025-06-04,P008,Running Socks,1,11.00
ORD-003553,2025-06-04,P001,Ceramic Mug,2,12.00
ORD-003554,2025-06-04,P017,Notebook A5,3,9.00
ORD-003555,2025-06-05,P001,Ceramic Mug,2,12.00
ORD-003555,2025-06-05,P018,Fountain Pen,2,38.00
ORD-003556,2025-06-05,P001,Ceramic Mug,1,12.00
ORD-003556,2025-06-05,P012,Chef Knife,1,66.60
ORD-003557,2025-06-05,P026,Herbal Tea Sampler,2,19.00
ORD-003558,2025-06-05,P001,Ceramic Mug,1,12.00
ORD-003559,2025-06-05,P035,Umbrella,1,23.40
ORD-003560,2025-06-05,P003,Linen Tote Bag,1,16.20
ORD-003560,2025-06-05,P009,Leather Wallet,1,49.50
ORD-003561,2025-06-05,P010,Steel Water Bottle,1,20.00
ORD-003562,2025-06-05,P007,Denim Jacket,1,80.10
ORD-003562,2025-06-05,P026,Herbal Tea Sampler,3,19.00
ORD-003563,2025-06-05,P002,Travel Tumbler,1,21.60
ORD-003563,2025-06-05,P007,Denim Jacket,3,89.00
ORD-003564,2025-06-05,P005,Wool Beanie,1,22.00
ORD-003565,2025-06-05,P001,Ceramic Mug,1,12.00
ORD-003566,2025-06-05,P003,Linen Tote Bag,1,18.00
ORD-003567,2025-06-05,P020,Laptop Stand,1,46.20
ORD-003568,2025-06-05,P002,Travel Tumbler,1,24.00
ORD-003569,2025-06-05,P001,Ceramic Mug,1,10.80
ORD-003570,2025-06-05,P014,Scented Candle,1,16.00
ORD-003571,2025-06-05,P001,Ceramic Mug,2,12.00
ORD-003572,2025-06-05,P002,Travel Tumbler,4,26.40
ORD-003572,2025-06-05,P014,Scented Candle,1,16.00
ORD-003573,2025-06-05,P001,Ceramic Mug,1,12.00
ORD-003573,2025-06-05,P002,Travel Tumbler,1,24.00
ORD-003573,2025-06-05,P018,Fountain Pen,3,38.00
ORD-003574,2025-06-05,P002,Travel Tumbler,1,24.00
ORD-003574,2025-06-05,P003,Linen Tote Bag,3,18.00
ORD-003575,2025-06-05,P001,Ceramic Mug,1,12.00
ORD-003575,2025-06-05,P014,Scented Candle,2,16.00
ORD-003575,2025-06-05,P036,Gift Card Holder,1,7.00
ORD-003576,2025-06-05,P001,Ceramic Mug,1,13.20
ORD-003576,2025-06-05,P002,Travel Tumbler,1,24.00
ORD-003577,2025-06-05,P001,Ceramic Mug,1,10.80
ORD-003578,2025-06-06,P005,Wool Beanie,1,22.00
ORD-003579,2025-06-06,P001,Ceramic Mug,1,12.00
ORD-003580,2025-06-06,P001,Ceramic Mug,1,12.00
ORD-003580,2025-06-06,P025,Resistance Bands,1,14.00
ORD-003581,2025-06-06,P001,Ceramic Mug,1,12.00
ORD-003582,2025-06-06,P001,Ceramic Mug,1,10.80
ORD-003582,2025-06-06,P002,Travel Tumbler,1,24.00
ORD-003583,2025-06-06,P001,Ceramic Mug,2,10.80
ORD-003584,2025-06-06,P007,Denim Jacket,2,80.10
ORD-003585,2025-06-06,P001,Ceramic Mug,1,12.00
ORD-003586,2025-06-06,P001,Ceramic Mug,1,12.00
ORD-003587,2025-06-06,P004,Canvas Backpack,2,59.00
ORD-003588,2025-06-06,P001,Ceramic Mug,1,13.20
ORD-003589,2025-06-06,P001,Ceramic Mug,1,12.00
ORD-003590,2025-06-06,P001,Ceramic Mug,1,13.20
ORD-003591,2025-06-06,P007,Denim Jacket,1,97.90
ORD-003592,2025-06-06,P002,Travel Tumbler,1,24.00
ORD-003592,2025-06-06,P019,Wireless Mouse,1,29.00
ORD-003593,2025-06-06,P001,Ceramic Mug,1,12.00
ORD-003593,2025-06-06,P009,Leather Wallet,2,40.50
ORD-003594,2025-06-06,P002,Travel Tumbler,1,24.00
ORD-003594,2025-06-06,P003,Linen Tote Bag,1,18.00
ORD-003594,2025-06-06,P023,Bluetooth Speaker,2,69.00
ORD-003595,2025-06-06,P002,Travel Tumbler,2,24.00
ORD-003595,2025-06-06,P028,Olive Oil 500ml,3,21.00
ORD-003596,2025-06-06,P005,Wool Beanie,1,19.80
ORD-003596,2025-06-06,P015,Soy Wax Candle Set,4,34.00
ORD-003597,2025-06-06,P001,Ceramic Mug,1,10.80
ORD-003598,2025-06-06,P001,Ceramic Mug,1,12.00
ORD-003599,2025-06-06,P001,Ceramic Mug,2,13.20
ORD-003599,2025-06-06,P017,Notebook A5,1,9.00
ORD-003600,2025-06-06,P004,Canvas Backpack,1,64.90
ORD-003601,2025-06-06,P002,Travel Tumbler,1,24.00
ORD-003601,2025-06-06,P005,Wool Beanie,1,22.00
ORD-003601,2025-06-06,P032,Throw Pillow,1,24.30
ORD-003602,2025-06-06,P001,Ceramic Mug,1,12.00
ORD-003603,2025-06-07,P006,Cotton T-Shirt,3,22.50
ORD-003604,2025-06-07,P002,Travel Tumbler,5,24.00
ORD-003604,2025-06-07,P011,Bamboo Cutting Board,1,28.80
ORD-003604,2025-06-07,P021,USB-C Cable,1,10.00
ORD-003605,2025-06-07,P001,Ceramic Mug,3,12.00
ORD-003606,2025-06-07,P003,Linen Tote Bag,1,18.00
ORD-003606,2025-06-07,P004,Canvas Backpack,4,64.90
ORD-003606,2025-06-07,P013,Cast Iron Pan,1,56.00
ORD-003607,2025-06-07,P014,Scented Candle,2,17.60
ORD-003608,2025-06-07,P012,Chef Knife,2,74.00
ORD-003609,2025-06-07,P006,Cotton T-Shirt,1,25.00
ORD-003610,2025-06-07,P007,Denim Jacket,4,89.00
ORD-003610,2025-06-07,P016,Desk Lamp,1,44.10
ORD-003611,2025-06-07,P021,USB-C Cable,1,10.00
ORD-003612,2025-06-07,P001,Ceramic Mug,1,12.00
ORD-003612,2025-06-07,P012,Chef Knife,2,74.00
ORD-003613,2025-06-07,P008,Running Socks,1,11.00
ORD-003614,2025-06-07,P001,Ceramic Mug,2,12.00
ORD-003614,2025-06-07,P019,Wireless Mouse,1,26.10
ORD-003615,2025-06-07,P024,Yoga Mat,1,36.00
ORD-003616,2025-06-07,P003,Linen Tote Bag,1,18.00
ORD-003616,2025-06-07,P004,Canvas Backpack,1,59.00
ORD-003616,2025-06-07,P016,Desk Lamp,1,49.00
ORD-003617,2025-06-07,P022,Phone Case,1,13.50
ORD-003618,2025-06-07,P003,Linen Tote Bag,1,18.00
ORD-003618,2025-06-07,P006,Cotton T-Shirt,1,25.00
ORD-003618,2025-06-07,P018,Fountain Pen,1,38.00
ORD-003619,2025-06-07,P011,Bamboo Cutting Board,1,35.20
ORD-003620,2025-06-07,P003,Linen Tote Bag,3,19.80
ORD-003621,2025-06-07,P025,Resistance Bands,1,12.60
ORD-003622,2025-06-07,P036,Gift Card Holder,1,7.00
ORD-003623,2025-06-07,P001,Ceramic Mug,1,12.00
ORD-003623,2025-06-07,P002,Travel Tumbler,2,24.00
ORD-003623,2025-06-07,P004,Canvas Backpack,1,59.00
ORD-003624,2025-06-07,P002,Travel Tumbler,1,24.00
ORD-003624,2025-06-07,P008,Running Socks,1,9.90
ORD-003624,2025-06-07,P018,Fountain Pen,5,38.00
ORD-003625,2025-06-07,P018,Fountain Pen,2,38.00
ORD-003626,2025-06-07,P002,Travel Tumbler,2,24.00
ORD-003627,2025-06-07,P002,Travel Tumbler,1,24.00
ORD-003628,2025-06-08,P002,Travel Tumbler,2,24.00
ORD-003629,2025-06-08,P004,Canvas Backpack,1,59.00
ORD-003630,2025-06-08,P008,Running Socks,5,11.00
ORD-003631,2025-06-08,P001,Ceramic Mug,4,13.20
ORD-003631,2025-06-08,P002,Travel Tumbler,1,24.00
ORD-003632,2025-06-08,P002,Travel Tumbler,1,24.00
ORD-003633,2025-06-08,P003,Linen Tote Bag,1,18.00
ORD-003634,2025-06-08,P016,Desk Lamp,3,49.00
ORD-003635,2025-06-08,P001,Ceramic Mug,1,10.80
ORD-003635,2025-06-08,P013,Cast Iron Pan,4,56.00
ORD-003636,2025-06-08,P001,Ceramic Mug,1,12.00
ORD-003636,2025-06-08,P009,Leather Wallet,1,40.50
ORD-003636,2025-06-08,P011,Bamboo Cutting Board,1,32.00
ORD-003637,2025-06-08,P001,Ceramic Mug,1,12.00
ORD-003637,2025-06-08,P003,Linen Tote Bag,4,18.00
ORD-003637,2025-06-08,P013,Cast Iron Pan,5,56.00
ORD-003638,2025-06-08,P006,Cotton T-Shirt,1,25.00
ORD-003639,2025-06-08,P003,Linen Tote Bag,2,18.00
ORD-003640,2025-06-08,P006,Cotton T-Shirt,3,25.00
ORD-003641,2025-06-08,P004,Canvas Backpack,1,59.00
ORD-003642,2025-06-08,P001,Ceramic Mug,1,12.00
ORD-003642,2025-06-08,P006,Cotton T-Shirt,1,25.00
ORD-003643,2025-06-08,P002,Travel Tumbler,2,24.00
ORD-003643,2025-06-08,P034,Sunglasses,1,46.00
ORD-003644,2025-06-08,P001,Ceramic Mug,1,12.00
ORD-003645,2025-06-08,P023,Bluetooth Speaker,3,69.00
ORD-003646,2025-06-08,P001,Ceramic Mug,1,12.00
ORD-003646,2025-06-08,P004,Canvas Backpack,3,64.90
ORD-003647,2025-06-08,P001,Ceramic Mug,5,10.80
ORD-003648,2025-06-08,P001,Ceramic Mug,1,12.00
ORD-003649,2025-06-08,P015,Soy Wax Candle Set,2,34.00
ORD-003650,2025-06-08,P005,Wool Beanie,1,24.20
ORD-003651,2025-06-08,P002,Travel Tumbler,3,24.00
ORD-003652,2025-06-08,P006,Cotton T-Shirt,1,25.00
ORD-003653,2025-06-09,P007,Denim Jacket,2,89.00
ORD-003654,2025-06-09,P001,Ceramic Mug,1,12.00
ORD-003654,2025-06-09,P005,Wool Beanie,1,19.80
ORD-003655,2025-06-09,P002,Travel Tumbler,1,24.00
ORD-003655,2025-06-09,P025,Resistance Bands,1,14.00
ORD-003656,2025-06-09,P001,Ceramic Mug,1,10.80
ORD-003657,2025-06-09,P001,Ceramic Mug,1,12.00
ORD-003657,2025-06-09,P009,Leather Wallet,1,49.50
ORD-003658,2025-06-09,P002,Travel Tumbler,1,24.00
ORD-003659,2025-06-09,P022,Phone Case,1,13.50
ORD-003660,2025-06-09,P001,Ceramic Mug,3,12.00
ORD-003661,2025-06-09,P020,Laptop Stand,1,37.80
ORD-003662,2025-06-09,P002,Travel Tumbler,1,26.40
ORD-003663,2025-06-09,P003,Linen Tote Bag,2,18.00
ORD-003664,2025-06-09,P001,Ceramic Mug,1,12.00
ORD-003665,2025-06-09,P001,Ceramic Mug,1,10.80
ORD-003666,2025-06-09,P003,Linen Tote Bag,1,16.20
ORD-003667,2025-06-09,P001,Ceramic Mug,1,13.20
ORD-003668,2025-06-09,P002,Travel Tumbler,1,21.60
ORD-003668,2025-06-09,P003,Linen Tote Bag,1,18.00
ORD-003668,2025-06-09,P006,Cotton T-Shirt,1,25.00
ORD-003669,2025-06-09,P001,Ceramic Mug,1,13.20
ORD-003669,2025-06-09,P006,Cotton T-Shirt,2,25.00
ORD-003670,2025-06-09,P015,Soy Wax Candle Set,1,34.00
ORD-003671,2025-06-09,P007,Denim Jacket,1,89.00
ORD-003672,2025-06-09,P006,Cotton T-Shirt,4,25.00
ORD-003672,2025-06-09,P007,Denim Jacket,1,80.10
ORD-003673,2025-06-09,P002,Travel Tumbler,1,21.60
ORD-003673,2025-06-09,P014,Scented Candle,1,16.00
ORD-003674,2025-06-09,P002,Travel Tumbler,2,26.40
ORD-003674,2025-06-09,P003,Linen Tote Bag,1,18.00
ORD-003675,2025-06-09,P001,Ceramic Mug,2,10.80
ORD-003676,2025-06-09,P001,Ceramic Mug,2,10.80
ORD-003676,2025-06-09,P007,Denim Jacket,1,89.00
ORD-003677,2025-06-09,P001,Ceramic Mug,1,13.20
ORD-003677,2025-06-09,P002,Travel Tumbler,1,24.00
ORD-003677,2025-06-09,P013,Cast Iron Pan,1,56.00
ORD-003678,2025-06-09,P001,Ceramic Mug,1,12.00
ORD-003678,2025-06-09,P007,Denim Jacket,1,89.00
ORD-003679,2025-06-09,P001,Ceramic Mug,1,13.20
ORD-003680,2025-06-09,P004,Canvas Backpack,1,59.00
ORD-003681,2025-06-09,P007,Denim Jacket,1,80.10
ORD-003682,2025-06-09,P001,Ceramic Mug,1,12.00
ORD-003683,2025-06-09,P002,Travel Tumbler,1,26.40
ORD-003684,2025-06-09,P006,Cotton T-Shirt,1,25.00
ORD-003685,2025-06-09,P004,Canvas Backpack,3,53.10
ORD-003686,2025-06-10,P009,Leather Wallet,3,40.50
ORD-003687,2025-06-10,P001,Ceramic Mug,1,12.00
ORD-003688,2025-06-10,P028,Olive Oil 500ml,1,21.00
ORD-003689,2025-06-10,P001,Ceramic Mug,4,12.00
ORD-003689,2025-06-10,P014,Scented Candle,1,17.60
ORD-003690,2025-06-10,P015,Soy Wax Candle Set,1,34.00
ORD-003691,2025-06-10,P001,Ceramic Mug,1,13.20
ORD-003691,2025-06-10,P003,Linen Tote Bag,1,18.00
ORD-003692,2025-06-10,P002,Travel Tumbler,2,26.40
ORD-003693,2025-06-10,P028,Olive Oil 500ml,1,21.00
ORD-003694,2025-06-10,P003,Linen Tote Bag,1,18.00
ORD-003694,2025-06-10,P014,Scented Candle,1,16.00
ORD-003695,2025-06-10,P003,Linen Tote Bag,1,18.00
ORD-003696,2025-06-10,P001,Ceramic Mug,4,12.00
ORD-003696,2025-06-10,P002,Travel Tumbler,1,24.00
ORD-003696,2025-06-10,P006,Cotton T-Shirt,1,27.50
ORD-003697,2025-06-10,P027,Coffee Beans 1kg,1,28.00
ORD-003698,2025-06-10,P001,Ceramic Mug,2,12.00
ORD-003699,2025-06-10,P018,Fountain Pen,1,38.00
ORD-003700,2025-06-10,P004,Canvas Backpack,1,59.00
ORD-003701,2025-06-10,P001,Ceramic Mug,3,12.00
ORD-003701,2025-06-10,P009,Leather Wallet,2,45.00
ORD-003702,2025-06-10,P001,Ceramic Mug,1,12.00
ORD-003702,2025-06-10,P002,Travel Tumbler,1,24.00
ORD-003703,2025-06-10,P001,Ceramic Mug,1,12.00
ORD-003703,2025-06-10,P005,Wool Beanie,2,22.00
ORD-003703,2025-06-10,P013,Cast Iron Pan,2,50.40
ORD-003703,2025-06-10,P036,Gift Card Holder,2,7.00
ORD-003704,2025-06-10,P002,Travel Tumbler,1,24.00
ORD-003704,2025-06-10,P027,Coffee Beans 1kg,2,28.00
ORD-003705,2025-06-10,P003,Linen Tote Bag,3,18.00
ORD-003706,2025-06-11,P012,Chef Knife,1,74.00
ORD-003707,2025-06-11,P002,Travel Tumbler,1,24.00
ORD-003708,2025-06-11,P002,Travel Tumbler,1,24.00
ORD-003709,2025-06-11,P001,Ceramic Mug,1,12.00
ORD-003709,2025-06-11,P016,Desk Lamp,4,53.90
ORD-003710,2025-06-11,P001,Ceramic Mug,1,12.00
ORD-003711,2025-06-11,P001,Ceramic Mug,4,12.00
ORD-003711,2025-06-11,P002,Travel Tumbler,1,21.60
ORD-003711,2025-06-11,P010,Steel Water Bottle,1,20.00
ORD-003711,2025-06-11,P013,Cast Iron Pan,1,56.00
ORD-003712,2025-06-11,P017,Notebook A5,2,9.00
ORD-003713,2025-06-11,P016,Desk Lamp,1,49.00
ORD-003713,2025-06-11,P026,Herbal Tea Sampler,5,19.00
ORD-003714,2025-06-11,P001,Ceramic Mug,1,13.20
ORD-003714,2025-06-11,P002,Travel Tumbler,1,24.00
ORD-003715,2025-06-11,P003,Linen Tote Bag,5,18.00
ORD-003716,2025-06-11,P009,Leather Wallet,3,45.00
ORD-003717,2025-06-11,P001,Ceramic Mug,1,12.00
ORD-003717,2025-06-11,P002,Travel Tumbler,1,26.40
ORD-003717,2025-06-11,P007,Denim Jacket,1,97.90
ORD-003718,2025-06-11,P004,Canvas Backpack,2,59.00
ORD-003719,2025-06-11,P008,Running Socks,1,11.00
ORD-003720,2025-06-11,P003,Linen Tote Bag,1,19.80
ORD-003721,2025-06-11,P017,Notebook A5,1,9.00
ORD-003722,2025-06-11,P023,Bluetooth Speaker,2,69.00
ORD-003723,2025-06-11,P006,Cotton T-Shirt,4,27.50
ORD-003724,2025-06-11,P002,Travel Tumbler,2,26.40
ORD-003724,2025-06-11,P012,Chef Knife,1,74.00
ORD-003725,2025-06-11,P003,Linen Tote Bag,1,16.20
ORD-003726,2025-06-11,P001,Ceramic Mug,3,12.00
ORD-003727,2025-06-11,P003,Linen Tote Bag,1,16.20
ORD-003728,2025-06-11,P001,Ceramic Mug,1,13.20
ORD-003729,2025-06-11,P001,Ceramic Mug,1,12.00
ORD-003730,2025-06-12,P012,Chef Knife,1,81.40
ORD-003731,2025-06-12,P001,Ceramic Mug,1,12.00
ORD-003731,2025-06-12,P007,Denim Jacket,1,80.10
ORD-003732,2025-06-12,P003,Linen Tote Bag,1,18.00
ORD-003733,2025-06-12,P003,Linen Tote Bag,1,18.00
ORD-003734,2025-06-12,P018,Fountain Pen,1,41.80
ORD-003735,2025-06-12,P013,Cast Iron Pan,1,56.00
ORD-003735,2025-06-12,P017,Notebook A5,1,9.00
ORD-003736,2025-06-12,P006,Cotton T-Shirt,1,22.50
ORD-003737,2025-06-12,P021,USB-C Cable,3,10.00
ORD-003738,2025-06-12,P018,Fountain Pen,5,38.00
ORD-003739,2025-06-12,P003,Linen Tote Bag,1,18.00
ORD-003740,2025-06-12,P002,Travel Tumbler,1,24.00
ORD-003741,2025-06-12,P001,Ceramic Mug,2,12.00
ORD-003742,2025-06-12,P002,Travel Tumbler,1,24.00
ORD-003742,2025-06-12,P006,Cotton T-Shirt,1,22.50
ORD-003743,2025-06-12,P001,Ceramic Mug,1,12.00
ORD-003744,2025-06-12,P003,Linen Tote Bag,1,18.00
ORD-003744,2025-06-12,P006,Cotton T-Shirt,2,22.50
ORD-003745,2025-06-12,P029,Hot Sauce Trio,1,20.70
ORD-003746,2025-06-12,P018,Fountain Pen,3,38.00
ORD-003746,2025-06-12,P032,Throw Pillow,1,27.00
ORD-003747,2025-06-12,P007,Denim Jacket,1,89.00
ORD-003748,2025-06-12,P006,Cotton T-Shirt,2,22.50
ORD-003749,2025-06-12,P001,Ceramic Mug,1,12.00
ORD-003749,2025-06-12,P004,Canvas Backpack,1,59.00
ORD-003749,2025-06-12,P027,Coffee Beans 1kg,1,28.00
ORD-003749,2025-06-12,P031,Framed Print,3,64.00
ORD-003750,2025-06-13,P004,Canvas Backpack,1,59.00
ORD-003750,2025-06-13,P011,Bamboo Cutting Board,1,32.00
ORD-003751,2025-06-13,P021,USB-C Cable,3,9.00
ORD-003752,2025-06-13,P001,Ceramic Mug,3,12.00
ORD-003753,2025-06-13,P003,Linen Tote Bag,3,18.00
ORD-003754,2025-06-13,P002,Travel Tumbler,1,24.00
ORD-003755,2025-06-13,P027,Coffee Beans 1kg,1,28.00
ORD-003756,2025-06-13,P002,Travel Tumbler,1,24.00
ORD-003757,2025-06-13,P013,Cast Iron Pan,3,50.40
ORD-003758,2025-06-13,P001,Ceramic Mug,2,10.80
ORD-003759,2025-06-13,P031,Framed Print,1,70.40
ORD-003760,2025-06-13,P003,Linen Tote Bag,3,18.00
ORD-003761,2025-06-13,P002,Travel Tumbler,1,24.00
ORD-003762,2025-06-13,P002,Travel Tumbler,1,26.40
ORD-003763,2025-06-13,P011,Bamboo Cutting Board,2,32.00
ORD-003764,2025-06-13,P004,Canvas Backpack,1,64.90
ORD-003764,2025-06-13,P028,Olive Oil 500ml,1,21.00
ORD-003765,2025-06-13,P004,Canvas Backpack,1,53.10
ORD-003765,2025-06-13,P023,Bluetooth Speaker,1,62.10
ORD-003766,2025-06-13,P001,Ceramic Mug,3,12.00
ORD-003767,2025-06-13,P003,Linen Tote Bag,2,18.00
ORD-003768,2025-06-13,P012,Chef Knife,1,74.00
ORD-003769,2025-06-13,P001,Ceramic Mug,1,12.00
ORD-003769,2025-06-13,P002,Travel Tumbler,1,21.60
ORD-003770,2025-06-13,P014,Scented Candle,1,16.00
ORD-003771,2025-06-13,P003,Linen Tote Bag,5,18.00
ORD-003771,2025-06-13,P011,Bamboo Cutting Board,2,32.00
ORD-003772,2025-06-13,P024,Yoga Mat,1,32.40
ORD-003773,2025-06-13,P004,Canvas Backpack,1,53.10
ORD-003773,2025-06-13,P006,Cotton T-Shirt,1,25.00
ORD-003774,2025-06-14,P007,Denim Jacket,2,89.00
ORD-003775,2025-06-14,P003,Linen Tote Bag,1,16.20
ORD-003776,2025-06-14,P001,Ceramic Mug,1,12.00
ORD-003777,2025-06-14,P001,Ceramic Mug,1,12.00
ORD-003778,2025-06-14,P002,Travel Tumbler,3,21.60
ORD-003779,2025-06-14,P008,Running Socks,1,11.00
ORD-003780,2025-06-14,P016,Desk Lamp,1,49.00
ORD-003781,2025-06-14,P025,Resistance Bands,2,12.60
ORD-003782,2025-06-14,P003,Linen Tote Bag,1,18.00
ORD-003783,2025-06-14,P001,Ceramic Mug,1,10.80
ORD-003784,2025-06-14,P001,Ceramic Mug,2,12.00
ORD-003784,2025-06-14,P019,Wireless Mouse,2,26.10
ORD-003785,2025-06-14,P001,Ceramic Mug,2,12.00
ORD-003786,2025-06-14,P003,Linen Tote Bag,2,18.00
ORD-003786,2025-06-14,P004,Canvas Backpack,1,59.00
ORD-003787,2025-06-14,P015,Soy Wax Candle Set,2,34.00
ORD-003788,2025-06-14,P003,Linen Tote Bag,1,19.80
ORD-003788,2025-06-14,P009,Leather Wallet,2,45.00
ORD-003789,2025-06-14,P003,Linen Tote Bag,4,18.00
ORD-003790,2025-06-14,P018,Fountain Pen,1,38.00
ORD-003791,2025-06-14,P001,Ceramic Mug,1,12.00
ORD-003792,2025-06-14,P015,Soy Wax Candle Set,1,34.00
ORD-003793,2025-06-14,P010,Steel Water Bottle,1,22.00
ORD-003794,2025-06-14,P004,Canvas Backpack,2,59.00
ORD-003794,2025-06-14,P013,Cast Iron Pan,1,56.00
ORD-003795,2025-06-14,P001,Ceramic Mug,2,10.80
ORD-003796,2025-06-14,P002,Travel Tumbler,3,21.60
ORD-003797,2025-06-14,P003,Linen Tote Bag,2,16.20
ORD-003797,2025-06-14,P012,Chef Knife,1,74.00
ORD-003798,2025-06-14,P029,Hot Sauce Trio,1,23.00
ORD-003799,2025-06-14,P001,Ceramic Mug,1,12.00
ORD-003800,2025-06-14,P013,Cast Iron Pan,1,56.00
ORD-003801,2025-06-14,P001,Ceramic Mug,1,12.00
ORD-003801,2025-06-14,P002,Travel Tumbler,1,24.00
ORD-003802,2025-06-14,P001,Ceramic Mug,2,13.20
ORD-003803,2025-06-14,P002,Travel Tumbler,1,24.00
ORD-003804,2025-06-15,P010,Steel Water Bottle,1,20.00
ORD-003805,2025-06-15,P002,Travel Tumbler,4,24.00
ORD-003805,2025-06-15,P007,Denim Jacket,2,89.00
ORD-003805,2025-06-15,P014,Scented Candle,5,16.00
ORD-003806,2025-06-15,P001,Ceramic Mug,1,12.00
ORD-003807,2025-06-15,P004,Canvas Backpack,2,64.90
ORD-003807,2025-06-15,P010,Steel Water Bottle,1,20.00
ORD-003808,2025-06-15,P007,Denim Jacket,2,80.10
ORD-003809,2025-06-15,P001,Ceramic Mug,2,12.00
ORD-003810,2025-06-15,P032,Throw Pillow,1,24.30
ORD-003811,2025-06-15,P026,Herbal Tea Sampler,1,19.00
ORD-003812,2025-06-15,P016,Desk Lamp,2,49.00
ORD-003813,2025-06-15,P002,Travel Tumbler,1,24.00
ORD-003814,2025-06-15,P003,Linen Tote Bag,2,19.80
ORD-003815,2025-06-15,P026,Herbal Tea Sampler,2,17.10
ORD-003816,2025-06-15,P005,Wool Beanie,1,24.20
ORD-003817,2025-06-15,P006,Cotton T-Shirt,3,25.00
ORD-003818,2025-06-15,P001,Ceramic Mug,1,12.00
ORD-003819,2025-06-15,P009,Leather Wallet,1,45.00
ORD-003819,2025-06-15,P010,Steel Water Bottle,1,22.00
ORD-003820,2025-06-15,P001,Ceramic Mug,1,10.80
ORD-003820,2025-06-15,P002,Travel Tumbler,2,24.00
ORD-003821,2025-06-15,P002,Travel Tumbler,2,21.60
ORD-003821,2025-06-15,P025,Resistance Bands,1,15.40
ORD-003821,2025-06-15,P033,Wool Blanket,3,79.00
ORD-003822,2025-06-15,P001,Ceramic Mug,2,12.00
ORD-003823,2025-06-15,P002,Travel Tumbler,5,24.00
ORD-003824,2025-06-15,P014,Scented Candle,1,16.00
ORD-003824,2025-06-15,P018,Fountain Pen,3,41.80
ORD-003825,2025-06-15,P004,Canvas Backpack,3,59.00
ORD-003826,2025-06-16,P001,Ceramic Mug,2,12.00
ORD-003827,2025-06-16,P002,Travel Tumbler,4,24.00
ORD-003827,2025-06-16,P007,Denim Jacket,5,89.00
ORD-003828,2025-06-16,P001,Ceramic Mug,4,12.00
ORD-003829,2025-06-16,P012,Chef Knife,2,74.00
ORD-003830,2025-06-16,P007,Denim Jacket,1,80.10
ORD-003831,2025-06-16,P001,Ceramic Mug,1,12.00
ORD-003831,2025-06-16,P002,Travel Tumbler,5,24.00
ORD-003832,2025-06-16,P014,Scented Candle,1,16.00
ORD-003833,2025-06-16,P018,Fountain Pen,1,38.00
ORD-003834,2025-06-16,P003,Linen Tote Bag,1,18.00
ORD-003834,2025-06-16,P005,Wool Beanie,1,22.00
ORD-003835,2025-06-16,P002,Travel Tumbler,1,24.00
ORD-003836,2025-06-16,P004,Canvas Backpack,3,59.00
ORD-003837,2025-06-16,P001,Ceramic Mug,1,12.00
ORD-003837,2025-06-16,P003,Linen Tote Bag,1,18.00
ORD-003837,2025-06-16,P016,Desk Lamp,2,49.00
ORD-003838,2025-06-16,P004,Canvas Backpack,1,59.00
ORD-003839,2025-06-16,P027,Coffee Beans 1kg,1,30.80
ORD-003840,2025-06-16,P001,Ceramic Mug,1,12.00
ORD-003841,2025-06-16,P008,Running Socks,1,11.00
ORD-003842,2025-06-16,P015,Soy Wax Candle Set,1,34.00
ORD-003843,2025-06-16,P006,Cotton T-Shirt,1,25.00
ORD-003844,2025-06-16,P005,Wool Beanie,1,22.00
ORD-003845,2025-06-16,P001,Ceramic Mug,1,12.00
ORD-003845,2025-06-16,P007,Denim Jacket,1,89.00
ORD-003846,2025-06-16,P001,Ceramic Mug,2,12.00
ORD-003847,2025-06-16,P001,Ceramic Mug,1,12.00
ORD-003848,2025-06-16,P002,Travel Tumbler,1,21.60
ORD-003848,2025-06-16,P019,Wireless Mouse,3,31.90
ORD-003849,2025-06-16,P002,Travel Tumbler,1,26.40
ORD-003850,2025-06-16,P032,Throw Pillow,1,27.00
ORD-003851,2025-06-17,P002,Travel Tumbler,1,24.00
ORD-003851,2025-06-17,P021,USB-C Cable,1,10.00
ORD-003852,2025-06-17,P002,Travel Tumbler,1,24.00
ORD-003853,2025-06-17,P011,Bamboo Cutting Board,1,35.20
ORD-003854,2025-06-17,P005,Wool Beanie,1,22.00
ORD-003855,2025-06-17,P027,Coffee Beans 1kg,1,28.00
ORD-003856,2025-06-17,P002,Travel Tumbler,3,24.00
ORD-003857,2025-06-17,P003,Linen Tote Bag,3,18.00
ORD-003858,2025-06-17,P001,Ceramic Mug,1,12.00
ORD-003859,2025-06-17,P001,Ceramic Mug,2,12.00
ORD-003859,2025-06-17,P009,Leather Wallet,1,45.00
ORD-003860,2025-06-17,P004,Canvas Backpack,1,59.00
ORD-003861,2025-06-17,P033,Wool Blanket,1,79.00
ORD-003862,2025-06-17,P001,Ceramic Mug,1,12.00
ORD-003862,2025-06-17,P006,Cotton T-Shirt,2,22.50
ORD-003863,2025-06-17,P001,Ceramic Mug,1,12.00
ORD-003864,2025-06-17,P005,Wool Beanie,2,24.20
ORD-003865,2025-06-17,P034,Sunglasses,1,46.00
ORD-003866,2025-06-17,P004,Canvas Backpack,2,59.00
ORD-003867,2025-06-17,P001,Ceramic Mug,1,12.00
ORD-003868,2025-06-18,P001,Ceramic Mug,4,12.00
ORD-003869,2025-06-18,P003,Linen Tote Bag,1,18.00
ORD-003870,2025-06-18,P003,Linen Tote Bag,2,18.00
ORD-003871,2025-06-18,P001,Ceramic Mug,1,12.00
ORD-003871,2025-06-18,P002,Travel Tumbler,4,24.00
ORD-003871,2025-06-18,P014,Scented Candle,1,16.00
ORD-003872,2025-06-18,P003,Linen Tote Bag,2,18.00
ORD-003872,2025-06-18,P004,Canvas Backpack,4,59.00
ORD-003872,2025-06-18,P015,Soy Wax Candle Set,1,34.00
ORD-003872,2025-06-18,P034,Sunglasses,2,46.00
ORD-003873,2025-06-18,P003,Linen Tote Bag,1,18.00
ORD-003874,2025-06-18,P008,Running Socks,1,9.90
ORD-003875,2025-06-18,P006,Cotton T-Shirt,2,25.00
ORD-003876,2025-06-18,P032,Throw Pillow,1,27.00
ORD-003877,2025-06-18,P001,Ceramic Mug,1,12.00
ORD-003877,2025-06-18,P026,Herbal Tea Sampler,1,19.00
ORD-003878,2025-06-18,P001,Ceramic Mug,1,12.00
ORD-003879,2025-06-18,P005,Wool Beanie,5,22.00
ORD-003879,2025-06-18,P011,Bamboo Cutting Board,2,32.00
ORD-003880,2025-06-18,P001,Ceramic Mug,1,12.00
ORD-003881,2025-06-18,P020,Laptop Stand,4,42.00
ORD-003881,2025-06-18,P031,Framed Print,4,70.40
ORD-003882,2025-06-18,P001,Ceramic Mug,1,10.80
ORD-003882,2025-06-18,P002,Travel Tumbler,1,24.00
ORD-003882,2025-06-18,P005,Wool Beanie,1,22.00
ORD-003883,2025-06-18,P001,Ceramic Mug,1,10.80
ORD-003884,2025-06-18,P012,Chef Knife,1,74.00
ORD-003885,2025-06-18,P001,Ceramic Mug,1,13.20
ORD-003885,2025-06-18,P002,Travel Tumbler,2,24.00
ORD-003886,2025-06-18,P003,Linen Tote Bag,1,18.00
ORD-003887,2025-06-18,P001,Ceramic Mug,1,12.00
ORD-003888,2025-06-18,P001,Ceramic Mug,2,12.00
ORD-003888,2025-06-18,P008,Running Socks,3,11.00
ORD-003888,2025-06-18,P033,Wool Blanket,1,71.10
ORD-003889,2025-06-18,P002,Travel Tumbler,1,24.00
ORD-003889,2025-06-18,P006,Cotton T-Shirt,1,25.00
ORD-003890,2025-06-18,P006,Cotton T-Shirt,1,22.50
ORD-003891,2025-06-18,P001,Ceramic Mug,1,12.00
ORD-003891,2025-06-18,P029,Hot Sauce Trio,1,20.70
ORD-003892,2025-06-19,P025,Resistance Bands,2,14.00
ORD-003893,2025-06-19,P003,Linen Tote Bag,1,19.80
ORD-003894,2025-06-19,P006,Cotton T-Shirt,1,25.00
ORD-003895,2025-06-19,P005,Wool Beanie,2,22.00
ORD-003896,2025-06-19,P002,Travel Tumbler,1,24.00
ORD-003897,2025-06-19,P004,Canvas Backpack,2,59.00
ORD-003898,2025-06-19,P021,USB-C Cable,1,10.00
ORD-003899,2025-06-19,P003,Linen Tote Bag,1,18.00
ORD-003899,2025-06-19,P019,Wireless Mouse,1,29.00
ORD-003900,2025-06-19,P003,Linen Tote Bag,2,18.00
ORD-003901,2025-06-19,P008,Running Socks,1,12.10
ORD-003901,2025-06-19,P011,Bamboo Cutting Board,1,32.00
ORD-003902,2025-06-19,P008,Running Socks,1,11.00
ORD-003902,2025-06-19,P023,Bluetooth Speaker,3,69.00
ORD-003903,2025-06-19,P010,Steel Water Bottle,4,18.00
ORD-003904,2025-06-19,P008,Running Socks,3,11.00
ORD-003905,2025-06-19,P003,Linen Tote Bag,2,16.20
ORD-003906,2025-06-19,P003,Linen Tote Bag,1,18.00
ORD-003907,2025-06-19,P002,Travel Tumbler,1,24.00
ORD-003908,2025-06-19,P009,Leather Wallet,1,45.00
ORD-003909,2025-06-19,P001,Ceramic Mug,1,12.00
ORD-003910,2025-06-19,P008,Running Socks,2,11.00
ORD-003911,2025-06-19,P001,Ceramic Mug,1,12.00
ORD-003911,2025-06-19,P014,Scented Candle,1,16.00
ORD-003912,2025-06-19,P001,Ceramic Mug,1,12.00
ORD-003912,2025-06-19,P012,Chef Knife,2,74.00
ORD-003913,2025-06-19,P001,Ceramic Mug,1,12.00
ORD-003914,2025-06-20,P001,Ceramic Mug,2,13.20
ORD-003914,2025-06-20,P013,Cast Iron Pan,2,56.00
ORD-003915,2025-06-20,P014,Scented Candle,3,14.40
ORD-003916,2025-06-20,P032,Throw Pillow,1,27.00
ORD-003917,2025-06-20,P006,Cotton T-Shirt,2,25.00
ORD-003917,2025-06-20,P017,Notebook A5,2,9.00
ORD-003918,2025-06-20,P011,Bamboo Cutting Board,1,32.00
ORD-003918,2025-06-20,P015,Soy Wax Candle Set,1,34.00
ORD-003918,2025-06-20,P019,Wireless Mouse,1,29.00
ORD-003919,2025-06-20,P001,Ceramic Mug,3,12.00
ORD-003920,2025-06-20,P025,Resistance Bands,1,12.60
ORD-003921,2025-06-20,P005,Wool Beanie,1,24.20
ORD-003922,2025-06-20,P026,Herbal Tea Sampler,4,17.10
ORD-003923,2025-06-20,P002,Travel Tumbler,1,24.00
ORD-003924,2025-06-20,P001,Ceramic Mug,1,12.00
ORD-003924,2025-06-20,P003,Linen Tote Bag,1,18.00
ORD-003924,2025-06-20,P019,Wireless Mouse,1,29.00
ORD-003925,2025-06-20,P003,Linen Tote Bag,5,18.00
ORD-003926,2025-06-20,P002,Travel Tumbler,3,24.00
ORD-003926,2025-06-20,P006,Cotton T-Shirt,1,25.00
ORD-003927,2025-06-20,P001,Ceramic Mug,2,12.00
ORD-003927,2025-06-20,P003,Linen Tote Bag,1,18.00
ORD-003927,2025-06-20,P004,Canvas Backpack,2,59.00
ORD-003927,2025-06-20,P005,Wool Beanie,2,22.00
ORD-003928,2025-06-20,P002,Travel Tumbler,2,24.00
ORD-003929,2025-06-20,P002,Travel Tumbler,2,24.00
ORD-003930,2025-06-20,P002,Travel Tumbler,1,24.00
ORD-003931,2025-06-20,P004,Canvas Backpack,3,59.00
ORD-003932,2025-06-20,P006,Cotton T-Shirt,2,25.00
ORD-003933,2025-06-20,P005,Wool Beanie,2,24.20
ORD-003934,2025-06-20,P002,Travel Tumbler,1,24.00
ORD-003934,2025-06-20,P003,Linen Tote Bag,1,19.80
ORD-003935,2025-06-20,P001,Ceramic Mug,2,12.00
ORD-003935,2025-06-20,P003,Linen Tote Bag,2,18.00
ORD-003936,2025-06-20,P001,Ceramic Mug,1,12.00
ORD-003937,2025-06-20,P003,Linen Tote Bag,1,19.80
ORD-003938,2025-06-20,P025,Resistance Bands,1,14.00
ORD-003939,2025-06-20,P002,Travel Tumbler,1,24.00
ORD-003940,2025-06-20,P007,Denim Jacket,4,89.00
ORD-003941,2025-06-20,P003,Linen Tote Bag,1,18.00
ORD-003942,2025-06-20,P014,Scented Candle,1,16.00
ORD-003943,2025-06-20,P002,Travel Tumbler,3,24.00
ORD-003944,2025-06-20,P009,Leather Wallet,2,45.00
ORD-003945,2025-06-21,P005,Wool Beanie,2,22.00
ORD-003946,2025-06-21,P001,Ceramic Mug,1,12.00
ORD-003946,2025-06-21,P002,Travel Tumbler,3,26.40
ORD-003947,2025-06-21,P001,Ceramic Mug,1,12.00
ORD-003947,2025-06-21,P005,Wool Beanie,1,22.00
ORD-003947,2025-06-21,P009,Leather Wallet,1,45.00
ORD-003947,2025-06-21,P030,Wall Calendar,2,13.00
ORD-003948,2025-06-21,P003,Linen Tote Bag,1,18.00
ORD-003949,2025-06-21,P001,Ceramic Mug,2,13.20
ORD-003950,2025-06-21,P004,Canvas Backpack,1,64.90
ORD-003951,2025-06-21,P001,Ceramic Mug,1,12.00
ORD-003951,2025-06-21,P019,Wireless Mouse,1,29.00
ORD-003952,2025-06-21,P004,Canvas Backpack,1,59.00
ORD-003953,2025-06-21,P002,Travel Tumbler,1,24.00
ORD-003954,2025-06-21,P001,Ceramic Mug,1,12.00
ORD-003955,2025-06-21,P033,Wool Blanket,1,71.10
ORD-003956,2025-06-21,P003,Linen Tote Bag,2,18.00
ORD-003957,2025-06-21,P001,Ceramic Mug,1,13.20
ORD-003958,2025-06-21,P031,Framed Print,1,64.00
ORD-003959,2025-06-21,P002,Travel Tumbler,3,24.00
ORD-003959,2025-06-21,P014,Scented Candle,5,16.00
ORD-003960,2025-06-21,P009,Leather Wallet,1,45.00
ORD-003961,2025-06-21,P001,Ceramic Mug,1,12.00
ORD-003962,2025-06-21,P001,Ceramic Mug,3,13.20
ORD-003962,2025-06-21,P006,Cotton T-Shirt,1,25.00
ORD-003962,2025-06-21,P007,Denim Jacket,1,80.10
ORD-003962,2025-06-21,P020,Laptop Stand,1,42.00
ORD-003963,2025-06-21,P001,Ceramic Mug,1,12.00
ORD-003963,2025-06-21,P004,Canvas Backpack,1,53.10
ORD-003963,2025-06-21,P009,Leather Wallet,1,45.00
ORD-003964,2025-06-21,P001,Ceramic Mug,1,12.00
ORD-003964,2025-06-21,P002,Travel Tumbler,1,24.00
ORD-003964,2025-06-21,P011,Bamboo Cutting Board,1,35.20
ORD-003964,2025-06-21,P029,Hot Sauce Trio,1,23.00
ORD-003965,2025-06-21,P016,Desk Lamp,2,53.90
ORD-003966,2025-06-21,P002,Travel Tumbler,4,26.40
ORD-003967,2025-06-21,P008,Running Socks,4,11.00
ORD-003968,2025-06-21,P002,Travel Tumbler,1,24.00
ORD-003969,2025-06-21,P003,Linen Tote Bag,2,16.20
ORD-003970,2025-06-21,P004,Canvas Backpack,1,64.90
ORD-003971,2025-06-21,P030,Wall Calendar,2,13.00
ORD-003972,2025-06-21,P016,Desk Lamp,1,53.90
ORD-003973,2025-06-21,P008,Running Socks,1,11.00
ORD-003974,2025-06-21,P004,Canvas Backpack,2,59.00
ORD-003975,2025-06-21,P001,Ceramic Mug,1,13.20
ORD-003975,2025-06-21,P002,Travel Tumbler,1,24.00
ORD-003975,2025-06-21,P011,Bamboo Cutting Board,3,32.00
ORD-003976,2025-06-21,P004,Canvas Backpack,4,59.00
ORD-003977,2025-06-21,P005,Wool Beanie,5,24.20
ORD-003978,2025-06-21,P018,Fountain Pen,4,38.00
ORD-003979,2025-06-21,P010,Steel Water Bottle,1,18.00
ORD-003980,2025-06-21,P001,Ceramic Mug,2,12.00
ORD-003981,2025-06-21,P021,USB-C Cable,1,9.00
ORD-003982,2025-06-21,P001,Ceramic Mug,1,12.00
ORD-003982,2025-06-21,P007,Denim Jacket,1,80.10
ORD-003983,2025-06-22,P006,Cotton T-Shirt,2,25.00
ORD-003983,2025-06-22,P015,Soy Wax Candle Set,1,37.40
ORD-003984,2025-06-22,P001,Ceramic Mug,1,12.00
ORD-003984,2025-06-22,P004,Canvas Backpack,1,59.00
ORD-003985,2025-06-22,P001,Ceramic Mug,1,12.00
ORD-003986,2025-06-22,P002,Travel Tumbler,5,24.00
ORD-003987,2025-06-22,P001,Ceramic Mug,2,12.00
ORD-003988,2025-06-22,P004,Canvas Backpack,3,64.90
ORD-003988,2025-06-22,P031,Framed Print,1,64.00
ORD-003989,2025-06-22,P002,Travel Tumbler,2,21.60
ORD-003989,2025-06-22,P017,Notebook A5,1,8.10
ORD-003990,2025-06-22,P001,Ceramic Mug,1,12.00
ORD-003991,2025-06-22,P036,Gift Card Holder,1,7.00
ORD-003992,2025-06-22,P001,Ceramic Mug,1,12.00
ORD-003993,2025-06-22,P020,Laptop Stand,3,42.00
ORD-003994,2025-06-22,P002,Travel Tumbler,1,21.60
ORD-003995,2025-06-22,P007,Denim Jacket,3,89.00
ORD-003995,2025-06-22,P010,Steel Water Bottle,3,20.00
ORD-003996,2025-06-22,P001,Ceramic Mug,4,12.00
ORD-003997,2025-06-22,P001,Ceramic Mug,1,12.00
ORD-003997,2025-06-22,P023,Bluetooth Speaker,1,69.00
ORD-003998,2025-06-22,P002,Travel Tumbler,1,26.40
ORD-003999,2025-06-22,P003,Linen Tote Bag,2,18.00
ORD-003999,2025-06-22,P006,Cotton T-Shirt,1,27.50
ORD-004000,2025-06-22,P005,Wool Beanie,1,22.00
ORD-004001,2025-06-22,P001,Ceramic Mug,2,10.80
ORD-004002,2025-06-22,P001,Ceramic Mug,1,10.80
ORD-004002,2025-06-22,P006,Cotton T-Shirt,2,25.00
ORD-004003,2025-06-22,P002,Travel Tumbler,3,21.60
ORD-004004,2025-06-22,P031,Framed Print,2,64.00
ORD-004005,2025-06-22,P001,Ceramic Mug,3,12.00
ORD-004006,2025-06-23,P016,Desk Lamp,2,53.90
ORD-004007,2025-06-23,P002,Travel Tumbler,2,26.40
ORD-004008,2025-06-23,P005,Wool Beanie,2,19.80
ORD-004009,2025-06-23,P001,Ceramic Mug,1,12.00
ORD-004009,2025-06-23,P002,Travel Tumbler,1,21.60
ORD-004009,2025-06-23,P010,Steel Water Bottle,3,20.00
ORD-004009,2025-06-23,P015,Soy Wax Candle Set,1,34.00
ORD-004010,2025-06-23,P001,Ceramic Mug,1,12.00
ORD-004011,2025-06-23,P006,Cotton T-Shirt,2,25.00
ORD-004012,2025-06-23,P004,Canvas Backpack,1,59.00
ORD-004013,2025-06-23,P026,Herbal Tea Sampler,1,19.00
ORD-004014,2025-06-23,P009,Leather Wallet,2,40.50
ORD-004015,2025-06-23,P020,Laptop Stand,2,42.00
ORD-004016,2025-06-23,P001,Ceramic Mug,3,12.00
ORD-004017,2025-06-24,P001,Ceramic Mug,1,12.00
ORD-004017,2025-06-24,P005,Wool Beanie,1,24.20
ORD-004018,2025-06-24,P001,Ceramic Mug,2,13.20
ORD-004019,2025-06-24,P001,Ceramic Mug,2,12.00
ORD-004019,2025-06-24,P016,Desk Lamp,5,49.00
ORD-004020,2025-06-24,P005,Wool Beanie,5,24.20
ORD-004021,2025-06-24,P001,Ceramic Mug,1,10.80
ORD-004022,2025-06-24,P001,Ceramic Mug,1,12.00
ORD-004023,2025-06-24,P016,Desk Lamp,1,44.10
ORD-004024,2025-06-24,P002,Travel Tumbler,1,24.00
ORD-004025,2025-06-24,P013,Cast Iron Pan,1,50.40
ORD-004026,2025-06-24,P008,Running Socks,1,11.00
ORD-004027,2025-06-24,P001,Ceramic Mug,1,12.00
ORD-004027,2025-06-24,P006,Cotton T-Shirt,1,25.00
ORD-004027,2025-06-24,P010,Steel Water Bottle,1,20.00
ORD-004028,2025-06-24,P002,Travel Tumbler,3,24.00
ORD-004029,2025-06-24,P003,Linen Tote Bag,2,18.00
ORD-004030,2025-06-24,P014,Scented Candle,1,16.00
ORD-004031,2025-06-24,P003,Linen Tote Bag,1,18.00
ORD-004032,2025-06-24,P001,Ceramic Mug,2,12.00
ORD-004032,2025-06-24,P002,Travel Tumbler,2,24.00
ORD-004032,2025-06-24,P005,Wool Beanie,1,22.00
ORD-004032,2025-06-24,P036,Gift Card Holder,1,7.00
ORD-004033,2025-06-24,P007,Denim Jacket,1,97.90
ORD-004034,2025-06-24,P001,Ceramic Mug,1,12.00
ORD-004035,2025-06-24,P001,Ceramic Mug,2,12.00
ORD-004036,2025-06-24,P001,Ceramic Mug,2,12.00
ORD-004036,2025-06-24,P011,Bamboo Cutting Board,3,32.00
ORD-004036,2025-06-24,P013,Cast Iron Pan,3,56.00
ORD-004037,2025-06-24,P002,Travel Tumbler,1,26.40
ORD-004038,2025-06-24,P001,Ceramic Mug,1,12.00
ORD-004039,2025-06-24,P009,Leather Wallet,3,45.00
ORD-004039,2025-06-24,P027,Coffee Beans 1kg,1,28.00
ORD-004040,2025-06-25,P001,Ceramic Mug,1,13.20
ORD-004041,2025-06-25,P001,Ceramic Mug,5,12.00
ORD-004042,2025-06-25,P001,Ceramic Mug,1,12.00
ORD-004043,2025-06-25,P001,Ceramic Mug,1,13.20
ORD-004044,2025-06-25,P004,Canvas Backpack,2,59.00
ORD-004045,2025-06-25,P002,Travel Tumbler,1,24.00
ORD-004046,2025-06-25,P009,Leather Wallet,1,45.00
ORD-004047,2025-06-25,P014,Scented Candle,1,16.00
ORD-004047,2025-06-25,P036,Gift Card Holder,1,7.00
ORD-004048,2025-06-25,P012,Chef Knife,1,81.40
ORD-004049,2025-06-25,P001,Ceramic Mug,1,12.00
ORD-004049,2025-06-25,P004,Canvas Backpack,1,53.10
ORD-004049,2025-06-25,P018,Fountain Pen,5,38.00
ORD-004050,2025-06-25,P028,Olive Oil 500ml,4,21.00
ORD-004051,2025-06-25,P002,Travel Tumbler,2,24.00
ORD-004051,2025-06-25,P005,Wool Beanie,1,22.00
ORD-004051,2025-06-25,P022,Phone Case,1,15.00
ORD-004052,2025-06-25,P001,Ceramic Mug,1,12.00
ORD-004053,2025-06-25,P009,Leather Wallet,1,45.00
ORD-004054,2025-06-25,P001,Ceramic Mug,4,12.00
ORD-004054,2025-06-25,P002,Travel Tumbler,1,24.00
ORD-004055,2025-06-25,P024,Yoga Mat,2,36.00
ORD-004056,2025-06-25,P005,Wool Beanie,1,22.00
ORD-004057,2025-06-25,P016,Desk Lamp,1,49.00
ORD-004058,2025-06-25,P027,Coffee Beans 1kg,1,30.80
ORD-004059,2025-06-25,P002,Travel Tumbler,1,24.00
ORD-004060,2025-06-25,P001,Ceramic Mug,1,12.00
ORD-004060,2025-06-25,P003,Linen Tote Bag,2,18.00
ORD-004060,2025-06-25,P022,Phone Case,1,15.00
ORD-004061,2025-06-26,P002,Travel Tumbler,2,21.60
ORD-004062,2025-06-26,P003,Linen Tote Bag,2,19.80
ORD-004063,2025-06-26,P002,Travel Tumbler,1,24.00
ORD-004064,2025-06-26,P005,Wool Beanie,2,22.00
ORD-004065,2025-06-26,P001,Ceramic Mug,2,12.00
ORD-004065,2025-06-26,P002,Travel Tumbler,1,24.00
ORD-004066,2025-06-26,P010,Steel Water Bottle,3,20.00
ORD-004067,2025-06-26,P003,Linen Tote Bag,5,16.20
ORD-004067,2025-06-26,P019,Wireless Mouse,3,29.00
ORD-004067,2025-06-26,P033,Wool Blanket,1,79.00
ORD-004068,2025-06-26,P036,Gift Card Holder,1,7.00
ORD-004069,2025-06-26,P001,Ceramic Mug,2,10.80
ORD-004070,2025-06-26,P001,Ceramic Mug,1,12.00
ORD-004071,2025-06-26,P015,Soy Wax Candle Set,2,34.00
ORD-004072,2025-06-26,P001,Ceramic Mug,5,13.20
ORD-004072,2025-06-26,P002,Travel Tumbler,1,24.00
ORD-004072,2025-06-26,P003,Linen Tote Bag,2,18.00
ORD-004073,2025-06-26,P001,Ceramic Mug,1,13.20
ORD-004074,2025-06-26,P010,Steel Water Bottle,1,22.00
ORD-004075,2025-06-26,P018,Fountain Pen,1,41.80
ORD-004076,2025-06-26,P002,Travel Tumbler,1,24.00
ORD-004077,2025-06-26,P002,Travel Tumbler,2,24.00
ORD-004077,2025-06-26,P003,Linen Tote Bag,2,18.00
ORD-004078,2025-06-26,P001,Ceramic Mug,1,12.00
ORD-004079,2025-06-26,P001,Ceramic Mug,1,12.00
ORD-004080,2025-06-26,P006,Cotton T-Shirt,2,25.00
ORD-004081,2025-06-26,P001,Ceramic Mug,4,13.20
ORD-004082,2025-06-27,P020,Laptop Stand,3,42.00
ORD-004083,2025-06-27,P018,Fountain Pen,1,41.80
ORD-004084,2025-06-27,P017,Notebook A5,2,9.90
ORD-004085,2025-06-27,P001,Ceramic Mug,1,13.20
ORD-004085,2025-06-27,P005,Wool Beanie,1,22.00
ORD-004086,2025-06-27,P009,Leather Wallet,1,45.00
ORD-004087,2025-06-27,P007,Denim Jacket,1,97.90
ORD-004088,2025-06-27,P006,Cotton T-Shirt,1,27.50
ORD-004088,2025-06-27,P028,Olive Oil 500ml,1,21.00
ORD-004089,2025-06-27,P033,Wool Blanket,5,79.00
ORD-004090,2025-06-27,P003,Linen Tote Bag,1,18.00
ORD-004090,2025-06-27,P007,Denim Jacket,1,89.00
ORD-004090,2025-06-27,P033,Wool Blanket,2,71.10
ORD-004091,2025-06-27,P001,Ceramic Mug,1,10.80
ORD-004092,2025-06-27,P001,Ceramic Mug,3,10.80
ORD-004092,2025-06-27,P002,Travel Tumbler,1,26.40
ORD-004093,2025-06-27,P001,Ceramic Mug,1,10.80
ORD-004093,2025-06-27,P002,Travel Tumbler,1,24.00
ORD-004093,2025-06-27,P004,Canvas Backpack,3,59.00
ORD-004094,2025-06-27,P001,Ceramic Mug,1,10.80
ORD-004095,2025-06-27,P004,Canvas Backpack,1,64.90
ORD-004096,2025-06-27,P002,Travel Tumbler,5,24.00
ORD-004096,2025-06-27,P011,Bamboo Cutting Board,1,32.00
ORD-004097,2025-06-27,P017,Notebook A5,2,9.00
ORD-004098,2025-06-27,P003,Linen Tote Bag,1,18.00
ORD-004099,2025-06-27,P028,Olive Oil 500ml,1,23.10
ORD-004100,2025-06-27,P002,Travel Tumbler,2,24.00
ORD-004100,2025-06-27,P004,Canvas Backpack,1,64.90
ORD-004101,2025-06-27,P005,Wool Beanie,1,22.00
ORD-004101,2025-06-27,P028,Olive Oil 500ml,3,18.90
ORD-004102,2025-06-27,P001,Ceramic Mug,2,12.00
ORD-004103,2025-06-27,P001,Ceramic Mug,4,12.00
ORD-004103,2025-06-27,P005,Wool Beanie,2,22.00
ORD-004104,2025-06-27,P031,Framed Print,1,64.00
ORD-004105,2025-06-27,P019,Wireless Mouse,2,29.00
ORD-004106,2025-06-27,P001,Ceramic Mug,1,12.00
ORD-004107,2025-06-28,P022,Phone Case,3,15.00
ORD-004108,2025-06-28,P005,Wool Beanie,1,24.20
ORD-004108,2025-06-28,P032,Throw Pillow,1,27.00
ORD-004109,2025-06-28,P001,Ceramic Mug,4,10.80
ORD-004109,2025-06-28,P023,Bluetooth Speaker,2,69.00
ORD-004110,2025-06-28,P007,Denim Jacket,1,80.10
ORD-004111,2025-06-28,P010,Steel Water Bottle,3,20.00
ORD-004112,2025-06-28,P001,Ceramic Mug,1,13.20
ORD-004112,2025-06-28,P012,Chef Knife,1,74.00
ORD-004113,2025-06-28,P008,Running Socks,3,12.10
ORD-004114,2025-06-28,P001,Ceramic Mug,1,12.00
ORD-004115,2025-06-28,P002,Travel Tumbler,1,21.60
ORD-004116,2025-06-28,P004,Canvas Backpack,1,59.00
ORD-004117,2025-06-28,P009,Leather Wallet,3,45.00
ORD-004118,2025-06-28,P001,Ceramic Mug,2,13.20
ORD-004118,2025-06-28,P014,Scented Candle,1,17.60
ORD-004119,2025-06-28,P003,Linen Tote Bag,3,18.00
ORD-004120,2025-06-28,P005,Wool Beanie,1,22.00
ORD-004120,2025-06-28,P007,Denim Jacket,1,89.00
ORD-004121,2025-06-28,P004,Canvas Backpack,1,53.10
ORD-004122,2025-06-28,P003,Linen Tote Bag,1,18.00
ORD-004122,2025-06-28,P022,Phone Case,1,15.00
ORD-004123,2025-06-28,P001,Ceramic Mug,1,12.00
ORD-004124,2025-06-28,P001,Ceramic Mug,2,12.00
ORD-004124,2025-06-28,P002,Travel Tumbler,1,24.00
ORD-004124,2025-06-28,P005,Wool Beanie,1,24.20
ORD-004125,2025-06-28,P002,Travel Tumbler,1,24.00
ORD-004126,2025-06-28,P001,Ceramic Mug,1,12.00
ORD-004127,2025-06-28,P016,Desk Lamp,5,49.00
ORD-004127,2025-06-28,P018,Fountain Pen,1,41.80
ORD-004128,2025-06-28,P004,Canvas Backpack,1,59.00
ORD-004128,2025-06-28,P005,Wool Beanie,2,19.80
ORD-004129,2025-06-28,P001,Ceramic Mug,2,12.00
ORD-004129,2025-06-28,P004,Canvas Backpack,1,53.10
ORD-004130,2025-06-28,P003,Linen Tote Bag,2,19.80
ORD-004130,2025-06-28,P035,Umbrella,1,26.00
ORD-004131,2025-06-28,P001,Ceramic Mug,1,12.00
ORD-004132,2025-06-28,P003,Linen Tote Bag,1,16.20
ORD-004133,2025-06-28,P001,Ceramic Mug,1,10.80
ORD-004134,2025-06-28,P006,Cotton T-Shirt,1,25.00
ORD-004135,2025-06-28,P014,Scented Candle,1,16.00
ORD-004136,2025-06-28,P003,Linen Tote Bag,1,18.00
ORD-004137,2025-06-28,P001,Ceramic Mug,2,10.80
ORD-004138,2025-06-28,P009,Leather Wallet,1,49.50
ORD-004139,2025-06-28,P009,Leather Wallet,3,45.00
ORD-004140,2025-06-28,P016,Desk Lamp,1,49.00
ORD-004141,2025-06-28,P001,Ceramic Mug,3,12.00
ORD-004142,2025-06-28,P003,Linen Tote Bag,1,19.80
ORD-004143,2025-06-29,P023,Bluetooth Speaker,3,75.90
ORD-004144,2025-06-29,P002,Travel Tumbler,5,24.00
ORD-004145,2025-06-29,P005,Wool Beanie,2,22.00
ORD-004146,2025-06-29,P004,Canvas Backpack,1,64.90
ORD-004146,2025-06-29,P021,USB-C Cable,1,10.00
ORD-004147,2025-06-29,P001,Ceramic Mug,1,10.80
ORD-004147,2025-06-29,P009,Leather Wallet,1,40.50
ORD-004148,2025-06-29,P028,Olive Oil 500ml,1,21.00
ORD-004149,2025-06-29,P028,Olive Oil 500ml,1,21.00
ORD-004150,2025-06-29,P007,Denim Jacket,1,89.00
ORD-004150,2025-06-29,P014,Scented Candle,2,16.00
ORD-004151,2025-06-29,P002,Travel Tumbler,1,24.00
ORD-004152,2025-06-29,P001,Ceramic Mug,1,12.00
ORD-004153,2025-06-29,P004,Canvas Backpack,1,64.90
ORD-004154,2025-06-29,P001,Ceramic Mug,1,12.00
ORD-004154,2025-06-29,P004,Canvas Backpack,1,59.00
ORD-004155,2025-06-29,P001,Ceramic Mug,1,12.00
ORD-004156,2025-06-29,P020,Laptop Stand,1,42.00
ORD-004157,2025-06-29,P002,Travel Tumbler,1,21.60
ORD-004158,2025-06-29,P001,Ceramic Mug,5,12.00
ORD-004158,2025-06-29,P002,Travel Tumbler,4,26.40
ORD-004159,2025-06-29,P002,Travel Tumbler,1,24.00
ORD-004160,2025-06-29,P001,Ceramic Mug,1,10.80
ORD-004161,2025-06-29,P004,Canvas Backpack,1,59.00
ORD-004162,2025-06-29,P006,Cotton T-Shirt,1,25.00
ORD-004163,2025-06-29,P012,Chef Knife,1,74.00
ORD-004164,2025-06-29,P007,Denim Jacket,1,80.10
ORD-004165,2025-06-29,P001,Ceramic Mug,1,12.00
ORD-004165,2025-06-29,P022,Phone Case,2,15.00
ORD-004166,2025-06-29,P001,Ceramic Mug,1,13.20
ORD-004166,2025-06-29,P028,Olive Oil 500ml,1,21.00
ORD-004167,2025-06-29,P003,Linen Tote Bag,3,18.00
ORD-004168,2025-06-29,P007,Denim Jacket,4,80.10
ORD-004169,2025-06-29,P001,Ceramic Mug,1,12.00
ORD-004169,2025-06-29,P002,Travel Tumbler,1,24.00
ORD-004169,2025-06-29,P005,Wool Beanie,2,22.00
ORD-004170,2025-06-29,P003,Linen Tote Bag,4,18.00
ORD-004171,2025-06-29,P001,Ceramic Mug,2,10.80
ORD-004172,2025-06-29,P010,Steel Water Bottle,1,20.00
ORD-004172,2025-06-29,P024,Yoga Mat,1,36.00
ORD-004173,2025-06-29,P013,Cast Iron Pan,2,56.00
ORD-004174,2025-06-29,P002,Travel Tumbler,3,21.60
ORD-004175,2025-06-29,P001,Ceramic Mug,1,13.20
ORD-004175,2025-06-29,P018,Fountain Pen,5,38.00
ORD-004175,2025-06-29,P028,Olive Oil 500ml,1,21.00
ORD-004176,2025-06-29,P009,Leather Wallet,1,45.00
ORD-004177,2025-06-29,P001,Ceramic Mug,1,12.00
ORD-004178,2025-06-29,P003,Linen Tote Bag,1,18.00
ORD-004179,2025-06-29,P002,Travel Tumbler,1,26.40
ORD-004180,2025-06-29,P001,Ceramic Mug,1,13.20
ORD-004181,2025-06-30,P019,Wireless Mouse,1,31.90
ORD-004182,2025-06-30,P001,Ceramic Mug,1,12.00
ORD-004183,2025-06-30,P001,Ceramic Mug,1,10.80
ORD-004184,2025-06-30,P001,Ceramic Mug,1,12.00
ORD-004184,2025-06-30,P002,Travel Tumbler,4,26.40
ORD-004184,2025-06-30,P029,Hot Sauce Trio,1,23.00
ORD-004185,2025-06-30,P001,Ceramic Mug,2,12.00
ORD-004186,2025-06-30,P008,Running Socks,4,11.00
ORD-004187,2025-06-30,P001,Ceramic Mug,2,12.00
ORD-004187,2025-06-30,P005,Wool Beanie,1,22.00
ORD-004188,2025-06-30,P003,Linen Tote Bag,3,18.00
ORD-004189,2025-06-30,P018,Fountain Pen,4,38.00
ORD-004190,2025-06-30,P003,Linen Tote Bag,1,16.20
ORD-004190,2025-06-30,P019,Wireless Mouse,1,29.00
ORD-004191,2025-06-30,P002,Travel Tumbler,2,24.00
ORD-004192,2025-06-30,P002,Travel Tumbler,2,24.00
ORD-004192,2025-06-30,P005,Wool Beanie,1,22.00
ORD-004193,2025-06-30,P001,Ceramic Mug,1,12.00
ORD-004193,2025-06-30,P002,Travel Tumbler,5,24.00
ORD-004194,2025-06-30,P005,Wool Beanie,3,22.00
ORD-004195,2025-06-30,P008,Running Socks,1,12.10
ORD-004196,2025-06-30,P001,Ceramic Mug,1,12.00
ORD-004196,2025-06-30,P002,Travel Tumbler,1,26.40
ORD-004196,2025-06-30,P006,Cotton T-Shirt,1,25.00
ORD-004196,2025-06-30,P021,USB-C Cable,1,10.00
ORD-004197,2025-06-30,P001,Ceramic Mug,2,13.20
ORD-004198,2025-06-30,P001,Ceramic Mug,5,12.00
ORD-004199,2025-06-30,P001,Ceramic Mug,1,12.00
ORD-004199,2025-06-30,P003,Linen Tote Bag,2,19.80
ORD-004199,2025-06-30,P004,Canvas Backpack,1,59.00
ORD-004200,2025-06-30,P001,Ceramic Mug,1,12.00
ORD-004201,2025-06-30,P001,Ceramic Mug,2,10.80
ORD-004201,2025-06-30,P002,Travel Tumbler,1,24.00
ORD-004202,2025-07-01,P012,Chef Knife,1,81.40
ORD-004203,2025-07-01,P001,Ceramic Mug,1,10.80
ORD-004204,2025-07-01,P001,Ceramic Mug,2,12.00
ORD-004204,2025-07-01,P012,Chef Knife,2,74.00
ORD-004205,2025-07-01,P001,Ceramic Mug,1,12.00
ORD-004205,2025-07-01,P019,Wireless Mouse,1,29.00
ORD-004206,2025-07-01,P001,Ceramic Mug,2,12.00
ORD-004207,2025-07-01,P001,Ceramic Mug,1,12.00
ORD-004208,2025-07-01,P003,Linen Tote Bag,2,18.00
ORD-004209,2025-07-01,P001,Ceramic Mug,1,12.00
ORD-004210,2025-07-01,P003,Linen Tote Bag,2,19.80
ORD-004210,2025-07-01,P027,Coffee Beans 1kg,2,28.00
ORD-004211,2025-07-01,P001,Ceramic Mug,1,12.00
ORD-004212,2025-07-01,P004,Canvas Backpack,1,59.00
ORD-004213,2025-07-01,P008,Running Socks,2,11.00
ORD-004214,2025-07-01,P001,Ceramic Mug,2,12.00
ORD-004214,2025-07-01,P014,Scented Candle,1,16.00
ORD-004215,2025-07-01,P009,Leather Wallet,1,49.50
ORD-004215,2025-07-01,P020,Laptop Stand,1,42.00
ORD-004216,2025-07-01,P005,Wool Beanie,3,22.00
ORD-004216,2025-07-01,P031,Framed Print,1,64.00
ORD-004217,2025-07-01,P018,Fountain Pen,3,38.00
ORD-004218,2025-07-01,P007,Denim Jacket,1,80.10
ORD-004219,2025-07-01,P001,Ceramic Mug,2,12.00
ORD-004219,2025-07-01,P004,Canvas Backpack,1,53.10
ORD-004219,2025-07-01,P011,Bamboo Cutting Board,2,32.00
ORD-004219,2025-07-01,P016,Desk Lamp,1,53.90
ORD-004220,2025-07-01,P004,Canvas Backpack,1,59.00
ORD-004220,2025-07-01,P008,Running Socks,1,12.10
ORD-004221,2025-07-01,P003,Linen Tote Bag,2,18.00
ORD-004221,2025-07-01,P005,Wool Beanie,1,22.00
ORD-004222,2025-07-01,P004,Canvas Backpack,1,59.00
ORD-004223,2025-07-01,P010,Steel Water Bottle,2,20.00
ORD-004224,2025-07-01,P002,Travel Tumbler,2,21.60
ORD-004224,2025-07-01,P019,Wireless Mouse,5,31.90
ORD-004225,2025-07-02,P001,Ceramic Mug,1,12.00
ORD-004226,2025-07-02,P002,Travel Tumbler,1,26.40
ORD-004227,2025-07-02,P001,Ceramic Mug,2,12.00
ORD-004227,2025-07-02,P019,Wireless Mouse,5,31.90
ORD-004228,2025-07-02,P001,Ceramic Mug,1,12.00
ORD-004228,2025-07-02,P005,Wool Beanie,1,22.00
ORD-004228,2025-07-02,P017,Notebook A5,1,9.90
ORD-004229,2025-07-02,P015,Soy Wax Candle Set,1,34.00
ORD-004230,2025-07-02,P002,Travel Tumbler,1,24.00
ORD-004231,2025-07-02,P002,Travel Tumbler,1,24.00
ORD-004231,2025-07-02,P009,Leather Wallet,1,45.00
ORD-004232,2025-07-02,P004,Canvas Backpack,1,59.00
ORD-004233,2025-07-02,P005,Wool Beanie,1,19.80
ORD-004234,2025-07-02,P001,Ceramic Mug,1,10.80
ORD-004235,2025-07-02,P001,Ceramic Mug,3,12.00
ORD-004236,2025-07-02,P022,Phone Case,1,16.50
ORD-004237,2025-07-02,P010,Steel Water Bottle,1,20.00
ORD-004238,2025-07-02,P004,Canvas Backpack,3,53.10
ORD-004238,2025-07-02,P005,Wool Beanie,2,19.80
ORD-004238,2025-07-02,P010,Steel Water Bottle,1,20.00
ORD-004239,2025-07-02,P001,Ceramic Mug,2,12.00
ORD-004239,2025-07-02,P031,Framed Print,2,57.60
ORD-004240,2025-07-02,P012,Chef Knife,1,74.00
ORD-004241,2025-07-03,P003,Linen Tote Bag,1,18.00
ORD-004242,2025-07-03,P001,Ceramic Mug,1,12.00
ORD-004243,2025-07-03,P022,Phone Case,2,15.00
ORD-004244,2025-07-03,P001,Ceramic Mug,1,10.80
ORD-004244,2025-07-03,P007,Denim Jacket,1,89.00
ORD-004244,2025-07-03,P036,Gift Card Holder,1,6.30
ORD-004245,2025-07-03,P006,Cotton T-Shirt,1,27.50
ORD-004246,2025-07-03,P001,Ceramic Mug,3,12.00
ORD-004247,2025-07-03,P001,Ceramic Mug,1,10.80
ORD-004248,2025-07-03,P001,Ceramic Mug,1,12.00
ORD-004248,2025-07-03,P003,Linen Tote Bag,1,18.00
ORD-004249,2025-07-03,P001,Ceramic Mug,2,12.00
ORD-004250,2025-07-03,P001,Ceramic Mug,1,10.80
ORD-004250,2025-07-03,P005,Wool Beanie,1,22.00
ORD-004250,2025-07-03,P011,Bamboo Cutting Board,1,32.00
ORD-004250,2025-07-03,P020,Laptop Stand,2,42.00
ORD-004251,2025-07-03,P036,Gift Card Holder,1,7.70
ORD-004252,2025-07-03,P001,Ceramic Mug,3,12.00
ORD-004253,2025-07-03,P005,Wool Beanie,1,24.20
ORD-004254,2025-07-03,P001,Ceramic Mug,1,12.00
ORD-004255,2025-07-03,P027,Coffee Beans 1kg,1,28.00
ORD-004256,2025-07-03,P012,Chef Knife,1,74.00
ORD-004257,2025-07-03,P001,Ceramic Mug,2,13.20
ORD-004258,2025-07-03,P001,Ceramic Mug,1,12.00
ORD-004259,2025-07-03,P016,Desk Lamp,1,49.00
ORD-004260,2025-07-03,P001,Ceramic Mug,1,13.20
ORD-004260,2025-07-03,P005,Wool Beanie,1,19.80
ORD-004261,2025-07-03,P015,Soy Wax Candle Set,3,30.60
ORD-004262,2025-07-03,P001,Ceramic Mug,5,10.80
ORD-004263,2025-07-03,P001,Ceramic Mug,2,12.00
ORD-004263,2025-07-03,P011,Bamboo Cutting Board,1,32.00
ORD-004263,2025-07-03,P033,Wool Blanket,1,86.90
ORD-004264,2025-07-03,P024,Yoga Mat,1,36.00
ORD-004265,2025-07-03,P026,Herbal Tea Sampler,4,19.00
ORD-004266,2025-07-03,P001,Ceramic Mug,2,13.20
ORD-004267,2025-07-03,P001,Ceramic Mug,1,12.00
ORD-004267,2025-07-03,P005,Wool Beanie,1,19.80
ORD-004268,2025-07-03,P005,Wool Beanie,2,22.00
ORD-004269,2025-07-04,P002,Travel Tumbler,1,24.00
ORD-004270,2025-07-04,P001,Ceramic Mug,1,12.00
ORD-004271,2025-07-04,P002,Travel Tumbler,2,24.00
ORD-004271,2025-07-04,P005,Wool Beanie,1,24.20
ORD-004272,2025-07-04,P006,Cotton T-Shirt,2,25.00
ORD-004273,2025-07-04,P006,Cotton T-Shirt,1,25.00
ORD-004274,2025-07-04,P007,Denim Jacket,1,89.00
ORD-004275,2025-07-04,P001,Ceramic Mug,1,12.00
ORD-004275,2025-07-04,P003,Linen Tote Bag,2,18.00
ORD-004275,2025-07-04,P012,Chef Knife,2,74.00
ORD-004275,2025-07-04,P026,Herbal Tea Sampler,1,20.90
ORD-004276,2025-07-04,P001,Ceramic Mug,1,12.00
ORD-004277,2025-07-04,P006,Cotton T-Shirt,4,22.50
ORD-004278,2025-07-04,P001,Ceramic Mug,1,12.00
ORD-004278,2025-07-04,P002,Travel Tumbler,2,26.40
ORD-004278,2025-07-04,P009,Leather Wallet,1,45.00
ORD-004279,2025-07-04,P001,Ceramic Mug,2,12.00
ORD-004279,2025-07-04,P002,Travel Tumbler,1,24.00
ORD-004280,2025-07-04,P002,Travel Tumbler,1,24.00
ORD-004281,2025-07-04,P016,Desk Lamp,1,49.00
ORD-004282,2025-07-04,P003,Linen Tote Bag,1,18.00
ORD-004283,2025-07-04,P026,Herbal Tea Sampler,1,17.10
ORD-004284,2025-07-04,P014,Scented Candle,1,16.00
ORD-004285,2025-07-04,P025,Resistance Bands,1,14.00
ORD-004286,2025-07-04,P001,Ceramic Mug,1,12.00
ORD-004286,2025-07-04,P005,Wool Beanie,1,24.20
ORD-004287,2025-07-04,P001,Ceramic Mug,2,12.00
ORD-004287,2025-07-04,P002,Travel Tumbler,1,24.00
ORD-004288,2025-07-04,P001,Ceramic Mug,2,12.00
ORD-004288,2025-07-04,P008,Running Socks,1,11.00
ORD-004288,2025-07-04,P031,Framed Print,1,64.00
ORD-004289,2025-07-05,P001,Ceramic Mug,1,10.80
ORD-004290,2025-07-05,P001,Ceramic Mug,2,12.00
ORD-004291,2025-07-05,P001,Ceramic Mug,4,12.00
ORD-004292,2025-07-05,P016,Desk Lamp,4,49.00
ORD-004293,2025-07-05,P012,Chef Knife,1,74.00
ORD-004294,2025-07-05,P006,Cotton T-Shirt,1,25.00
ORD-004295,2025-07-05,P004,Canvas Backpack,2,59.00
ORD-004296,2025-07-05,P002,Travel Tumbler,1,24.00
ORD-004297,2025-07-05,P001,Ceramic Mug,1,12.00
ORD-004298,2025-07-05,P001,Ceramic Mug,3,13.20
ORD-004299,2025-07-05,P003,Linen Tote Bag,1,16.20
ORD-004300,2025-07-05,P015,Soy Wax Candle Set,2,37.40
ORD-004301,2025-07-05,P024,Yoga Mat,1,36.00
ORD-004302,2025-07-05,P024,Yoga Mat,1,36.00
ORD-004303,2025-07-05,P003,Linen Tote Bag,2,18.00
ORD-004304,2025-07-05,P001,Ceramic Mug,1,12.00
ORD-004305,2025-07-05,P005,Wool Beanie,1,22.00
ORD-004306,2025-07-05,P004,Canvas Backpack,3,59.00
ORD-004307,2025-07-05,P009,Leather Wallet,2,45.00
ORD-004308,2025-07-05,P001,Ceramic Mug,1,13.20
ORD-004309,2025-07-05,P006,Cotton T-Shirt,2,22.50
ORD-004310,2025-07-05,P001,Ceramic Mug,1,13.20
ORD-004310,2025-07-05,P002,Travel Tumbler,2,24.00
ORD-004310,2025-07-05,P007,Denim Jacket,1,89.00
ORD-004310,2025-07-05,P010,Steel Water Bottle,1,20.00
ORD-004311,2025-07-05,P001,Ceramic Mug,3,12.00
ORD-004311,2025-07-05,P019,Wireless Mouse,1,29.00
ORD-004312,2025-07-05,P001,Ceramic Mug,1,12.00
ORD-004312,2025-07-05,P025,Resistance Bands,1,14.00
ORD-004313,2025-07-05,P016,Desk Lamp,4,44.10
ORD-004314,2025-07-05,P001,Ceramic Mug,4,12.00
ORD-004314,2025-07-05,P008,Running Socks,1,11.00
ORD-004315,2025-07-05,P003,Linen Tote Bag,2,18.00
ORD-004315,2025-07-05,P009,Leather Wallet,1,45.00
ORD-004316,2025-07-06,P001,Ceramic Mug,3,10.80
ORD-004317,2025-07-06,P009,Leather Wallet,1,45.00
ORD-004318,2025-07-06,P001,Ceramic Mug,4,12.00
ORD-004319,2025-07-06,P001,Ceramic Mug,4,12.00
ORD-004319,2025-07-06,P002,Travel Tumbler,2,21.60
ORD-004319,2025-07-06,P006,Cotton T-Shirt,1,25.00
ORD-004320,2025-07-06,P002,Travel Tumbler,4,21.60
ORD-004320,2025-07-06,P004,Canvas Backpack,1,59.00
ORD-004320,2025-07-06,P007,Denim Jacket,1,97.90
ORD-004321,2025-07-06,P009,Leather Wallet,1,49.50
ORD-004322,2025-07-06,P001,Ceramic Mug,1,12.00
ORD-004323,2025-07-06,P007,Denim Jacket,2,89.00
ORD-004324,2025-07-06,P001,Ceramic Mug,1,12.00
ORD-004325,2025-07-06,P011,Bamboo Cutting Board,1,32.00
ORD-004326,2025-07-06,P008,Running Socks,3,11.00
ORD-004326,2025-07-06,P010,Steel Water Bottle,1,20.00
ORD-004327,2025-07-06,P002,Travel Tumbler,1,24.00
ORD-004327,2025-07-06,P009,Leather Wallet,1,45.00
ORD-004328,2025-07-06,P001,Ceramic Mug,3,12.00
ORD-004329,2025-07-06,P001,Ceramic Mug,1,12.00
ORD-004330,2025-07-06,P009,Leather Wallet,3,45.00
ORD-004331,2025-07-06,P001,Ceramic Mug,1,12.00
ORD-004332,2025-07-06,P005,Wool Beanie,2,24.20
ORD-004333,2025-07-06,P021,USB-C Cable,1,10.00
ORD-004334,2025-07-06,P002,Travel Tumbler,1,21.60
ORD-004334,2025-07-06,P006,Cotton T-Shirt,1,27.50
ORD-004335,2025-07-06,P008,Running Socks,1,11.00
ORD-004336,2025-07-06,P017,Notebook A5,1,9.90
ORD-004337,2025-07-06,P007,Denim Jacket,1,89.00
ORD-004338,2025-07-06,P014,Scented Candle,4,17.60
ORD-004339,2025-07-06,P002,Travel Tumbler,1,24.00
ORD-004339,2025-07-06,P010,Steel Water Bottle,1,20.00
ORD-004339,2025-07-06,P028,Olive Oil 500ml,2,21.00
ORD-004340,2025-07-06,P005,Wool Beanie,1,22.00
ORD-004340,2025-07-06,P020,Laptop Stand,1,42.00
ORD-004340,2025-07-06,P032,Throw Pillow,2,27.00
ORD-004341,2025-07-07,P006,Cotton T-Shirt,1,25.00
ORD-004342,2025-07-07,P001,Ceramic Mug,3,12.00
ORD-004343,2025-07-07,P001,Ceramic Mug,1,12.00
ORD-004344,2025-07-07,P035,Umbrella,3,26.00
ORD-004345,2025-07-07,P001,Ceramic Mug,1,12.00
ORD-004346,2025-07-07,P002,Travel Tumbler,1,24.00
ORD-004346,2025-07-07,P029,Hot Sauce Trio,1,23.00
ORD-004347,2025-07-07,P011,Bamboo Cutting Board,1,28.80
ORD-004348,2025-07-07,P002,Travel Tumbler,1,21.60
ORD-004348,2025-07-07,P004,Canvas Backpack,1,64.90
ORD-004349,2025-07-07,P001,Ceramic Mug,1,12.00
ORD-004350,2025-07-07,P004,Canvas Backpack,1,59.00
ORD-004351,2025-07-07,P001,Ceramic Mug,2,10.80
ORD-004352,2025-07-07,P004,Canvas Backpack,1,59.00
ORD-004353,2025-07-07,P001,Ceramic Mug,2,13.20
ORD-004353,2025-07-07,P009,Leather Wallet,1,45.00
ORD-004354,2025-07-07,P015,Soy Wax Candle Set,1,34.00
ORD-004355,2025-07-07,P017,Notebook A5,2,9.00
ORD-004356,2025-07-07,P001,Ceramic Mug,1,10.80
ORD-004356,2025-07-07,P004,Canvas Backpack,3,59.00
ORD-004356,2025-07-07,P018,Fountain Pen,1,34.20
ORD-004357,2025-07-07,P010,Steel Water Bottle,2,20.00
ORD-004357,2025-07-07,P012,Chef Knife,1,74.00
ORD-004358,2025-07-07,P001,Ceramic Mug,2,12.00
ORD-004359,2025-07-07,P002,Travel Tumbler,1,24.00
ORD-004360,2025-07-08,P002,Travel Tumbler,1,24.00
ORD-004360,2025-07-08,P014,Scented Candle,3,16.00
ORD-004360,2025-07-08,P024,Yoga Mat,4,36.00
ORD-004361,2025-07-08,P002,Travel Tumbler,1,26.40
ORD-004362,2025-07-08,P006,Cotton T-Shirt,2,27.50
ORD-004363,2025-07-08,P006,Cotton T-Shirt,1,25.00
ORD-004364,2025-07-08,P024,Yoga Mat,1,36.00
ORD-004365,2025-07-08,P001,Ceramic Mug,2,12.00
ORD-004366,2025-07-08,P005,Wool Beanie,1,22.00
ORD-004367,2025-07-08,P001,Ceramic Mug,1,12.00
ORD-004367,2025-07-08,P006,Cotton T-Shirt,1,25.00
ORD-004368,2025-07-08,P004,Canvas Backpack,1,59.00
ORD-004369,2025-07-08,P002,Travel Tumbler,1,24.00
ORD-004370,2025-07-08,P001,Ceramic Mug,2,10.80
ORD-004370,2025-07-08,P002,Travel Tumbler,2,24.00
ORD-004370,2025-07-08,P015,Soy Wax Candle Set,2,34.00
ORD-004370,2025-07-08,P023,Bluetooth Speaker,5,69.00
ORD-004371,2025-07-08,P001,Ceramic Mug,3,10.80
ORD-004372,2025-07-08,P024,Yoga Mat,1,36.00
ORD-004373,2025-07-08,P001,Ceramic Mug,2,12.00
ORD-004373,2025-07-08,P002,Travel Tumbler,1,24.00
ORD-004373,2025-07-08,P007,Denim Jacket,4,89.00
ORD-004374,2025-07-08,P001,Ceramic Mug,2,10.80
ORD-004375,2025-07-08,P001,Ceramic Mug,1,12.00
ORD-004375,2025-07-08,P002,Travel Tumbler,5,26.40
ORD-004376,2025-07-08,P022,Phone Case,1,15.00
ORD-004377,2025-07-08,P005,Wool Beanie,3,19.80
ORD-004378,2025-07-08,P005,Wool Beanie,4,22.00
ORD-004379,2025-07-08,P018,Fountain Pen,2,38.00
ORD-004380,2025-07-09,P002,Travel Tumbler,1,24.00
ORD-004380,2025-07-09,P006,Cotton T-Shirt,2,22.50
ORD-004381,2025-07-09,P003,Linen Tote Bag,1,18.00
ORD-004382,2025-07-09,P001,Ceramic Mug,4,10.80
ORD-004382,2025-07-09,P004,Canvas Backpack,2,59.00
ORD-004382,2025-07-09,P005,Wool Beanie,1,22.00
ORD-004382,2025-07-09,P019,Wireless Mouse,1,29.00
ORD-004383,2025-07-09,P001,Ceramic Mug,2,12.00
ORD-004383,2025-07-09,P002,Travel Tumbler,1,24.00
ORD-004384,2025-07-09,P020,Laptop Stand,1,37.80
ORD-004385,2025-07-09,P003,Linen Tote Bag,1,18.00
ORD-004386,2025-07-09,P003,Linen Tote Bag,2,18.00
ORD-004387,2025-07-09,P029,Hot Sauce Trio,1,25.30
ORD-004388,2025-07-09,P013,Cast Iron Pan,1,56.00
ORD-004389,2025-07-09,P007,Denim Jacket,1,97.90
ORD-004390,2025-07-09,P009,Leather Wallet,2,45.00
ORD-004391,2025-07-09,P002,Travel Tumbler,1,24.00
ORD-004391,2025-07-09,P025,Resistance Bands,1,14.00
ORD-004392,2025-07-09,P005,Wool Beanie,1,22.00
ORD-004392,2025-07-09,P031,Framed Print,1,64.00
ORD-004393,2025-07-09,P013,Cast Iron Pan,1,50.40
ORD-004394,2025-07-09,P001,Ceramic Mug,2,13.20
ORD-004394,2025-07-09,P004,Canvas Backpack,1,64.90
ORD-004395,2025-07-09,P003,Linen Tote Bag,2,18.00
ORD-004396,2025-07-09,P015,Soy Wax Candle Set,3,34.00
ORD-004397,2025-07-10,P033,Wool Blanket,1,79.00
ORD-004398,2025-07-10,P003,Linen Tote Bag,2,18.00
ORD-004398,2025-07-10,P005,Wool Beanie,4,22.00
ORD-004398,2025-07-10,P009,Leather Wallet,1,49.50
ORD-004399,2025-07-10,P002,Travel Tumbler,5,24.00
ORD-004399,2025-07-10,P003,Linen Tote Bag,1,18.00
ORD-004399,2025-07-10,P006,Cotton T-Shirt,1,25.00
ORD-004400,2025-07-10,P008,Running Socks,4,11.00
ORD-004401,2025-07-10,P019,Wireless Mouse,1,31.90
ORD-004402,2025-07-10,P004,Canvas Backpack,2,53.10
ORD-004402,2025-07-10,P018,Fountain Pen,4,41.80
ORD-004403,2025-07-10,P004,Canvas Backpack,1,64.90
ORD-004404,2025-07-10,P001,Ceramic Mug,1,12.00
ORD-004405,2025-07-10,P001,Ceramic Mug,1,13.20
ORD-004406,2025-07-10,P001,Ceramic Mug,1,12.00
ORD-004407,2025-07-10,P009,Leather Wallet,3,49.50
ORD-004407,2025-07-10,P013,Cast Iron Pan,2,50.40
ORD-004408,2025-07-10,P021,USB-C Cable,1,11.00
ORD-004409,2025-07-10,P001,Ceramic Mug,1,13.20
ORD-004410,2025-07-10,P002,Travel Tumbler,4,24.00
ORD-004410,2025-07-10,P010,Steel Water Bottle,1,18.00
ORD-004411,2025-07-10,P001,Ceramic Mug,1,10.80
ORD-004411,2025-07-10,P002,Travel Tumbler,1,24.00
ORD-004411,2025-07-10,P006,Cotton T-Shirt,2,25.00
ORD-004411,2025-07-10,P008,Running Socks,1,11.00
ORD-004412,2025-07-10,P002,Travel Tumbler,3,24.00
ORD-004412,2025-07-10,P007,Denim Jacket,1,97.90
ORD-004413,2025-07-10,P003,Linen Tote Bag,1,18.00
ORD-004413,2025-07-10,P028,Olive Oil 500ml,1,21.00
ORD-004414,2025-07-10,P001,Ceramic Mug,1,13.20
ORD-004415,2025-07-10,P013,Cast Iron Pan,2,61.60
ORD-004416,2025-07-10,P002,Travel Tumbler,2,24.00
ORD-004417,2025-07-10,P002,Travel Tumbler,2,24.00
ORD-004418,2025-07-10,P008,Running Socks,2,11.00
ORD-004419,2025-07-10,P006,Cotton T-Shirt,1,22.50
ORD-004420,2025-07-11,P002,Travel Tumbler,1,21.60
ORD-004421,2025-07-11,P004,Canvas Backpack,4,59.00
ORD-004422,2025-07-11,P003,Linen Tote Bag,1,18.00
ORD-004423,2025-07-11,P001,Ceramic Mug,1,13.20
ORD-004424,2025-07-11,P029,Hot Sauce Trio,2,25.30
ORD-004425,2025-07-11,P005,Wool Beanie,2,22.00
ORD-004425,2025-07-11,P014,Scented Candle,3,16.00
ORD-004425,2025-07-11,P017,Notebook A5,2,9.00
ORD-004426,2025-07-11,P010,Steel Water Bottle,1,18.00
ORD-004427,2025-07-11,P001,Ceramic Mug,1,12.00
ORD-004428,2025-07-11,P003,Linen Tote Bag,2,16.20
ORD-004429,2025-07-11,P001,Ceramic Mug,1,12.00
ORD-004430,2025-07-11,P001,Ceramic Mug,1,12.00
ORD-004431,2025-07-11,P005,Wool Beanie,1,22.00
ORD-004432,2025-07-11,P003,Linen Tote Bag,3,19.80
ORD-004433,2025-07-11,P005,Wool Beanie,3,22.00
ORD-004434,2025-07-11,P001,Ceramic Mug,2,12.00
ORD-004435,2025-07-11,P006,Cotton T-Shirt,1,25.00
ORD-004436,2025-07-11,P001,Ceramic Mug,1,12.00
ORD-004436,2025-07-11,P002,Travel Tumbler,3,24.00
ORD-004436,2025-07-11,P004,Canvas Backpack,1,53.10
ORD-004436,2025-07-11,P017,Notebook A5,2,9.00
ORD-004437,2025-07-11,P001,Ceramic Mug,2,12.00
ORD-004437,2025-07-11,P002,Travel Tumbler,1,24.00
ORD-004437,2025-07-11,P020,Laptop Stand,1,46.20
ORD-004438,2025-07-11,P001,Ceramic Mug,2,12.00
ORD-004439,2025-07-11,P007,Denim Jacket,2,89.00
ORD-004440,2025-07-11,P003,Linen Tote Bag,1,19.80
ORD-004441,2025-07-11,P001,Ceramic Mug,3,13.20
ORD-004441,2025-07-11,P018,Fountain Pen,1,38.00
ORD-004442,2025-07-12,P001,Ceramic Mug,2,12.00
ORD-004443,2025-07-12,P024,Yoga Mat,1,32.40
ORD-004444,2025-07-12,P001,Ceramic Mug,1,10.80
ORD-004444,2025-07-12,P016,Desk Lamp,2,53.90
ORD-004445,2025-07-12,P001,Ceramic Mug,2,12.00
ORD-004446,2025-07-12,P001,Ceramic Mug,1,12.00
ORD-004446,2025-07-12,P006,Cotton T-Shirt,3,25.00
ORD-004446,2025-07-12,P009,Leather Wallet,3,45.00
ORD-004446,2025-07-12,P028,Olive Oil 500ml,1,21.00
ORD-004447,2025-07-12,P001,Ceramic Mug,3,10.80
ORD-004447,2025-07-12,P002,Travel Tumbler,1,24.00
ORD-004447,2025-07-12,P026,Herbal Tea Sampler,2,19.00
ORD-004448,2025-07-12,P007,Denim Jacket,1,89.00
ORD-004449,2025-07-12,P004,Canvas Backpack,1,53.10
ORD-004450,2025-07-12,P001,Ceramic Mug,3,12.00
ORD-004451,2025-07-12,P016,Desk Lamp,5,53.90
ORD-004452,2025-07-12,P001,Ceramic Mug,1,13.20
ORD-004453,2025-07-12,P031,Framed Print,1,64.00
ORD-004454,2025-07-12,P011,Bamboo Cutting Board,1,35.20
ORD-004455,2025-07-12,P001,Ceramic Mug,1,13.20
ORD-004456,2025-07-12,P006,Cotton T-Shirt,1,27.50
ORD-004456,2025-07-12,P007,Denim Jacket,2,80.10
ORD-004457,2025-07-12,P001,Ceramic Mug,2,12.00
ORD-004457,2025-07-12,P003,Linen Tote Bag,4,19.80
ORD-004457,2025-07-12,P006,Cotton T-Shirt,1,25.00
ORD-004457,2025-07-12,P019,Wireless Mouse,1,29.00
ORD-004458,2025-07-12,P001,Ceramic Mug,1,12.00
ORD-004458,2025-07-12,P008,Running Socks,5,11.00
ORD-004459,2025-07-12,P005,Wool Beanie,2,19.80
ORD-004460,2025-07-12,P023,Bluetooth Speaker,2,69.00
ORD-004461,2025-07-12,P005,Wool Beanie,2,22.00
ORD-004462,2025-07-12,P034,Sunglasses,1,46.00
ORD-004463,2025-07-12,P013,Cast Iron Pan,1,56.00
ORD-004464,2025-07-12,P001,Ceramic Mug,3,12.00
ORD-004465,2025-07-12,P009,Leather Wallet,1,45.00
ORD-004466,2025-07-12,P006,Cotton T-Shirt,1,25.00
ORD-004467,2025-07-12,P001,Ceramic Mug,2,12.00
ORD-004467,2025-07-12,P029,Hot Sauce Trio,3,23.00
ORD-004468,2025-07-12,P019,Wireless Mouse,5,29.00
ORD-004469,2025-07-12,P001,Ceramic Mug,3,12.00
ORD-004470,2025-07-12,P001,Ceramic Mug,3,12.00
ORD-004471,2025-07-13,P001,Ceramic Mug,2,12.00
ORD-004471,2025-07-13,P007,Denim Jacket,2,89.00
ORD-004472,2025-07-13,P006,Cotton T-Shirt,1,25.00
ORD-004472,2025-07-13,P017,Notebook A5,1,8.10
ORD-004473,2025-07-13,P036,Gift Card Holder,1,6.30
ORD-004474,2025-07-13,P012,Chef Knife,2,74.00
ORD-004474,2025-07-13,P025,Resistance Bands,2,14.00
ORD-004475,2025-07-13,P024,Yoga Mat,1,36.00
ORD-004475,2025-07-13,P030,Wall Calendar,5,13.00
ORD-004476,2025-07-13,P001,Ceramic Mug,2,13.20
ORD-004476,2025-07-13,P007,Denim Jacket,2,89.00
ORD-004477,2025-07-13,P003,Linen Tote Bag,3,18.00
ORD-004477,2025-07-13,P008,Running Socks,1,11.00
ORD-004478,2025-07-13,P009,Leather Wallet,1,49.50
ORD-004479,2025-07-13,P003,Linen Tote Bag,2,16.20
ORD-004479,2025-07-13,P036,Gift Card Holder,3,7.00
ORD-004480,2025-07-13,P002,Travel Tumbler,2,24.00
ORD-004481,2025-07-13,P001,Ceramic Mug,1,12.00
ORD-004482,2025-07-13,P007,Denim Jacket,1,89.00
ORD-004483,2025-07-13,P005,Wool Beanie,2,19.80
ORD-004484,2025-07-13,P002,Travel Tumbler,2,26.40
ORD-004485,2025-07-13,P006,Cotton T-Shirt,1,25.00
ORD-004486,2025-07-13,P024,Yoga Mat,2,32.40
ORD-004487,2025-07-13,P005,Wool Beanie,2,22.00
ORD-004487,2025-07-13,P022,Phone Case,2,15.00
ORD-004488,2025-07-13,P002,Travel Tumbler,1,24.00
ORD-004488,2025-07-13,P004,Canvas Backpack,1,59.00
ORD-004488,2025-07-13,P007,Denim Jacket,5,89.00
ORD-004489,2025-07-13,P001,Ceramic Mug,3,12.00
ORD-004490,2025-07-13,P001,Ceramic Mug,2,10.80
ORD-004491,2025-07-13,P035,Umbrella,1,26.00
ORD-004492,2025-07-13,P001,Ceramic Mug,1,12.00
ORD-004493,2025-07-13,P001,Ceramic Mug,3,13.20
ORD-004494,2025-07-13,P001,Ceramic Mug,2,10.80
ORD-004494,2025-07-13,P006,Cotton T-Shirt,4,25.00
ORD-004495,2025-07-13,P008,Running Socks,2,11.00
ORD-004496,2025-07-13,P001,Ceramic Mug,1,12.00
ORD-004496,2025-07-13,P002,Travel Tumbler,1,21.60
ORD-004496,2025-07-13,P025,Resistance Bands,3,14.00
ORD-004497,2025-07-13,P001,Ceramic Mug,1,13.20
ORD-004498,2025-07-13,P003,Linen Tote Bag,1,18.00
ORD-004499,2025-07-13,P001,Ceramic Mug,2,10.80
ORD-004499,2025-07-13,P002,Travel Tumbler,2,24.00
ORD-004499,2025-07-13,P009,Leather Wallet,2,45.00
ORD-004499,2025-07-13,P018,Fountain Pen,1,38.00
ORD-004500,2025-07-13,P008,Running Socks,1,9.90
ORD-004501,2025-07-13,P001,Ceramic Mug,1,12.00
ORD-004502,2025-07-13,P001,Ceramic Mug,5,12.00
ORD-004503,2025-07-13,P005,Wool Beanie,3,22.00
ORD-004503,2025-07-13,P025,Resistance Bands,1,14.00
ORD-004504,2025-07-13,P008,Running Socks,1,12.10
ORD-004504,2025-07-13,P009,Leather Wallet,3,45.00
ORD-004505,2025-07-13,P002,Travel Tumbler,5,26.40
ORD-004505,2025-07-13,P003,Linen Tote Bag,1,18.00
ORD-004505,2025-07-13,P005,Wool Beanie,1,22.00
ORD-004506,2025-07-14,P008,Running Socks,2,11.00
ORD-004507,2025-07-14,P007,Denim Jacket,4,89.00
ORD-004508,2025-07-14,P001,Ceramic Mug,2,12.00
ORD-004508,2025-07-14,P002,Travel Tumbler,1,24.00
ORD-004509,2025-07-14,P004,Canvas Backpack,1,53.10
ORD-004510,2025-07-14,P001,Ceramic Mug,4,12.00
ORD-004510,2025-07-14,P002,Travel Tumbler,1,24.00
ORD-004511,2025-07-14,P003,Linen Tote Bag,1,18.00
ORD-004512,2025-07-14,P031,Framed Print,2,64.00
ORD-004513,2025-07-14,P004,Canvas Backpack,1,59.00
ORD-004514,2025-07-14,P009,Leather Wallet,1,45.00
ORD-004515,2025-07-14,P001,Ceramic Mug,2,10.80
ORD-004516,2025-07-14,P001,Ceramic Mug,1,12.00
ORD-004517,2025-07-14,P001,Ceramic Mug,3,13.20
ORD-004518,2025-07-14,P001,Ceramic Mug,2,12.00
ORD-004518,2025-07-14,P002,Travel Tumbler,2,24.00
ORD-004519,2025-07-14,P011,Bamboo Cutting Board,2,28.80
ORD-004520,2025-07-14,P009,Leather Wallet,2,40.50
ORD-004521,2025-07-14,P013,Cast Iron Pan,3,56.00
ORD-004522,2025-07-14,P006,Cotton T-Shirt,2,27.50
ORD-004523,2025-07-14,P003,Linen Tote Bag,1,19.80
ORD-004524,2025-07-14,P013,Cast Iron Pan,1,56.00
ORD-004524,2025-07-14,P019,Wireless Mouse,1,29.00
ORD-004525,2025-07-14,P001,Ceramic Mug,1,12.00
ORD-004525,2025-07-14,P009,Leather Wallet,4,45.00
ORD-004525,2025-07-14,P015,Soy Wax Candle Set,1,34.00
ORD-004526,2025-07-14,P001,Ceramic Mug,2,12.00
ORD-004527,2025-07-14,P002,Travel Tumbler,1,24.00
ORD-004527,2025-07-14,P005,Wool Beanie,3,24.20
ORD-004528,2025-07-14,P001,Ceramic Mug,3,12.00
ORD-004528,2025-07-14,P002,Travel Tumbler,4,24.00
ORD-004529,2025-07-14,P018,Fountain Pen,5,34.20
ORD-004530,2025-07-14,P009,Leather Wallet,4,40.50
ORD-004531,2025-07-15,P002,Travel Tumbler,1,26.40
ORD-004532,2025-07-15,P008,Running Socks,1,11.00
ORD-004533,2025-07-15,P001,Ceramic Mug,1,10.80
ORD-004533,2025-07-15,P029,Hot Sauce Trio,1,25.30
ORD-004534,2025-07-15,P012,Chef Knife,2,74.00
ORD-004535,2025-07-15,P003,Linen Tote Bag,2,18.00
ORD-004535,2025-07-15,P015,Soy Wax Candle Set,1,34.00
ORD-004536,2025-07-15,P001,Ceramic Mug,1,12.00
ORD-004537,2025-07-15,P004,Canvas Backpack,1,59.00
ORD-004538,2025-07-15,P008,Running Socks,2,9.90
ORD-004539,2025-07-15,P001,Ceramic Mug,3,12.00
ORD-004539,2025-07-15,P012,Chef Knife,2,74.00
ORD-004540,2025-07-15,P002,Travel Tumbler,2,24.00
ORD-004541,2025-07-15,P015,Soy Wax Candle Set,2,34.00
ORD-004542,2025-07-15,P005,Wool Beanie,5,22.00
ORD-004543,2025-07-15,P006,Cotton T-Shirt,2,25.00
ORD-004544,2025-07-15,P001,Ceramic Mug,2,13.20
ORD-004545,2025-07-15,P002,Travel Tumbler,1,24.00
ORD-004545,2025-07-15,P008,Running Socks,1,11.00
ORD-004546,2025-07-15,P001,Ceramic Mug,1,13.20
ORD-004547,2025-07-15,P002,Travel Tumbler,1,24.00
ORD-004548,2025-07-15,P002,Travel Tumbler,1,24.00
ORD-004549,2025-07-15,P001,Ceramic Mug,2,12.00
ORD-004550,2025-07-15,P002,Travel Tumbler,1,26.40
ORD-004551,2025-07-15,P005,Wool Beanie,2,22.00
ORD-004552,2025-07-15,P007,Denim Jacket,1,89.00
ORD-004553,2025-07-15,P007,Denim Jacket,2,89.00
ORD-004554,2025-07-16,P002,Travel Tumbler,3,24.00
ORD-004555,2025-07-16,P005,Wool Beanie,1,22.00
ORD-004556,2025-07-16,P003,Linen Tote Bag,1,18.00
ORD-004557,2025-07-16,P001,Ceramic Mug,1,13.20
ORD-004558,2025-07-16,P011,Bamboo Cutting Board,2,28.80
ORD-004559,2025-07-16,P003,Linen Tote Bag,2,16.20
ORD-004560,2025-07-16,P008,Running Socks,1,11.00
ORD-004561,2025-07-16,P008,Running Socks,1,11.00
ORD-004562,2025-07-16,P014,Scented Candle,1,16.00
ORD-004563,2025-07-16,P001,Ceramic Mug,2,12.00
ORD-004564,2025-07-16,P002,Travel Tumbler,2,24.00
ORD-004565,2025-07-16,P002,Travel Tumbler,1,24.00
ORD-004565,2025-07-16,P005,Wool Beanie,1,22.00
ORD-004565,2025-07-16,P006,Cotton T-Shirt,2,25.00
ORD-004565,2025-07-16,P035,Umbrella,1,26.00
ORD-004566,2025-07-16,P001,Ceramic Mug,1,12.00
ORD-004567,2025-07-16,P001,Ceramic Mug,2,12.00
ORD-004568,2025-07-16,P001,Ceramic Mug,1,13.20
ORD-004569,2025-07-16,P002,Travel Tumbler,1,24.00
ORD-004570,2025-07-16,P001,Ceramic Mug,2,13.20
ORD-004570,2025-07-16,P003,Linen Tote Bag,1,18.00
ORD-004571,2025-07-16,P001,Ceramic Mug,3,13.20
ORD-004572,2025-07-17,P001,Ceramic Mug,1,12.00
ORD-004573,2025-07-17,P012,Chef Knife,1,81.40
ORD-004574,2025-07-17,P003,Linen Tote Bag,1,18.00
ORD-004575,2025-07-17,P011,Bamboo Cutting Board,1,32.00
ORD-004576,2025-07-17,P002,Travel Tumbler,1,24.00
ORD-004576,2025-07-17,P004,Canvas Backpack,3,59.00
ORD-004577,2025-07-17,P002,Travel Tumbler,1,24.00
ORD-004578,2025-07-17,P008,Running Socks,2,11.00
ORD-004579,2025-07-17,P020,Laptop Stand,1,46.20
ORD-004579,2025-07-17,P034,Sunglasses,2,50.60
ORD-004580,2025-07-17,P003,Linen Tote Bag,1,18.00
ORD-004581,2025-07-17,P003,Linen Tote Bag,2,18.00
ORD-004582,2025-07-17,P001,Ceramic Mug,1,13.20
ORD-004583,2025-07-17,P017,Notebook A5,1,9.00
ORD-004584,2025-07-17,P001,Ceramic Mug,1,10.80
ORD-004585,2025-07-17,P001,Ceramic Mug,1,12.00
ORD-004585,2025-07-17,P003,Linen Tote Bag,1,18.00
ORD-004585,2025-07-17,P025,Resistance Bands,2,14.00
ORD-004585,2025-07-17,P028,Olive Oil 500ml,1,18.90
ORD-004586,2025-07-17,P001,Ceramic Mug,1,12.00
ORD-004587,2025-07-17,P016,Desk Lamp,1,49.00
ORD-004588,2025-07-17,P001,Ceramic Mug,4,13.20
ORD-004588,2025-07-17,P005,Wool Beanie,2,22.00
ORD-004589,2025-07-17,P002,Travel Tumbler,5,24.00
ORD-004590,2025-07-17,P008,Running Socks,1,11.00
ORD-004591,2025-07-17,P001,Ceramic Mug,3,10.80
ORD-004591,2025-07-17,P005,Wool Beanie,4,19.80
ORD-004591,2025-07-17,P015,Soy Wax Candle Set,1,30.60
ORD-004591,2025-07-17,P035,Umbrella,1,26.00
ORD-004592,2025-07-17,P001,Ceramic Mug,1,12.00
ORD-004593,2025-07-17,P002,Travel Tumbler,1,24.00
ORD-004594,2025-07-17,P027,Coffee Beans 1kg,2,28.00
ORD-004595,2025-07-18,P001,Ceramic Mug,4,12.00
ORD-004596,2025-07-18,P003,Linen Tote Bag,4,18.00
ORD-004597,2025-07-18,P001,Ceramic Mug,1,12.00
ORD-004598,2025-07-18,P012,Chef Knife,1,74.00
ORD-004599,2025-07-18,P001,Ceramic Mug,1,12.00
ORD-004599,2025-07-18,P010,Steel Water Bottle,1,20.00
ORD-004600,2025-07-18,P013,Cast Iron Pan,3,56.00
ORD-004601,2025-07-18,P002,Travel Tumbler,2,24.00
ORD-004602,2025-07-18,P004,Canvas Backpack,4,59.00
ORD-004603,2025-07-18,P001,Ceramic Mug,5,12.00
ORD-004604,2025-07-18,P001,Ceramic Mug,1,12.00
ORD-004605,2025-07-18,P006,Cotton T-Shirt,1,25.00
ORD-004606,2025-07-18,P020,Laptop Stand,2,46.20
ORD-004607,2025-07-18,P002,Travel Tumbler,1,26.40
ORD-004607,2025-07-18,P004,Canvas Backpack,3,59.00
ORD-004607,2025-07-18,P006,Cotton T-Shirt,1,25.00
ORD-004607,2025-07-18,P033,Wool Blanket,1,79.00
ORD-004608,2025-07-18,P004,Canvas Backpack,1,64.90
ORD-004608,2025-07-18,P021,USB-C Cable,1,10.00
ORD-004609,2025-07-18,P014,Scented Candle,1,16.00
ORD-004610,2025-07-18,P002,Travel Tumbler,2,24.00
ORD-004611,2025-07-18,P007,Denim Jacket,1,80.10
ORD-004612,2025-07-18,P020,Laptop Stand,3,37.80
ORD-004613,2025-07-18,P001,Ceramic Mug,1,12.00
ORD-004614,2025-07-18,P002,Travel Tumbler,1,21.60
ORD-004615,2025-07-18,P001,Ceramic Mug,1,12.00
ORD-004615,2025-07-18,P020,Laptop Stand,2,37.80
ORD-004616,2025-07-18,P001,Ceramic Mug,1,12.00
ORD-004616,2025-07-18,P019,Wireless Mouse,1,29.00
ORD-004617,2025-07-19,P015,Soy Wax Candle Set,2,30.60
ORD-004618,2025-07-19,P001,Ceramic Mug,1,12.00
ORD-004619,2025-07-19,P003,Linen Tote Bag,1,19.80
ORD-004620,2025-07-19,P003,Linen Tote Bag,1,18.00
ORD-004620,2025-07-19,P005,Wool Beanie,1,22.00
ORD-004621,2025-07-19,P018,Fountain Pen,1,38.00
ORD-004622,2025-07-19,P026,Herbal Tea Sampler,1,17.10
ORD-004623,2025-07-19,P008,Running Socks,2,11.00
ORD-004624,2025-07-19,P030,Wall Calendar,5,13.00
ORD-004625,2025-07-19,P001,Ceramic Mug,2,12.00
ORD-004626,2025-07-19,P014,Scented Candle,1,16.00
ORD-004627,2025-07-19,P011,Bamboo Cutting Board,1,35.20
ORD-004628,2025-07-19,P025,Resistance Bands,1,14.00
ORD-004629,2025-07-19,P001,Ceramic Mug,1,12.00
ORD-004629,2025-07-19,P002,Travel Tumbler,1,24.00
ORD-004629,2025-07-19,P007,Denim Jacket,1,89.00
ORD-004630,2025-07-19,P001,Ceramic Mug,1,13.20
ORD-004631,2025-07-19,P001,Ceramic Mug,1,10.80
ORD-004632,2025-07-19,P005,Wool Beanie,3,22.00
ORD-004633,2025-07-19,P001,Ceramic Mug,1,10.80
ORD-004634,2025-07-19,P001,Ceramic Mug,1,10.80
ORD-004635,2025-07-19,P004,Canvas Backpack,3,59.00
ORD-004636,2025-07-19,P002,Travel Tumbler,4,24.00
ORD-004636,2025-07-19,P006,Cotton T-Shirt,3,25.00
ORD-004636,2025-07-19,P007,Denim Jacket,1,89.00
ORD-004636,2025-07-19,P017,Notebook A5,2,9.00
ORD-004637,2025-07-19,P001,Ceramic Mug,1,12.00
ORD-004637,2025-07-19,P003,Linen Tote Bag,4,18.00
ORD-004637,2025-07-19,P007,Denim Jacket,3,97.90
ORD-004637,2025-07-19,P013,Cast Iron Pan,1,56.00
ORD-004638,2025-07-19,P010,Steel Water Bottle,4,20.00
ORD-004639,2025-07-19,P001,Ceramic Mug,2,13.20
ORD-004639,2025-07-19,P003,Linen Tote Bag,1,18.00
ORD-004640,2025-07-19,P002,Travel Tumbler,1,24.00
ORD-004641,2025-07-19,P001,Ceramic Mug,1,12.00
ORD-004642,2025-07-19,P013,Cast Iron Pan,1,56.00
ORD-004643,2025-07-19,P001,Ceramic Mug,3,12.00
ORD-004644,2025-07-19,P007,Denim Jacket,1,89.00
ORD-004645,2025-07-19,P002,Travel Tumbler,1,24.00
ORD-004646,2025-07-19,P001,Ceramic Mug,1,12.00
ORD-004646,2025-07-19,P004,Canvas Backpack,1,53.10
ORD-004646,2025-07-19,P008,Running Socks,1,12.10
ORD-004647,2025-07-19,P001,Ceramic Mug,1,12.00
ORD-004648,2025-07-19,P003,Linen Tote Bag,2,18.00
ORD-004649,2025-07-19,P003,Linen Tote Bag,2,18.00
ORD-004650,2025-07-19,P003,Linen Tote Bag,1,18.00
ORD-004651,2025-07-19,P002,Travel Tumbler,1,26.40
ORD-004651,2025-07-19,P004,Canvas Backpack,5,59.00
ORD-004651,2025-07-19,P026,Herbal Tea Sampler,2,20.90
ORD-004652,2025-07-20,P002,Travel Tumbler,1,24.00
ORD-004653,2025-07-20,P001,Ceramic Mug,1,12.00
ORD-004653,2025-07-20,P002,Travel Tumbler,1,21.60
ORD-004653,2025-07-20,P005,Wool Beanie,2,22.00
ORD-004654,2025-07-20,P008,Running Socks,3,11.00
ORD-004655,2025-07-20,P004,Canvas Backpack,3,59.00
ORD-004656,2025-07-20,P001,Ceramic Mug,1,13.20
ORD-004657,2025-07-20,P001,Ceramic Mug,2,12.00
ORD-004658,2025-07-20,P002,Travel Tumbler,5,21.60
ORD-004659,2025-07-20,P003,Linen Tote Bag,1,16.20
ORD-004660,2025-07-20,P001,Ceramic Mug,1,13.20
ORD-004660,2025-07-20,P005,Wool Beanie,1,22.00
ORD-004660,2025-07-20,P030,Wall Calendar,1,13.00
ORD-004661,2025-07-20,P001,Ceramic Mug,1,13.20
ORD-004662,2025-07-20,P001,Ceramic Mug,1,12.00
ORD-004662,2025-07-20,P006,Cotton T-Shirt,2,25.00
ORD-004662,2025-07-20,P009,Leather Wallet,1,45.00
ORD-004662,2025-07-20,P012,Chef Knife,1,74.00
ORD-004663,2025-07-20,P001,Ceramic Mug,1,12.00
ORD-004664,2025-07-20,P011,Bamboo Cutting Board,1,32.00
ORD-004665,2025-07-20,P005,Wool Beanie,1,19.80
ORD-004665,2025-07-20,P006,Cotton T-Shirt,1,25.00
ORD-004666,2025-07-20,P001,Ceramic Mug,1,10.80
ORD-004667,2025-07-20,P001,Ceramic Mug,1,12.00
ORD-004668,2025-07-20,P005,Wool Beanie,2,22.00
ORD-004668,2025-07-20,P008,Running Socks,2,11.00
ORD-004668,2025-07-20,P009,Leather Wallet,1,45.00
ORD-004669,2025-07-20,P003,Linen Tote Bag,1,18.00
ORD-004669,2025-07-20,P008,Running Socks,1,12.10
ORD-004670,2025-07-20,P003,Linen Tote Bag,1,18.00
ORD-004671,2025-07-20,P010,Steel Water Bottle,4,18.00
ORD-004672,2025-07-20,P001,Ceramic Mug,1,12.00
ORD-004673,2025-07-20,P003,Linen Tote Bag,1,18.00
ORD-004673,2025-07-20,P007,Denim Jacket,4,89.00
ORD-004674,2025-07-20,P008,Running Socks,1,11.00
ORD-004674,2025-07-20,P022,Phone Case,2,15.00
ORD-004675,2025-07-20,P001,Ceramic Mug,1,12.00
ORD-004676,2025-07-20,P006,Cotton T-Shirt,1,27.50
ORD-004677,2025-07-20,P006,Cotton T-Shirt,3,25.00
ORD-004678,2025-07-20,P002,Travel Tumbler,1,24.00
ORD-004679,2025-07-20,P001,Ceramic Mug,1,12.00
ORD-004680,2025-07-20,P019,Wireless Mouse,5,29.00
ORD-004681,2025-07-20,P031,Framed Print,1,64.00
ORD-004682,2025-07-21,P002,Travel Tumbler,1,24.00
ORD-004683,2025-07-21,P003,Linen Tote Bag,1,18.00
ORD-004684,2025-07-21,P007,Denim Jacket,1,89.00
ORD-004685,2025-07-21,P001,Ceramic Mug,1,13.20
ORD-004686,2025-07-21,P009,Leather Wallet,1,45.00
ORD-004686,2025-07-21,P013,Cast Iron Pan,1,61.60
ORD-004687,2025-07-21,P010,Steel Water Bottle,2,20.00
ORD-004688,2025-07-21,P002,Travel Tumbler,2,24.00
ORD-004689,2025-07-21,P001,Ceramic Mug,1,13.20
ORD-004689,2025-07-21,P004,Canvas Backpack,1,59.00
ORD-004689,2025-07-21,P007,Denim Jacket,1,89.00
ORD-004690,2025-07-21,P001,Ceramic Mug,4,12.00
ORD-004690,2025-07-21,P005,Wool Beanie,1,24.20
ORD-004691,2025-07-21,P008,Running Socks,1,11.00
ORD-004692,2025-07-21,P002,Travel Tumbler,1,26.40
ORD-004692,2025-07-21,P014,Scented Candle,1,16.00
ORD-004693,2025-07-21,P010,Steel Water Bottle,1,18.00
ORD-004694,2025-07-21,P012,Chef Knife,1,74.00
ORD-004694,2025-07-21,P024,Yoga Mat,1,32.40
ORD-004695,2025-07-21,P007,Denim Jacket,1,80.10
ORD-004696,2025-07-21,P001,Ceramic Mug,1,13.20
ORD-004696,2025-07-21,P006,Cotton T-Shirt,3,27.50
ORD-004696,2025-07-21,P021,USB-C Cable,2,10.00
ORD-004697,2025-07-21,P006,Cotton T-Shirt,2,25.00
ORD-004698,2025-07-21,P001,Ceramic Mug,2,12.00
ORD-004698,2025-07-21,P008,Running Socks,4,11.00
ORD-004699,2025-07-21,P001,Ceramic Mug,1,12.00
ORD-004699,2025-07-21,P002,Travel Tumbler,1,24.00
ORD-004699,2025-07-21,P013,Cast Iron Pan,1,56.00
ORD-004700,2025-07-21,P004,Canvas Backpack,1,59.00
ORD-004700,2025-07-21,P008,Running Socks,1,11.00
ORD-004701,2025-07-21,P032,Throw Pillow,1,27.00
ORD-004702,2025-07-21,P004,Canvas Backpack,1,59.00
ORD-004703,2025-07-21,P006,Cotton T-Shirt,1,25.00
ORD-004704,2025-07-21,P001,Ceramic Mug,1,10.80
ORD-004704,2025-07-21,P002,Travel Tumbler,1,24.00
ORD-004704,2025-07-21,P003,Linen Tote Bag,2,18.00
ORD-004705,2025-07-21,P001,Ceramic Mug,1,12.00
ORD-004705,2025-07-21,P005,Wool Beanie,1,22.00
ORD-004705,2025-07-21,P011,Bamboo Cutting Board,1,32.00
ORD-004706,2025-07-21,P017,Notebook A5,2,9.00
ORD-004707,2025-07-21,P005,Wool Beanie,2,22.00
ORD-004708,2025-07-21,P001,Ceramic Mug,3,10.80
ORD-004708,2025-07-21,P002,Travel Tumbler,2,24.00
ORD-004708,2025-07-21,P010,Steel Water Bottle,1,20.00
ORD-004709,2025-07-22,P001,Ceramic Mug,1,13.20
ORD-004710,2025-07-22,P003,Linen Tote Bag,1,18.00
ORD-004711,2025-07-22,P005,Wool Beanie,3,22.00
ORD-004711,2025-07-22,P024,Yoga Mat,1,32.40
ORD-004712,2025-07-22,P001,Ceramic Mug,1,12.00
ORD-004712,2025-07-22,P002,Travel Tumbler,1,26.40
ORD-004713,2025-07-22,P001,Ceramic Mug,2,12.00
ORD-004714,2025-07-22,P003,Linen Tote Bag,1,18.00
ORD-004715,2025-07-22,P001,Ceramic Mug,3,13.20
ORD-004716,2025-07-22,P031,Framed Print,1,57.60
ORD-004717,2025-07-22,P002,Travel Tumbler,1,26.40
ORD-004717,2025-07-22,P005,Wool Beanie,3,22.00
ORD-004718,2025-07-22,P003,Linen Tote Bag,3,18.00
ORD-004719,2025-07-22,P011,Bamboo Cutting Board,1,32.00
ORD-004720,2025-07-22,P001,Ceramic Mug,1,12.00
ORD-004721,2025-07-22,P002,Travel Tumbler,2,21.60
ORD-004722,2025-07-22,P035,Umbrella,1,26.00
ORD-004723,2025-07-22,P018,Fountain Pen,2,41.80
ORD-004723,2025-07-22,P030,Wall Calendar,1,13.00
ORD-004724,2025-07-22,P001,Ceramic Mug,1,13.20
ORD-004725,2025-07-22,P002,Travel Tumbler,3,24.00
ORD-004726,2025-07-22,P002,Travel Tumbler,1,24.00
ORD-004726,2025-07-22,P018,Fountain Pen,2,38.00
ORD-004727,2025-07-22,P008,Running Socks,1,9.90
ORD-004728,2025-07-22,P001,Ceramic Mug,2,10.80
ORD-004728,2025-07-22,P004,Canvas Backpack,2,59.00
ORD-004728,2025-07-22,P005,Wool Beanie,2,22.00
ORD-004728,2025-07-22,P014,Scented Candle,3,16.00
ORD-004729,2025-07-22,P001,Ceramic Mug,1,13.20
ORD-004729,2025-07-22,P006,Cotton T-Shirt,1,25.00
ORD-004730,2025-07-22,P001,Ceramic Mug,2,12.00
ORD-004731,2025-07-22,P001,Ceramic Mug,3,12.00
ORD-004731,2025-07-22,P028,Olive Oil 500ml,1,21.00
ORD-004732,2025-07-22,P001,Ceramic Mug,2,12.00
ORD-004733,2025-07-22,P019,Wireless Mouse,2,29.00
ORD-004734,2025-07-22,P001,Ceramic Mug,1,12.00
ORD-004735,2025-07-22,P001,Ceramic Mug,1,12.00
ORD-004736,2025-07-22,P013,Cast Iron Pan,1,61.60
ORD-004736,2025-07-22,P022,Phone Case,1,15.00
ORD-004737,2025-07-22,P004,Canvas Backpack,2,59.00
ORD-004737,2025-07-22,P006,Cotton T-Shirt,5,25.00
ORD-004738,2025-07-22,P001,Ceramic Mug,2,10.80
ORD-004739,2025-07-23,P004,Canvas Backpack,5,59.00
ORD-004739,2025-07-23,P027,Coffee Beans 1kg,2,25.20
ORD-004740,2025-07-23,P001,Ceramic Mug,1,12.00
ORD-004740,2025-07-23,P007,Denim Jacket,4,89.00
ORD-004741,2025-07-23,P006,Cotton T-Shirt,1,27.50
ORD-004741,2025-07-23,P015,Soy Wax Candle Set,3,34.00
ORD-004741,2025-07-23,P024,Yoga Mat,1,36.00
ORD-004742,2025-07-23,P003,Linen Tote Bag,4,18.00
ORD-004743,2025-07-23,P006,Cotton T-Shirt,1,25.00
ORD-004744,2025-07-23,P001,Ceramic Mug,1,12.00
ORD-004745,2025-07-23,P031,Framed Print,1,64.00
ORD-004746,2025-07-23,P001,Ceramic Mug,1,12.00
ORD-004747,2025-07-23,P001,Ceramic Mug,2,12.00
ORD-004748,2025-07-23,P001,Ceramic Mug,1,12.00
ORD-004749,2025-07-23,P009,Leather Wallet,2,45.00
ORD-004750,2025-07-23,P001,Ceramic Mug,4,10.80
ORD-004751,2025-07-23,P002,Travel Tumbler,1,24.00
ORD-004751,2025-07-23,P030,Wall Calendar,1,14.30
ORD-004752,2025-07-23,P001,Ceramic Mug,1,12.00
ORD-004753,2025-07-23,P001,Ceramic Mug,1,12.00
ORD-004753,2025-07-23,P004,Canvas Backpack,1,59.00
ORD-004754,2025-07-23,P001,Ceramic Mug,4,10.80
ORD-004755,2025-07-23,P002,Travel Tumbler,1,26.40
ORD-004755,2025-07-23,P013,Cast Iron Pan,1,56.00
ORD-004756,2025-07-24,P001,Ceramic Mug,2,12.00
ORD-004757,2025-07-24,P001,Ceramic Mug,2,12.00
ORD-004758,2025-07-24,P013,Cast Iron Pan,1,61.60
ORD-004758,2025-07-24,P025,Resistance Bands,5,14.00
ORD-004759,2025-07-24,P001,Ceramic Mug,1,13.20
ORD-004760,2025-07-24,P002,Travel Tumbler,2,24.00
ORD-004761,2025-07-24,P001,Ceramic Mug,1,12.00
ORD-004761,2025-07-24,P020,Laptop Stand,3,42.00
ORD-004761,2025-07-24,P022,Phone Case,2,15.00
ORD-004762,2025-07-24,P003,Linen Tote Bag,1,18.00
ORD-004762,2025-07-24,P027,Coffee Beans 1kg,2,28.00
ORD-004762,2025-07-24,P028,Olive Oil 500ml,2,21.00
ORD-004763,2025-07-24,P004,Canvas Backpack,1,53.10
ORD-004764,2025-07-24,P001,Ceramic Mug,3,12.00
ORD-004765,2025-07-24,P001,Ceramic Mug,1,12.00
ORD-004765,2025-07-24,P002,Travel Tumbler,2,24.00
ORD-004765,2025-07-24,P007,Denim Jacket,1,89.00
ORD-004766,2025-07-24,P001,Ceramic Mug,1,10.80
ORD-004767,2025-07-24,P007,Denim Jacket,2,80.10
ORD-004768,2025-07-24,P001,Ceramic Mug,2,12.00
ORD-004768,2025-07-24,P002,Travel Tumbler,1,24.00
ORD-004769,2025-07-24,P001,Ceramic Mug,2,12.00
ORD-004770,2025-07-24,P001,Ceramic Mug,3,10.80
ORD-004770,2025-07-24,P005,Wool Beanie,1,24.20
ORD-004770,2025-07-24,P006,Cotton T-Shirt,1,25.00
ORD-004770,2025-07-24,P011,Bamboo Cutting Board,2,32.00
ORD-004771,2025-07-25,P006,Cotton T-Shirt,2,27.50
ORD-004771,2025-07-25,P012,Chef Knife,2,66.60
ORD-004772,2025-07-25,P002,Travel Tumbler,1,24.00
ORD-004773,2025-07-25,P001,Ceramic Mug,2,10.80
ORD-004773,2025-07-25,P019,Wireless Mouse,1,26.10
ORD-004774,2025-07-25,P001,Ceramic Mug,3,12.00
ORD-004775,2025-07-25,P001,Ceramic Mug,1,12.00
ORD-004776,2025-07-25,P018,Fountain Pen,1,38.00
ORD-004777,2025-07-25,P001,Ceramic Mug,1,12.00
ORD-004777,2025-07-25,P004,Canvas Backpack,1,59.00
ORD-004778,2025-07-25,P030,Wall Calendar,4,13.00
ORD-004779,2025-07-25,P003,Linen Tote Bag,1,16.20
ORD-004779,2025-07-25,P005,Wool Beanie,2,22.00
ORD-004780,2025-07-25,P001,Ceramic Mug,3,13.20
ORD-004781,2025-07-25,P002,Travel Tumbler,2,26.40
ORD-004782,2025-07-25,P001,Ceramic Mug,1,13.20
ORD-004783,2025-07-25,P002,Travel Tumbler,1,24.00
ORD-004784,2025-07-25,P007,Denim Jacket,1,89.00
ORD-004785,2025-07-25,P028,Olive Oil 500ml,1,21.00
ORD-004785,2025-07-25,P034,Sunglasses,1,46.00
ORD-004786,2025-07-25,P018,Fountain Pen,2,38.00
ORD-004786,2025-07-25,P024,Yoga Mat,1,36.00
ORD-004787,2025-07-25,P002,Travel Tumbler,1,24.00
ORD-004788,2025-07-25,P029,Hot Sauce Trio,4,23.00
ORD-004789,2025-07-25,P007,Denim Jacket,1,89.00
ORD-004790,2025-07-26,P002,Travel Tumbler,1,26.40
ORD-004791,2025-07-26,P001,Ceramic Mug,1,12.00
ORD-004792,2025-07-26,P001,Ceramic Mug,2,12.00
ORD-004793,2025-07-26,P001,Ceramic Mug,1,12.00
ORD-004793,2025-07-26,P002,Travel Tumbler,3,24.00
ORD-004793,2025-07-26,P019,Wireless Mouse,1,29.00
ORD-004794,2025-07-26,P002,Travel Tumbler,3,24.00
ORD-004794,2025-07-26,P013,Cast Iron Pan,4,56.00
ORD-004795,2025-07-26,P001,Ceramic Mug,2,13.20
ORD-004796,2025-07-26,P002,Travel Tumbler,3,21.60
ORD-004797,2025-07-26,P001,Ceramic Mug,3,12.00
ORD-004798,2025-07-26,P001,Ceramic Mug,2,12.00
ORD-004799,2025-07-26,P007,Denim Jacket,3,89.00
ORD-004799,2025-07-26,P015,Soy Wax Candle Set,1,34.00
ORD-004800,2025-07-26,P004,Canvas Backpack,1,64.90
ORD-004800,2025-07-26,P013,Cast Iron Pan,1,56.00
ORD-004800,2025-07-26,P015,Soy Wax Candle Set,2,34.00
ORD-004801,2025-07-26,P001,Ceramic Mug,3,12.00
ORD-004802,2025-07-26,P007,Denim Jacket,1,89.00
ORD-004803,2025-07-26,P006,Cotton T-Shirt,2,25.00
ORD-004804,2025-07-26,P014,Scented Candle,3,14.40
ORD-004805,2025-07-26,P001,Ceramic Mug,1,12.00
ORD-004805,2025-07-26,P016,Desk Lamp,2,44.10
ORD-004806,2025-07-26,P009,Leather Wallet,1,45.00
ORD-004807,2025-07-26,P001,Ceramic Mug,1,12.00
ORD-004807,2025-07-26,P003,Linen Tote Bag,2,18.00
ORD-004808,2025-07-26,P003,Linen Tote Bag,2,19.80
ORD-004809,2025-07-26,P007,Denim Jacket,1,89.00
ORD-004810,2025-07-26,P001,Ceramic Mug,1,12.00
ORD-004810,2025-07-26,P031,Framed Print,1,57.60
ORD-004811,2025-07-26,P011,Bamboo Cutting Board,2,32.00
ORD-004812,2025-07-26,P002,Travel Tumbler,4,24.00
ORD-004813,2025-07-26,P001,Ceramic Mug,2,12.00
ORD-004814,2025-07-26,P003,Linen Tote Bag,3,18.00
ORD-004814,2025-07-26,P007,Denim Jacket,1,89.00
ORD-004814,2025-07-26,P009,Leather Wallet,1,45.00
ORD-004815,2025-07-26,P002,Travel Tumbler,1,24.00
ORD-004815,2025-07-26,P012,Chef Knife,3,74.00
ORD-004816,2025-07-26,P001,Ceramic Mug,1,13.20
ORD-004816,2025-07-26,P002,Travel Tumbler,1,21.60
ORD-004817,2025-07-26,P004,Canvas Backpack,4,53.10
ORD-004818,2025-07-26,P011,Bamboo Cutting Board,4,32.00
ORD-004819,2025-07-26,P001,Ceramic Mug,2,12.00
ORD-004819,2025-07-26,P005,Wool Beanie,2,22.00
ORD-004819,2025-07-26,P027,Coffee Beans 1kg,1,25.20
ORD-004820,2025-07-27,P002,Travel Tumbler,1,24.00
ORD-004821,2025-07-27,P001,Ceramic Mug,4,12.00
ORD-004822,2025-07-27,P002,Travel Tumbler,1,24.00
ORD-004822,2025-07-27,P012,Chef Knife,1,74.00
ORD-004822,2025-07-27,P023,Bluetooth Speaker,2,69.00
ORD-004823,2025-07-27,P028,Olive Oil 500ml,1,21.00
ORD-004824,2025-07-27,P001,Ceramic Mug,1,12.00
ORD-004824,2025-07-27,P016,Desk Lamp,2,49.00
ORD-004825,2025-07-27,P001,Ceramic Mug,3,12.00
ORD-004826,2025-07-27,P008,Running Socks,1,11.00
ORD-004827,2025-07-27,P003,Linen Tote Bag,1,18.00
ORD-004828,2025-07-27,P007,Denim Jacket,1,89.00
ORD-004829,2025-07-27,P001,Ceramic Mug,2,12.00
ORD-004829,2025-07-27,P003,Linen Tote Bag,3,19.80
ORD-004830,2025-07-27,P011,Bamboo Cutting Board,1,32.00
ORD-004831,2025-07-27,P023,Bluetooth Speaker,1,69.00
ORD-004832,2025-07-27,P018,Fountain Pen,1,38.00
ORD-004833,2025-07-27,P001,Ceramic Mug,1,13.20
ORD-004834,2025-07-27,P032,Throw Pillow,2,27.00
ORD-004835,2025-07-27,P003,Linen Tote Bag,3,18.00
ORD-004836,2025-07-27,P020,Laptop Stand,1,37.80
ORD-004837,2025-07-27,P001,Ceramic Mug,2,12.00
ORD-004837,2025-07-27,P002,Travel Tumbler,1,21.60
ORD-004838,2025-07-27,P007,Denim Jacket,3,89.00
ORD-004839,2025-07-27,P002,Travel Tumbler,1,24.00
ORD-004840,2025-07-27,P001,Ceramic Mug,1,12.00
ORD-004840,2025-07-27,P004,Canvas Backpack,5,59.00
ORD-004840,2025-07-27,P005,Wool Beanie,1,22.00
ORD-004841,2025-07-27,P001,Ceramic Mug,1,12.00
ORD-004842,2025-07-27,P001,Ceramic Mug,1,12.00
ORD-004843,2025-07-27,P016,Desk Lamp,2,49.00
ORD-004844,2025-07-27,P001,Ceramic Mug,4,12.00
ORD-004845,2025-07-27,P002,Travel Tumbler,1,26.40
ORD-004845,2025-07-27,P006,Cotton T-Shirt,1,25.00
ORD-004846,2025-07-27,P001,Ceramic Mug,2,12.00
ORD-004846,2025-07-27,P002,Travel Tumbler,1,24.00
ORD-004846,2025-07-27,P003,Linen Tote Bag,1,18.00
ORD-004847,2025-07-27,P007,Denim Jacket,1,97.90
ORD-004848,2025-07-28,P035,Umbrella,2,23.40
ORD-004849,2025-07-28,P001,Ceramic Mug,3,10.80
ORD-004850,2025-07-28,P014,Scented Candle,4,16.00
ORD-004851,2025-07-28,P001,Ceramic Mug,5,12.00
ORD-004851,2025-07-28,P002,Travel Tumbler,1,24.00
ORD-004851,2025-07-28,P014,Scented Candle,2,16.00
ORD-004852,2025-07-28,P017,Notebook A5,2,9.00
ORD-004853,2025-07-28,P003,Linen Tote Bag,1,16.20
ORD-004853,2025-07-28,P006,Cotton T-Shirt,1,25.00
ORD-004853,2025-07-28,P030,Wall Calendar,1,11.70
ORD-004854,2025-07-28,P005,Wool Beanie,1,22.00
ORD-004855,2025-07-28,P001,Ceramic Mug,2,12.00
ORD-004856,2025-07-28,P001,Ceramic Mug,1,12.00
ORD-004856,2025-07-28,P002,Travel Tumbler,1,24.00
ORD-004857,2025-07-28,P002,Travel Tumbler,1,24.00
ORD-004857,2025-07-28,P027,Coffee Beans 1kg,2,28.00
ORD-004858,2025-07-28,P001,Ceramic Mug,1,13.20
ORD-004859,2025-07-28,P006,Cotton T-Shirt,1,22.50
ORD-004860,2025-07-28,P002,Travel Tumbler,1,24.00
ORD-004860,2025-07-28,P004,Canvas Backpack,3,59.00
ORD-004860,2025-07-28,P006,Cotton T-Shirt,1,25.00
ORD-004861,2025-07-28,P001,Ceramic Mug,3,12.00
ORD-004861,2025-07-28,P002,Travel Tumbler,1,24.00
ORD-004862,2025-07-28,P004,Canvas Backpack,1,59.00
ORD-004863,2025-07-28,P007,Denim Jacket,1,97.90
ORD-004864,2025-07-28,P008,Running Socks,1,12.10
ORD-004865,2025-07-28,P001,Ceramic Mug,1,12.00
ORD-004865,2025-07-28,P004,Canvas Backpack,1,59.00
ORD-004865,2025-07-28,P006,Cotton T-Shirt,1,25.00
ORD-004865,2025-07-28,P035,Umbrella,1,26.00
ORD-004866,2025-07-28,P002,Travel Tumbler,1,24.00
ORD-004867,2025-07-29,P002,Travel Tumbler,1,26.40
ORD-004867,2025-07-29,P006,Cotton T-Shirt,1,25.00
ORD-004868,2025-07-29,P001,Ceramic Mug,1,13.20
ORD-004868,2025-07-29,P030,Wall Calendar,1,13.00
ORD-004869,2025-07-29,P005,Wool Beanie,3,24.20
ORD-004870,2025-07-29,P001,Ceramic Mug,1,12.00
ORD-004871,2025-07-29,P001,Ceramic Mug,4,12.00
ORD-004872,2025-07-29,P016,Desk Lamp,2,49.00
ORD-004873,2025-07-29,P001,Ceramic Mug,4,13.20
ORD-004874,2025-07-29,P001,Ceramic Mug,1,12.00
ORD-004875,2025-07-29,P007,Denim Jacket,2,89.00
ORD-004876,2025-07-29,P004,Canvas Backpack,1,59.00
ORD-004877,2025-07-29,P001,Ceramic Mug,1,12.00
ORD-004878,2025-07-29,P002,Travel Tumbler,2,24.00
ORD-004879,2025-07-29,P003,Linen Tote Bag,2,18.00
ORD-004880,2025-07-29,P023,Bluetooth Speaker,1,69.00
ORD-004881,2025-07-29,P001,Ceramic Mug,1,12.00
ORD-004882,2025-07-29,P014,Scented Candle,2,14.40
ORD-004883,2025-07-29,P007,Denim Jacket,2,80.10
ORD-004884,2025-07-29,P007,Denim Jacket,2,89.00
ORD-004885,2025-07-29,P008,Running Socks,1,11.00
ORD-004886,2025-07-29,P015,Soy Wax Candle Set,2,34.00
ORD-004887,2025-07-30,P001,Ceramic Mug,3,12.00
ORD-004888,2025-07-30,P027,Coffee Beans 1kg,1,28.00
ORD-004889,2025-07-30,P003,Linen Tote Bag,1,18.00
ORD-004890,2025-07-30,P002,Travel Tumbler,3,26.40
ORD-004891,2025-07-30,P001,Ceramic Mug,1,12.00
ORD-004892,2025-07-30,P001,Ceramic Mug,1,12.00
ORD-004893,2025-07-30,P003,Linen Tote Bag,2,16.20
ORD-004893,2025-07-30,P007,Denim Jacket,3,80.10
ORD-004894,2025-07-30,P023,Bluetooth Speaker,2,69.00
ORD-004895,2025-07-30,P022,Phone Case,4,15.00
ORD-004896,2025-07-30,P001,Ceramic Mug,1,12.00
ORD-004896,2025-07-30,P010,Steel Water Bottle,1,22.00
ORD-004896,2025-07-30,P036,Gift Card Holder,2,6.30
ORD-004897,2025-07-30,P001,Ceramic Mug,2,10.80
ORD-004898,2025-07-30,P001,Ceramic Mug,4,13.20
ORD-004898,2025-07-30,P013,Cast Iron Pan,4,56.00
ORD-004898,2025-07-30,P018,Fountain Pen,2,38.00
ORD-004899,2025-07-31,P001,Ceramic Mug,1,13.20
ORD-004899,2025-07-31,P003,Linen Tote Bag,1,18.00
ORD-004899,2025-07-31,P004,Canvas Backpack,1,59.00
ORD-004899,2025-07-31,P005,Wool Beanie,3,22.00
ORD-004900,2025-07-31,P013,Cast Iron Pan,2,56.00
ORD-004901,2025-07-31,P001,Ceramic Mug,1,13.20
ORD-004901,2025-07-31,P008,Running Socks,2,12.10
ORD-004901,2025-07-31,P009,Leather Wallet,3,45.00
ORD-004902,2025-07-31,P001,Ceramic Mug,1,12.00
ORD-004902,2025-07-31,P002,Travel Tumbler,3,21.60
ORD-004903,2025-07-31,P005,Wool Beanie,1,22.00
ORD-004904,2025-07-31,P003,Linen Tote Bag,3,18.00
ORD-004905,2025-07-31,P001,Ceramic Mug,1,12.00
ORD-004905,2025-07-31,P007,Denim Jacket,1,89.00
ORD-004906,2025-07-31,P009,Leather Wallet,1,45.00
ORD-004907,2025-07-31,P001,Ceramic Mug,2,13.20
ORD-004908,2025-07-31,P001,Ceramic Mug,1,10.80
ORD-004908,2025-07-31,P009,Leather Wallet,1,45.00
ORD-004909,2025-07-31,P001,Ceramic Mug,2,12.00
ORD-004910,2025-07-31,P002,Travel Tumbler,1,26.40
ORD-004911,2025-07-31,P001,Ceramic Mug,1,10.80
ORD-004912,2025-07-31,P015,Soy Wax Candle Set,2,34.00
ORD-004913,2025-07-31,P015,Soy Wax Candle Set,1,34.00
ORD-004914,2025-07-31,P013,Cast Iron Pan,1,56.00
ORD-004915,2025-07-31,P001,Ceramic Mug,1,12.00
ORD-004916,2025-07-31,P003,Linen Tote Bag,1,18.00
ORD-004917,2025-07-31,P001,Ceramic Mug,1,12.00
ORD-004918,2025-08-01,P009,Leather Wallet,1,45.00
ORD-004919,2025-08-01,P001,Ceramic Mug,1,12.00
ORD-004920,2025-08-01,P001,Ceramic Mug,2,12.00
ORD-004921,2025-08-01,P028,Olive Oil 500ml,1,21.00
ORD-004922,2025-08-01,P008,Running Socks,1,11.00
ORD-004923,2025-08-01,P001,Ceramic Mug,3,12.00
ORD-004923,2025-08-01,P006,Cotton T-Shirt,1,27.50
ORD-004924,2025-08-01,P008,Running Socks,2,11.00
ORD-004925,2025-08-01,P001,Ceramic Mug,1,10.80
ORD-004926,2025-08-01,P003,Linen Tote Bag,3,18.00
ORD-004927,2025-08-01,P001,Ceramic Mug,1,12.00
ORD-004927,2025-08-01,P020,Laptop Stand,1,37.80
ORD-004927,2025-08-01,P029,Hot Sauce Trio,2,20.70
ORD-004928,2025-08-01,P001,Ceramic Mug,2,12.00
ORD-004929,2025-08-01,P004,Canvas Backpack,2,59.00
ORD-004930,2025-08-01,P025,Resistance Bands,1,15.40
ORD-004931,2025-08-01,P016,Desk Lamp,3,49.00
ORD-004932,2025-08-01,P001,Ceramic Mug,1,12.00
ORD-004933,2025-08-01,P006,Cotton T-Shirt,1,27.50
ORD-004934,2025-08-01,P004,Canvas Backpack,1,59.00
ORD-004935,2025-08-01,P002,Travel Tumbler,1,24.00
ORD-004935,2025-08-01,P007,Denim Jacket,1,89.00
ORD-004936,2025-08-01,P001,Ceramic Mug,1,12.00
ORD-004937,2025-08-01,P007,Denim Jacket,1,80.10
ORD-004938,2025-08-01,P001,Ceramic Mug,1,12.00
ORD-004939,2025-08-01,P004,Canvas Backpack,1,59.00
ORD-004940,2025-08-01,P001,Ceramic Mug,1,12.00
ORD-004941,2025-08-01,P014,Scented Candle,2,16.00
ORD-004941,2025-08-01,P020,Laptop Stand,2,42.00
ORD-004941,2025-08-01,P025,Resistance Bands,1,15.40
ORD-004942,2025-08-01,P001,Ceramic Mug,1,12.00
ORD-004943,2025-08-01,P026,Herbal Tea Sampler,2,20.90
ORD-004944,2025-08-01,P019,Wireless Mouse,1,29.00
ORD-004945,2025-08-01,P004,Canvas Backpack,2,59.00
ORD-004945,2025-08-01,P030,Wall Calendar,1,14.30
ORD-004946,2025-08-01,P002,Travel Tumbler,2,24.00
ORD-004947,2025-08-02,P019,Wireless Mouse,1,26.10
ORD-004948,2025-08-02,P003,Linen Tote Bag,1,18.00
ORD-004949,2025-08-02,P001,Ceramic Mug,2,13.20
ORD-004950,2025-08-02,P009,Leather Wallet,1,45.00
ORD-004951,2025-08-02,P008,Running Socks,1,11.00
ORD-004951,2025-08-02,P019,Wireless Mouse,1,29.00
ORD-004952,2025-08-02,P009,Leather Wallet,1,49.50
ORD-004953,2025-08-02,P001,Ceramic Mug,2,12.00
ORD-004954,2025-08-02,P002,Travel Tumbler,2,26.40
ORD-004955,2025-08-02,P001,Ceramic Mug,1,12.00
ORD-004956,2025-08-02,P001,Ceramic Mug,2,13.20
ORD-004956,2025-08-02,P002,Travel Tumbler,5,26.40
ORD-004957,2025-08-02,P001,Ceramic Mug,1,12.00
ORD-004958,2025-08-02,P003,Linen Tote Bag,2,18.00
ORD-004959,2025-08-02,P002,Travel Tumbler,1,24.00
ORD-004960,2025-08-02,P001,Ceramic Mug,1,12.00
ORD-004961,2025-08-02,P007,Denim Jacket,1,97.90
ORD-004962,2025-08-02,P004,Canvas Backpack,3,53.10
ORD-004963,2025-08-02,P020,Laptop Stand,1,42.00
ORD-004964,2025-08-02,P013,Cast Iron Pan,1,56.00
ORD-004965,2025-08-02,P031,Framed Print,5,70.40
ORD-004966,2025-08-02,P002,Travel Tumbler,1,21.60
ORD-004967,2025-08-02,P014,Scented Candle,1,17.60
ORD-004968,2025-08-02,P007,Denim Jacket,1,89.00
ORD-004969,2025-08-02,P001,Ceramic Mug,2,12.00
ORD-004970,2025-08-02,P002,Travel Tumbler,2,24.00
ORD-004971,2025-08-03,P006,Cotton T-Shirt,1,25.00
ORD-004972,2025-08-03,P002,Travel Tumbler,1,24.00
ORD-004973,2025-08-03,P004,Canvas Backpack,1,53.10
ORD-004974,2025-08-03,P018,Fountain Pen,1,38.00
ORD-004974,2025-08-03,P033,Wool Blanket,1,79.00
ORD-004975,2025-08-03,P009,Leather Wallet,1,49.50
ORD-004975,2025-08-03,P011,Bamboo Cutting Board,2,32.00
ORD-004975,2025-08-03,P024,Yoga Mat,1,32.40
ORD-004976,2025-08-03,P001,Ceramic Mug,1,13.20
ORD-004976,2025-08-03,P002,Travel Tumbler,1,24.00
ORD-004977,2025-08-03,P004,Canvas Backpack,1,59.00
ORD-004978,2025-08-03,P009,Leather Wallet,1,40.50
ORD-004978,2025-08-03,P013,Cast Iron Pan,4,56.00
ORD-004978,2025-08-03,P020,Laptop Stand,1,42.00
ORD-004979,2025-08-03,P001,Ceramic Mug,2,12.00
ORD-004979,2025-08-03,P004,Canvas Backpack,1,59.00
ORD-004979,2025-08-03,P009,Leather Wallet,2,49.50
ORD-004980,2025-08-03,P001,Ceramic Mug,2,12.00
ORD-004980,2025-08-03,P005,Wool Beanie,2,22.00
ORD-004980,2025-08-03,P008,Running Socks,1,11.00
ORD-004980,2025-08-03,P020,Laptop Stand,1,42.00
ORD-004981,2025-08-03,P001,Ceramic Mug,2,12.00
ORD-004981,2025-08-03,P002,Travel Tumbler,1,24.00
ORD-004982,2025-08-03,P010,Steel Water Bottle,2,20.00
ORD-004983,2025-08-03,P003,Linen Tote Bag,5,19.80
ORD-004984,2025-08-03,P001,Ceramic Mug,3,12.00
ORD-004985,2025-08-03,P001,Ceramic Mug,2,12.00
ORD-004985,2025-08-03,P002,Travel Tumbler,3,26.40
ORD-004985,2025-08-03,P003,Linen Tote Bag,2,18.00
ORD-004986,2025-08-03,P001,Ceramic Mug,2,13.20
ORD-004986,2025-08-03,P004,Canvas Backpack,1,64.90
ORD-004987,2025-08-03,P002,Travel Tumbler,1,26.40
ORD-004988,2025-08-03,P028,Olive Oil 500ml,1,21.00
ORD-004989,2025-08-03,P028,Olive Oil 500ml,2,18.90
ORD-004990,2025-08-03,P004,Canvas Backpack,2,59.00
ORD-004990,2025-08-03,P005,Wool Beanie,2,22.00
ORD-004991,2025-08-03,P001,Ceramic Mug,3,12.00
ORD-004992,2025-08-03,P001,Ceramic Mug,3,12.00
ORD-004992,2025-08-03,P002,Travel Tumbler,1,21.60
ORD-004992,2025-08-03,P005,Wool Beanie,1,22.00
ORD-004992,2025-08-03,P021,USB-C Cable,1,10.00
ORD-004993,2025-08-03,P001,Ceramic Mug,1,13.20
ORD-004994,2025-08-03,P004,Canvas Backpack,2,59.00
ORD-004995,2025-08-03,P001,Ceramic Mug,2,12.00
ORD-004995,2025-08-03,P004,Canvas Backpack,1,64.90
ORD-004995,2025-08-03,P008,Running Socks,1,11.00
ORD-004995,2025-08-03,P020,Laptop Stand,1,42.00
ORD-004996,2025-08-03,P007,Denim Jacket,2,80.10
ORD-004997,2025-08-03,P002,Travel Tumbler,1,21.60
ORD-004998,2025-08-03,P009,Leather Wallet,1,49.50
ORD-004999,2025-08-03,P006,Cotton T-Shirt,4,25.00
ORD-004999,2025-08-03,P017,Notebook A5,1,9.00
ORD-005000,2025-08-03,P006,Cotton T-Shirt,2,25.00
ORD-005001,2025-08-03,P001,Ceramic Mug,1,12.00
ORD-005002,2025-08-03,P001,Ceramic Mug,1,13.20
ORD-005003,2025-08-03,P001,Ceramic Mug,1,12.00
ORD-005004,2025-08-03,P001,Ceramic Mug,1,12.00
ORD-005004,2025-08-03,P002,Travel Tumbler,2,24.00
ORD-005004,2025-08-03,P014,Scented Candle,1,14.40
ORD-005005,2025-08-03,P007,Denim Jacket,2,80.10
ORD-005006,2025-08-03,P003,Linen Tote Bag,1,16.20
ORD-005007,2025-08-03,P012,Chef Knife,3,81.40
ORD-005008,2025-08-03,P002,Travel Tumbler,3,24.00
ORD-005009,2025-08-03,P001,Ceramic Mug,1,12.00
ORD-005010,2025-08-03,P008,Running Socks,1,11.00
ORD-005011,2025-08-03,P001,Ceramic Mug,1,12.00
ORD-005011,2025-08-03,P002,Travel Tumbler,1,21.60
ORD-005011,2025-08-03,P006,Cotton T-Shirt,3,27.50
ORD-005012,2025-08-04,P001,Ceramic Mug,1,12.00
ORD-005012,2025-08-04,P003,Linen Tote Bag,1,16.20
ORD-005012,2025-08-04,P004,Canvas Backpack,2,59.00
ORD-005012,2025-08-04,P010,Steel Water Bottle,1,20.00
ORD-005013,2025-08-04,P003,Linen Tote Bag,1,18.00
ORD-005014,2025-08-04,P001,Ceramic Mug,1,12.00
ORD-005015,2025-08-04,P007,Denim Jacket,2,80.10
ORD-005016,2025-08-04,P013,Cast Iron Pan,1,56.00
ORD-005017,2025-08-04,P005,Wool Beanie,3,22.00
ORD-005018,2025-08-04,P001,Ceramic Mug,2,12.00
ORD-005019,2025-08-04,P003,Linen Tote Bag,1,16.20
ORD-005020,2025-08-04,P006,Cotton T-Shirt,5,22.50
ORD-005020,2025-08-04,P027,Coffee Beans 1kg,1,28.00
ORD-005021,2025-08-04,P001,Ceramic Mug,1,12.00
ORD-005021,2025-08-04,P004,Canvas Backpack,1,53.10
ORD-005021,2025-08-04,P016,Desk Lamp,2,49.00
ORD-005022,2025-08-04,P001,Ceramic Mug,4,10.80
ORD-005023,2025-08-04,P001,Ceramic Mug,1,12.00
ORD-005023,2025-08-04,P010,Steel Water Bottle,3,22.00
ORD-005024,2025-08-04,P001,Ceramic Mug,2,12.00
ORD-005024,2025-08-04,P002,Travel Tumbler,1,24.00
ORD-005024,2025-08-04,P007,Denim Jacket,2,89.00
ORD-005024,2025-08-04,P030,Wall Calendar,2,11.70
ORD-005025,2025-08-04,P001,Ceramic Mug,1,12.00
ORD-005025,2025-08-04,P002,Travel Tumbler,4,24.00
ORD-005026,2025-08-04,P007,Denim Jacket,2,89.00
ORD-005027,2025-08-04,P004,Canvas Backpack,1,59.00
ORD-005028,2025-08-04,P001,Ceramic Mug,1,12.00
ORD-005029,2025-08-04,P001,Ceramic Mug,5,12.00
ORD-005030,2025-08-04,P002,Travel Tumbler,4,24.00
ORD-005030,2025-08-04,P024,Yoga Mat,1,36.00
ORD-005031,2025-08-04,P001,Ceramic Mug,1,12.00
ORD-005031,2025-08-04,P004,Canvas Backpack,1,64.90
ORD-005032,2025-08-04,P001,Ceramic Mug,2,13.20
ORD-005033,2025-08-04,P001,Ceramic Mug,1,12.00
ORD-005033,2025-08-04,P002,Travel Tumbler,1,24.00
ORD-005034,2025-08-04,P001,Ceramic Mug,1,10.80
ORD-005034,2025-08-04,P011,Bamboo Cutting Board,1,32.00
ORD-005035,2025-08-04,P010,Steel Water Bottle,2,20.00
ORD-005035,2025-08-04,P019,Wireless Mouse,1,29.00
ORD-005036,2025-08-04,P002,Travel Tumbler,1,21.60
ORD-005037,2025-08-04,P002,Travel Tumbler,1,26.40
ORD-005037,2025-08-04,P014,Scented Candle,1,16.00
ORD-005038,2025-08-04,P001,Ceramic Mug,5,12.00
ORD-005039,2025-08-04,P001,Ceramic Mug,3,12.00
ORD-005039,2025-08-04,P004,Canvas Backpack,1,59.00
ORD-005040,2025-08-04,P014,Scented Candle,1,17.60
ORD-005041,2025-08-04,P002,Travel Tumbler,1,21.60
ORD-005041,2025-08-04,P003,Linen Tote Bag,1,18.00
ORD-005042,2025-08-04,P004,Canvas Backpack,3,64.90
ORD-005043,2025-08-04,P008,Running Socks,1,11.00
ORD-005044,2025-08-04,P001,Ceramic Mug,2,10.80
ORD-005044,2025-08-04,P002,Travel Tumbler,1,26.40
ORD-005045,2025-08-04,P008,Running Socks,1,11.00
ORD-005046,2025-08-05,P006,Cotton T-Shirt,1,25.00
ORD-005047,2025-08-05,P007,Denim Jacket,2,97.90
ORD-005048,2025-08-05,P001,Ceramic Mug,1,13.20
ORD-005048,2025-08-05,P005,Wool Beanie,1,22.00
ORD-005048,2025-08-05,P006,Cotton T-Shirt,1,25.00
ORD-005049,2025-08-05,P011,Bamboo Cutting Board,3,32.00
ORD-005050,2025-08-05,P001,Ceramic Mug,1,10.80
ORD-005051,2025-08-05,P001,Ceramic Mug,1,12.00
ORD-005051,2025-08-05,P032,Throw Pillow,1,27.00
ORD-005052,2025-08-05,P004,Canvas Backpack,1,59.00
ORD-005053,2025-08-05,P001,Ceramic Mug,2,10.80
ORD-005053,2025-08-05,P009,Leather Wallet,1,49.50
ORD-005054,2025-08-05,P005,Wool Beanie,2,22.00
ORD-005055,2025-08-05,P002,Travel Tumbler,1,24.00
ORD-005056,2025-08-05,P002,Travel Tumbler,1,24.00
ORD-005056,2025-08-05,P008,Running Socks,1,11.00
ORD-005057,2025-08-05,P003,Linen Tote Bag,1,18.00
ORD-005058,2025-08-05,P005,Wool Beanie,1,22.00
ORD-005058,2025-08-05,P018,Fountain Pen,2,38.00
ORD-005059,2025-08-05,P001,Ceramic Mug,3,12.00
ORD-005060,2025-08-05,P015,Soy Wax Candle Set,2,37.40
ORD-005061,2025-08-05,P001,Ceramic Mug,1,12.00
ORD-005062,2025-08-05,P001,Ceramic Mug,1,10.80
ORD-005062,2025-08-05,P002,Travel Tumbler,1,26.40
ORD-005062,2025-08-05,P008,Running Socks,1,9.90
ORD-005063,2025-08-05,P003,Linen Tote Bag,2,16.20
ORD-005064,2025-08-05,P003,Linen Tote Bag,1,18.00
ORD-005064,2025-08-05,P005,Wool Beanie,4,22.00
ORD-005065,2025-08-06,P001,Ceramic Mug,2,10.80
ORD-005066,2025-08-06,P001,Ceramic Mug,2,12.00
ORD-005067,2025-08-06,P001,Ceramic Mug,2,12.00
ORD-005067,2025-08-06,P022,Phone Case,2,15.00
ORD-005068,2025-08-06,P001,Ceramic Mug,1,12.00
ORD-005068,2025-08-06,P002,Travel Tumbler,1,26.40
ORD-005069,2025-08-06,P006,Cotton T-Shirt,1,22.50
ORD-005070,2025-08-06,P001,Ceramic Mug,1,12.00
ORD-005071,2025-08-06,P013,Cast Iron Pan,1,56.00
ORD-005072,2025-08-06,P004,Canvas Backpack,1,64.90
ORD-005073,2025-08-06,P001,Ceramic Mug,1,12.00
ORD-005074,2025-08-06,P003,Linen Tote Bag,1,18.00
ORD-005075,2025-08-06,P002,Travel Tumbler,1,21.60
ORD-005076,2025-08-06,P027,Coffee Beans 1kg,2,28.00
ORD-005077,2025-08-06,P001,Ceramic Mug,1,12.00
ORD-005078,2025-08-06,P001,Ceramic Mug,2,12.00
ORD-005079,2025-08-06,P005,Wool Beanie,1,22.00
ORD-005080,2025-08-06,P018,Fountain Pen,1,38.00
ORD-005081,2025-08-06,P013,Cast Iron Pan,4,56.00
ORD-005082,2025-08-06,P025,Resistance Bands,4,14.00
ORD-005083,2025-08-06,P007,Denim Jacket,1,89.00
ORD-005083,2025-08-06,P019,Wireless Mouse,2,29.00
ORD-005084,2025-08-06,P001,Ceramic Mug,1,12.00
ORD-005084,2025-08-06,P004,Canvas Backpack,1,59.00
ORD-005084,2025-08-06,P015,Soy Wax Candle Set,1,34.00
ORD-005084,2025-08-06,P025,Resistance Bands,3,14.00
ORD-005085,2025-08-07,P001,Ceramic Mug,1,13.20
ORD-005085,2025-08-07,P032,Throw Pillow,1,27.00
ORD-005086,2025-08-07,P002,Travel Tumbler,2,26.40
ORD-005087,2025-08-07,P002,Travel Tumbler,1,24.00
ORD-005087,2025-08-07,P003,Linen Tote Bag,5,18.00
ORD-005087,2025-08-07,P009,Leather Wallet,2,45.00
ORD-005087,2025-08-07,P033,Wool Blanket,1,71.10
ORD-005088,2025-08-07,P003,Linen Tote Bag,1,18.00
ORD-005089,2025-08-07,P001,Ceramic Mug,1,12.00
ORD-005089,2025-08-07,P002,Travel Tumbler,2,21.60
ORD-005089,2025-08-07,P004,Canvas Backpack,2,59.00
ORD-005090,2025-08-07,P035,Umbrella,4,26.00
ORD-005091,2025-08-07,P004,Canvas Backpack,1,53.10
ORD-005092,2025-08-07,P005,Wool Beanie,1,19.80
ORD-005093,2025-08-07,P004,Canvas Backpack,1,59.00
ORD-005093,2025-08-07,P027,Coffee Beans 1kg,1,28.00
ORD-005094,2025-08-07,P001,Ceramic Mug,1,12.00
ORD-005095,2025-08-07,P001,Ceramic Mug,1,13.20
ORD-005095,2025-08-07,P002,Travel Tumbler,1,21.60
ORD-005096,2025-08-07,P004,Canvas Backpack,3,59.00
ORD-005097,2025-08-07,P001,Ceramic Mug,1,12.00
ORD-005097,2025-08-07,P002,Travel Tumbler,3,21.60
ORD-005098,2025-08-07,P003,Linen Tote Bag,1,16.20
ORD-005098,2025-08-07,P004,Canvas Backpack,2,64.90
ORD-005098,2025-08-07,P006,Cotton T-Shirt,5,25.00
ORD-005098,2025-08-07,P008,Running Socks,1,11.00
ORD-005099,2025-08-07,P001,Ceramic Mug,1,13.20
ORD-005099,2025-08-07,P013,Cast Iron Pan,3,56.00
ORD-005099,2025-08-07,P033,Wool Blanket,2,79.00
ORD-005099,2025-08-07,P034,Sunglasses,4,46.00
ORD-005100,2025-08-07,P001,Ceramic Mug,5,12.00
ORD-005101,2025-08-07,P003,Linen Tote Bag,2,18.00
ORD-005102,2025-08-07,P001,Ceramic Mug,4,12.00
ORD-005103,2025-08-07,P018,Fountain Pen,1,38.00
ORD-005104,2025-08-07,P002,Travel Tumbler,1,24.00
ORD-005104,2025-08-07,P032,Throw Pillow,1,27.00
ORD-005105,2025-08-07,P001,Ceramic Mug,2,12.00
ORD-005105,2025-08-07,P011,Bamboo Cutting Board,1,35.20
ORD-005105,2025-08-07,P019,Wireless Mouse,1,29.00
ORD-005106,2025-08-07,P021,USB-C Cable,1,10.00
ORD-005107,2025-08-08,P003,Linen Tote Bag,1,16.20
ORD-005108,2025-08-08,P020,Laptop Stand,1,42.00
ORD-005109,2025-08-08,P001,Ceramic Mug,2,12.00
ORD-005109,2025-08-08,P003,Linen Tote Bag,1,18.00
ORD-005109,2025-08-08,P013,Cast Iron Pan,2,50.40
ORD-005110,2025-08-08,P003,Linen Tote Bag,1,18.00
ORD-005111,2025-08-08,P001,Ceramic Mug,2,12.00
ORD-005111,2025-08-08,P009,Leather Wallet,2,49.50
ORD-005112,2025-08-08,P001,Ceramic Mug,3,12.00
ORD-005113,2025-08-08,P004,Canvas Backpack,1,53.10
ORD-005114,2025-08-08,P002,Travel Tumbler,1,26.40
ORD-005114,2025-08-08,P003,Linen Tote Bag,1,18.00
ORD-005115,2025-08-08,P009,Leather Wallet,1,45.00
ORD-005116,2025-08-08,P001,Ceramic Mug,5,12.00
ORD-005116,2025-08-08,P002,Travel Tumbler,1,26.40
ORD-005117,2025-08-08,P004,Canvas Backpack,1,53.10
ORD-005117,2025-08-08,P016,Desk Lamp,2,44.10
ORD-005118,2025-08-08,P001,Ceramic Mug,1,12.00
ORD-005118,2025-08-08,P003,Linen Tote Bag,1,18.00
ORD-005119,2025-08-08,P001,Ceramic Mug,1,12.00
ORD-005120,2025-08-08,P033,Wool Blanket,1,71.10
ORD-005121,2025-08-08,P003,Linen Tote Bag,3,19.80
ORD-005122,2025-08-08,P001,Ceramic Mug,1,12.00
ORD-005123,2025-08-08,P036,Gift Card Holder,1,7.00
ORD-005124,2025-08-09,P001,Ceramic Mug,1,12.00
ORD-005125,2025-08-09,P001,Ceramic Mug,1,12.00
ORD-005125,2025-08-09,P007,Denim Jacket,1,89.00
ORD-005126,2025-08-09,P003,Linen Tote Bag,2,18.00
ORD-005127,2025-08-09,P003,Linen Tote Bag,2,18.00
ORD-005128,2025-08-09,P024,Yoga Mat,1,36.00
ORD-005129,2025-08-09,P003,Linen Tote Bag,1,19.80
ORD-005129,2025-08-09,P006,Cotton T-Shirt,3,27.50
ORD-005129,2025-08-09,P008,Running Socks,1,11.00
ORD-005130,2025-08-09,P001,Ceramic Mug,1,12.00
ORD-005130,2025-08-09,P002,Travel Tumbler,1,21.60
ORD-005131,2025-08-09,P019,Wireless Mouse,1,29.00
ORD-005132,2025-08-09,P001,Ceramic Mug,2,12.00
ORD-005132,2025-08-09,P010,Steel Water Bottle,1,20.00
ORD-005133,2025-08-09,P002,Travel Tumbler,1,26.40
ORD-005133,2025-08-09,P025,Resistance Bands,1,14.00
ORD-005134,2025-08-09,P005,Wool Beanie,1,22.00
ORD-005135,2025-08-09,P001,Ceramic Mug,1,12.00
ORD-005136,2025-08-09,P003,Linen Tote Bag,2,18.00
ORD-005137,2025-08-09,P008,Running Socks,1,11.00
ORD-005137,2025-08-09,P028,Olive Oil 500ml,2,23.10
ORD-005138,2025-08-09,P022,Phone Case,1,13.50
ORD-005139,2025-08-09,P001,Ceramic Mug,3,13.20
ORD-005139,2025-08-09,P004,Canvas Backpack,4,59.00
ORD-005139,2025-08-09,P011,Bamboo Cutting Board,1,35.20
ORD-005140,2025-08-09,P004,Canvas Backpack,1,59.00
ORD-005141,2025-08-09,P005,Wool Beanie,1,24.20
ORD-005141,2025-08-09,P006,Cotton T-Shirt,1,22.50
ORD-005142,2025-08-09,P008,Running Socks,2,11.00
ORD-005143,2025-08-09,P005,Wool Beanie,1,22.00
ORD-005144,2025-08-09,P015,Soy Wax Candle Set,1,34.00
ORD-005145,2025-08-09,P001,Ceramic Mug,1,12.00
ORD-005145,2025-08-09,P003,Linen Tote Bag,5,16.20
ORD-005146,2025-08-09,P002,Travel Tumbler,2,24.00
ORD-005147,2025-08-09,P028,Olive Oil 500ml,1,23.10
ORD-005148,2025-08-10,P015,Soy Wax Candle Set,1,34.00
ORD-005149,2025-08-10,P006,Cotton T-Shirt,1,25.00
ORD-005150,2025-08-10,P004,Canvas Backpack,2,53.10
ORD-005151,2025-08-10,P005,Wool Beanie,1,24.20
ORD-005152,2025-08-10,P002,Travel Tumbler,1,26.40
ORD-005153,2025-08-10,P002,Travel Tumbler,1,24.00
ORD-005154,2025-08-10,P001,Ceramic Mug,1,12.00
ORD-005155,2025-08-10,P003,Linen Tote Bag,1,18.00
ORD-005156,2025-08-10,P001,Ceramic Mug,1,12.00
ORD-005156,2025-08-10,P004,Canvas Backpack,3,59.00
ORD-005157,2025-08-10,P001,Ceramic Mug,1,12.00
ORD-005158,2025-08-10,P001,Ceramic Mug,1,12.00
ORD-005159,2025-08-10,P003,Linen Tote Bag,2,18.00
ORD-005160,2025-08-10,P001,Ceramic Mug,1,12.00
ORD-005160,2025-08-10,P002,Travel Tumbler,1,24.00
ORD-005161,2025-08-10,P012,Chef Knife,2,74.00
ORD-005162,2025-08-10,P002,Travel Tumbler,2,24.00
ORD-005162,2025-08-10,P006,Cotton T-Shirt,1,25.00
ORD-005163,2025-08-10,P018,Fountain Pen,3,38.00
ORD-005164,2025-08-10,P001,Ceramic Mug,1,10.80
ORD-005165,2025-08-10,P006,Cotton T-Shirt,1,22.50
ORD-005166,2025-08-10,P004,Canvas Backpack,1,53.10
ORD-005167,2025-08-10,P001,Ceramic Mug,1,12.00
ORD-005168,2025-08-11,P001,Ceramic Mug,1,12.00
ORD-005168,2025-08-11,P006,Cotton T-Shirt,1,25.00
ORD-005169,2025-08-11,P003,Linen Tote Bag,1,18.00
ORD-005169,2025-08-11,P007,Denim Jacket,1,89.00
ORD-005170,2025-08-11,P015,Soy Wax Candle Set,1,34.00
ORD-005171,2025-08-11,P003,Linen Tote Bag,3,18.00
ORD-005172,2025-08-11,P005,Wool Beanie,2,24.20
ORD-005173,2025-08-11,P001,Ceramic Mug,1,10.80
ORD-005174,2025-08-11,P009,Leather Wallet,1,40.50
ORD-005175,2025-08-11,P001,Ceramic Mug,4,12.00
ORD-005176,2025-08-11,P002,Travel Tumbler,1,24.00
ORD-005177,2025-08-11,P001,Ceramic Mug,2,13.20
ORD-005177,2025-08-11,P007,Denim Jacket,1,89.00
ORD-005178,2025-08-11,P009,Leather Wallet,1,45.00
ORD-005179,2025-08-11,P001,Ceramic Mug,1,12.00
ORD-005179,2025-08-11,P015,Soy Wax Candle Set,1,34.00
ORD-005180,2025-08-11,P001,Ceramic Mug,3,12.00
ORD-005180,2025-08-11,P020,Laptop Stand,1,42.00
ORD-005180,2025-08-11,P030,Wall Calendar,2,14.30
ORD-005181,2025-08-11,P002,Travel Tumbler,2,24.00
ORD-005182,2025-08-11,P031,Framed Print,1,64.00
ORD-005183,2025-08-11,P005,Wool Beanie,4,22.00
ORD-005183,2025-08-11,P008,Running Socks,2,9.90
ORD-005184,2025-08-11,P006,Cotton T-Shirt,3,25.00
ORD-005185,2025-08-11,P028,Olive Oil 500ml,5,21.00
ORD-005186,2025-08-12,P003,Linen Tote Bag,4,18.00
ORD-005187,2025-08-12,P002,Travel Tumbler,1,24.00
ORD-005187,2025-08-12,P008,Running Socks,1,11.00
ORD-005188,2025-08-12,P002,Travel Tumbler,3,24.00
ORD-005188,2025-08-12,P004,Canvas Backpack,5,59.00
ORD-005189,2025-08-12,P026,Herbal Tea Sampler,2,20.90
ORD-005190,2025-08-12,P001,Ceramic Mug,2,12.00
ORD-005190,2025-08-12,P003,Linen Tote Bag,1,18.00
ORD-005191,2025-08-12,P017,Notebook A5,1,9.00
ORD-005192,2025-08-12,P001,Ceramic Mug,1,10.80
ORD-005192,2025-08-12,P027,Coffee Beans 1kg,1,28.00
ORD-005193,2025-08-12,P001,Ceramic Mug,1,13.20
ORD-005194,2025-08-12,P022,Phone Case,1,15.00
ORD-005195,2025-08-12,P001,Ceramic Mug,1,13.20
ORD-005195,2025-08-12,P011,Bamboo Cutting Board,1,32.00
ORD-005196,2025-08-12,P001,Ceramic Mug,1,13.20
ORD-005196,2025-08-12,P002,Travel Tumbler,1,24.00
ORD-005196,2025-08-12,P006,Cotton T-Shirt,1,22.50
ORD-005197,2025-08-12,P034,Sunglasses,3,46.00
ORD-005198,2025-08-12,P007,Denim Jacket,3,89.00
ORD-005199,2025-08-12,P003,Linen Tote Bag,1,18.00
ORD-005199,2025-08-12,P007,Denim Jacket,1,89.00
ORD-005199,2025-08-12,P015,Soy Wax Candle Set,4,37.40
ORD-005200,2025-08-12,P004,Canvas Backpack,1,59.00
ORD-005200,2025-08-12,P005,Wool Beanie,1,22.00
ORD-005201,2025-08-12,P020,Laptop Stand,3,46.20
ORD-005202,2025-08-12,P001,Ceramic Mug,2,13.20
ORD-005202,2025-08-12,P002,Travel Tumbler,2,24.00
ORD-005203,2025-08-12,P001,Ceramic Mug,1,12.00
ORD-005204,2025-08-12,P001,Ceramic Mug,1,12.00
ORD-005205,2025-08-12,P002,Travel Tumbler,1,24.00
ORD-005206,2025-08-12,P001,Ceramic Mug,2,10.80
ORD-005206,2025-08-12,P008,Running Socks,1,11.00
ORD-005207,2025-08-12,P003,Linen Tote Bag,1,16.20
ORD-005208,2025-08-12,P001,Ceramic Mug,1,10.80
ORD-005208,2025-08-12,P002,Travel Tumbler,1,24.00
ORD-005208,2025-08-12,P003,Linen Tote Bag,1,16.20
ORD-005208,2025-08-12,P012,Chef Knife,2,81.40
ORD-005209,2025-08-13,P029,Hot Sauce Trio,1,23.00
ORD-005210,2025-08-13,P001,Ceramic Mug,1,12.00
ORD-005210,2025-08-13,P004,Canvas Backpack,1,59.00
ORD-005210,2025-08-13,P017,Notebook A5,3,9.00
ORD-005211,2025-08-13,P001,Ceramic Mug,1,12.00
ORD-005212,2025-08-13,P004,Canvas Backpack,1,59.00
ORD-005213,2025-08-13,P001,Ceramic Mug,2,12.00
ORD-005213,2025-08-13,P012,Chef Knife,5,66.60
ORD-005214,2025-08-13,P003,Linen Tote Bag,1,18.00
ORD-005215,2025-08-13,P001,Ceramic Mug,3,12.00
ORD-005216,2025-08-13,P005,Wool Beanie,1,24.20
ORD-005217,2025-08-13,P001,Ceramic Mug,3,12.00
ORD-005218,2025-08-13,P019,Wireless Mouse,5,26.10
ORD-005219,2025-08-13,P011,Bamboo Cutting Board,2,32.00
ORD-005220,2025-08-13,P002,Travel Tumbler,2,24.00
ORD-005221,2025-08-13,P013,Cast Iron Pan,2,50.40
ORD-005222,2025-08-14,P021,USB-C Cable,1,9.00
ORD-005223,2025-08-14,P004,Canvas Backpack,2,59.00
ORD-005223,2025-08-14,P025,Resistance Bands,1,14.00
ORD-005224,2025-08-14,P001,Ceramic Mug,1,12.00
ORD-005225,2025-08-14,P004,Canvas Backpack,1,59.00
ORD-005226,2025-08-14,P002,Travel Tumbler,1,24.00
ORD-005226,2025-08-14,P004,Canvas Backpack,2,59.00
ORD-005227,2025-08-14,P002,Travel Tumbler,4,24.00
ORD-005228,2025-08-14,P001,Ceramic Mug,1,12.00
ORD-005229,2025-08-14,P018,Fountain Pen,1,38.00
ORD-005230,2025-08-14,P003,Linen Tote Bag,1,19.80
ORD-005231,2025-08-14,P001,Ceramic Mug,1,13.20
ORD-005231,2025-08-14,P002,Travel Tumbler,2,24.00
ORD-005231,2025-08-14,P005,Wool Beanie,3,22.00
ORD-005232,2025-08-14,P001,Ceramic Mug,1,12.00
ORD-005233,2025-08-14,P001,Ceramic Mug,2,12.00
ORD-005233,2025-08-14,P017,Notebook A5,1,9.00
ORD-005233,2025-08-14,P024,Yoga Mat,5,36.00
ORD-005234,2025-08-14,P001,Ceramic Mug,2,12.00
ORD-005235,2025-08-14,P018,Fountain Pen,1,38.00
ORD-005236,2025-08-14,P020,Laptop Stand,1,46.20
ORD-005237,2025-08-14,P003,Linen Tote Bag,1,18.00
ORD-005237,2025-08-14,P014,Scented Candle,5,17.60
ORD-005238,2025-08-14,P001,Ceramic Mug,2,13.20
ORD-005239,2025-08-14,P002,Travel Tumbler,4,24.00
ORD-005240,2025-08-14,P001,Ceramic Mug,1,13.20
ORD-005241,2025-08-14,P001,Ceramic Mug,2,13.20
ORD-005242,2025-08-14,P002,Travel Tumbler,1,26.40
ORD-005242,2025-08-14,P004,Canvas Backpack,3,59.00
ORD-005242,2025-08-14,P009,Leather Wallet,5,45.00
ORD-005243,2025-08-14,P001,Ceramic Mug,1,13.20
ORD-005244,2025-08-14,P004,Canvas Backpack,1,53.10
ORD-005245,2025-08-14,P001,Ceramic Mug,1,12.00
ORD-005245,2025-08-14,P005,Wool Beanie,1,22.00
ORD-005245,2025-08-14,P008,Running Socks,1,11.00
ORD-005246,2025-08-14,P015,Soy Wax Candle Set,1,34.00
ORD-005247,2025-08-14,P031,Framed Print,1,70.40
ORD-005248,2025-08-14,P011,Bamboo Cutting Board,1,35.20
ORD-005249,2025-08-15,P001,Ceramic Mug,1,12.00
ORD-005249,2025-08-15,P002,Travel Tumbler,3,24.00
ORD-005250,2025-08-15,P002,Travel Tumbler,2,24.00
ORD-005251,2025-08-15,P001,Ceramic Mug,4,13.20
ORD-005252,2025-08-15,P008,Running Socks,1,11.00
ORD-005253,2025-08-15,P001,Ceramic Mug,5,12.00
ORD-005254,2025-08-15,P004,Canvas Backpack,1,64.90
ORD-005254,2025-08-15,P023,Bluetooth Speaker,1,69.00
ORD-005255,2025-08-15,P004,Canvas Backpack,2,64.90
ORD-005256,2025-08-15,P002,Travel Tumbler,1,24.00
ORD-005257,2025-08-15,P002,Travel Tumbler,1,24.00
ORD-005258,2025-08-15,P003,Linen Tote Bag,3,18.00
ORD-005259,2025-08-15,P001,Ceramic Mug,1,12.00
ORD-005260,2025-08-15,P031,Framed Print,1,64.00
ORD-005261,2025-08-15,P013,Cast Iron Pan,5,50.40
ORD-005262,2025-08-15,P019,Wireless Mouse,2,29.00
ORD-005263,2025-08-15,P011,Bamboo Cutting Board,3,32.00
ORD-005264,2025-08-15,P001,Ceramic Mug,3,13.20
ORD-005264,2025-08-15,P004,Canvas Backpack,1,53.10
ORD-005264,2025-08-15,P009,Leather Wallet,1,49.50
ORD-005265,2025-08-15,P002,Travel Tumbler,3,21.60
ORD-005265,2025-08-15,P009,Leather Wallet,3,45.00
ORD-005265,2025-08-15,P010,Steel Water Bottle,2,18.00
ORD-005266,2025-08-15,P013,Cast Iron Pan,1,56.00
ORD-005267,2025-08-15,P002,Travel Tumbler,2,24.00
ORD-005268,2025-08-15,P001,Ceramic Mug,1,10.80
ORD-005269,2025-08-15,P007,Denim Jacket,1,89.00
ORD-005270,2025-08-15,P006,Cotton T-Shirt,5,25.00
ORD-005271,2025-08-15,P014,Scented Candle,3,16.00
ORD-005272,2025-08-15,P001,Ceramic Mug,1,12.00
ORD-005272,2025-08-15,P002,Travel Tumbler,1,24.00
ORD-005272,2025-08-15,P005,Wool Beanie,1,22.00
ORD-005273,2025-08-15,P006,Cotton T-Shirt,2,25.00
ORD-005274,2025-08-16,P001,Ceramic Mug,5,12.00
ORD-005275,2025-08-16,P004,Canvas Backpack,1,59.00
ORD-005276,2025-08-16,P001,Ceramic Mug,1,13.20
ORD-005276,2025-08-16,P011,Bamboo Cutting Board,2,32.00
ORD-005277,2025-08-16,P014,Scented Candle,1,16.00
ORD-005278,2025-08-16,P027,Coffee Beans 1kg,2,30.80
ORD-005279,2025-08-16,P001,Ceramic Mug,1,13.20
ORD-005280,2025-08-16,P001,Ceramic Mug,1,12.00
ORD-005281,2025-08-16,P001,Ceramic Mug,2,13.20
ORD-005281,2025-08-16,P003,Linen Tote Bag,5,18.00
ORD-005282,2025-08-16,P003,Linen Tote Bag,1,16.20
ORD-005283,2025-08-16,P002,Travel Tumbler,1,24.00
ORD-005283,2025-08-16,P007,Denim Jacket,4,89.00
ORD-005284,2025-08-16,P001,Ceramic Mug,1,12.00
ORD-005284,2025-08-16,P002,Travel Tumbler,2,24.00
ORD-005285,2025-08-16,P004,Canvas Backpack,1,59.00
ORD-005286,2025-08-16,P001,Ceramic Mug,1,12.00
ORD-005286,2025-08-16,P011,Bamboo Cutting Board,1,32.00
ORD-005286,2025-08-16,P025,Resistance Bands,1,14.00
ORD-005287,2025-08-16,P007,Denim Jacket,1,80.10
ORD-005288,2025-08-16,P001,Ceramic Mug,2,12.00
ORD-005288,2025-08-16,P002,Travel Tumbler,1,24.00
ORD-005289,2025-08-16,P002,Travel Tumbler,4,24.00
ORD-005289,2025-08-16,P018,Fountain Pen,1,38.00
ORD-005289,2025-08-16,P022,Phone Case,1,13.50
ORD-005290,2025-08-16,P001,Ceramic Mug,1,12.00
ORD-005291,2025-08-16,P002,Travel Tumbler,4,21.60
ORD-005291,2025-08-16,P005,Wool Beanie,2,19.80
ORD-005291,2025-08-16,P024,Yoga Mat,1,32.40
ORD-005292,2025-08-16,P004,Canvas Backpack,3,53.10
ORD-005293,2025-08-16,P001,Ceramic Mug,2,12.00
ORD-005293,2025-08-16,P006,Cotton T-Shirt,1,25.00
ORD-005294,2025-08-16,P002,Travel Tumbler,1,21.60
ORD-005294,2025-08-16,P006,Cotton T-Shirt,1,27.50
ORD-005295,2025-08-16,P002,Travel Tumbler,2,24.00
ORD-005295,2025-08-16,P008,Running Socks,1,11.00
ORD-005295,2025-08-16,P033,Wool Blanket,1,86.90
ORD-005296,2025-08-16,P001,Ceramic Mug,1,12.00
ORD-005296,2025-08-16,P009,Leather Wallet,2,45.00
ORD-005297,2025-08-16,P004,Canvas Backpack,1,64.90
ORD-005298,2025-08-16,P001,Ceramic Mug,5,12.00
ORD-005299,2025-08-16,P003,Linen Tote Bag,1,18.00
ORD-005300,2025-08-16,P003,Linen Tote Bag,1,19.80
ORD-005300,2025-08-16,P034,Sunglasses,1,50.60
ORD-005301,2025-08-16,P007,Denim Jacket,1,89.00
ORD-005302,2025-08-16,P003,Linen Tote Bag,2,16.20
ORD-005303,2025-08-16,P003,Linen Tote Bag,3,16.20
ORD-005304,2025-08-16,P006,Cotton T-Shirt,1,25.00
ORD-005305,2025-08-16,P001,Ceramic Mug,1,12.00
ORD-005306,2025-08-16,P018,Fountain Pen,3,41.80
ORD-005307,2025-08-16,P001,Ceramic Mug,1,13.20
ORD-005308,2025-08-16,P025,Resistance Bands,3,14.00
ORD-005309,2025-08-16,P002,Travel Tumbler,2,24.00
ORD-005310,2025-08-16,P005,Wool Beanie,1,19.80
ORD-005311,2025-08-16,P001,Ceramic Mug,3,12.00
ORD-005311,2025-08-16,P009,Leather Wallet,2,40.50
ORD-005312,2025-08-17,P002,Travel Tumbler,2,24.00
ORD-005312,2025-08-17,P006,Cotton T-Shirt,1,27.50
ORD-005312,2025-08-17,P022,Phone Case,1,15.00
ORD-005313,2025-08-17,P004,Canvas Backpack,2,59.00
ORD-005314,2025-08-17,P002,Travel Tumbler,1,21.60
ORD-005315,2025-08-17,P002,Travel Tumbler,1,24.00
ORD-005315,2025-08-17,P004,Canvas Backpack,3,59.00
ORD-005315,2025-08-17,P006,Cotton T-Shirt,1,25.00
ORD-005316,2025-08-17,P001,Ceramic Mug,1,13.20
ORD-005316,2025-08-17,P012,Chef Knife,2,74.00
ORD-005317,2025-08-17,P004,Canvas Backpack,1,59.00
ORD-005318,2025-08-17,P001,Ceramic Mug,1,12.00
ORD-005318,2025-08-17,P002,Travel Tumbler,1,24.00
ORD-005318,2025-08-17,P003,Linen Tote Bag,4,18.00
ORD-005319,2025-08-17,P001,Ceramic Mug,2,12.00
ORD-005320,2025-08-17,P007,Denim Jacket,1,89.00
ORD-005321,2025-08-17,P002,Travel Tumbler,1,24.00
ORD-005321,2025-08-17,P007,Denim Jacket,1,89.00
ORD-005321,2025-08-17,P022,Phone Case,1,15.00
ORD-005322,2025-08-17,P006,Cotton T-Shirt,1,25.00
ORD-005322,2025-08-17,P018,Fountain Pen,1,34.20
ORD-005323,2025-08-17,P001,Ceramic Mug,1,12.00
ORD-005323,2025-08-17,P002,Travel Tumbler,1,24.00
ORD-005324,2025-08-17,P001,Ceramic Mug,4,13.20
ORD-005325,2025-08-17,P006,Cotton T-Shirt,3,25.00
ORD-005326,2025-08-17,P001,Ceramic Mug,3,13.20
ORD-005326,2025-08-17,P004,Canvas Backpack,3,59.00
ORD-005326,2025-08-17,P012,Chef Knife,2,81.40
ORD-005327,2025-08-17,P002,Travel Tumbler,1,24.00
ORD-005328,2025-08-17,P001,Ceramic Mug,3,12.00
ORD-005329,2025-08-17,P003,Linen Tote Bag,1,18.00
ORD-005330,2025-08-17,P001,Ceramic Mug,1,12.00
ORD-005330,2025-08-17,P002,Travel Tumbler,1,24.00
ORD-005331,2025-08-17,P001,Ceramic Mug,1,13.20
ORD-005332,2025-08-17,P007,Denim Jacket,2,89.00
ORD-005333,2025-08-17,P006,Cotton T-Shirt,1,25.00
ORD-005333,2025-08-17,P010,Steel Water Bottle,1,20.00
ORD-005334,2025-08-17,P001,Ceramic Mug,2,12.00
ORD-005335,2025-08-17,P012,Chef Knife,3,81.40
ORD-005336,2025-08-17,P001,Ceramic Mug,1,12.00
ORD-005337,2025-08-17,P005,Wool Beanie,1,22.00
ORD-005337,2025-08-17,P027,Coffee Beans 1kg,1,28.00
ORD-005338,2025-08-17,P015,Soy Wax Candle Set,2,34.00
ORD-005338,2025-08-17,P018,Fountain Pen,1,38.00
ORD-005339,2025-08-17,P021,USB-C Cable,1,9.00
ORD-005340,2025-08-17,P004,Canvas Backpack,1,59.00
ORD-005341,2025-08-17,P001,Ceramic Mug,1,12.00
ORD-005342,2025-08-17,P026,Herbal Tea Sampler,1,19.00
ORD-005343,2025-08-17,P001,Ceramic Mug,1,12.00
ORD-005344,2025-08-17,P001,Ceramic Mug,4,12.00
ORD-005345,2025-08-17,P001,Ceramic Mug,1,10.80
ORD-005346,2025-08-17,P003,Linen Tote Bag,1,16.20
ORD-005347,2025-08-17,P001,Ceramic Mug,1,13.20
ORD-005348,2025-08-17,P001,Ceramic Mug,1,12.00
ORD-005349,2025-08-18,P005,Wool Beanie,1,22.00
ORD-005350,2025-08-18,P019,Wireless Mouse,3,31.90
ORD-005351,2025-08-18,P001,Ceramic Mug,1,12.00
ORD-005351,2025-08-18,P009,Leather Wallet,3,45.00
ORD-005351,2025-08-18,P011,Bamboo Cutting Board,4,32.00
ORD-005352,2025-08-18,P007,Denim Jacket,1,80.10
ORD-005353,2025-08-18,P002,Travel Tumbler,2,24.00
ORD-005354,2025-08-18,P001,Ceramic Mug,1,12.00
ORD-005355,2025-08-18,P003,Linen Tote Bag,1,18.00
ORD-005356,2025-08-18,P005,Wool Beanie,1,22.00
ORD-005357,2025-08-18,P012,Chef Knife,5,74.00
ORD-005358,2025-08-18,P004,Canvas Backpack,2,59.00
ORD-005359,2025-08-18,P001,Ceramic Mug,1,12.00
ORD-005360,2025-08-18,P004,Canvas Backpack,1,53.10
ORD-005360,2025-08-18,P011,Bamboo Cutting Board,1,32.00
ORD-005361,2025-08-18,P001,Ceramic Mug,1,12.00
ORD-005362,2025-08-18,P019,Wireless Mouse,1,29.00
ORD-005363,2025-08-18,P005,Wool Beanie,3,22.00
ORD-005363,2025-08-18,P009,Leather Wallet,1,45.00
ORD-005364,2025-08-18,P003,Linen Tote Bag,1,19.80
ORD-005365,2025-08-18,P001,Ceramic Mug,1,12.00
ORD-005365,2025-08-18,P014,Scented Candle,3,16.00
ORD-005366,2025-08-18,P001,Ceramic Mug,1,12.00
ORD-005366,2025-08-18,P007,Denim Jacket,1,89.00
ORD-005367,2025-08-18,P001,Ceramic Mug,5,12.00
ORD-005368,2025-08-18,P015,Soy Wax Candle Set,1,30.60
ORD-005369,2025-08-18,P006,Cotton T-Shirt,1,22.50
ORD-005369,2025-08-18,P012,Chef Knife,1,74.00
ORD-005370,2025-08-18,P001,Ceramic Mug,1,12.00
ORD-005371,2025-08-18,P001,Ceramic Mug,2,12.00
ORD-005371,2025-08-18,P004,Canvas Backpack,1,59.00
ORD-005371,2025-08-18,P005,Wool Beanie,1,22.00
ORD-005372,2025-08-18,P002,Travel Tumbler,4,24.00
ORD-005372,2025-08-18,P007,Denim Jacket,3,97.90
ORD-005373,2025-08-18,P018,Fountain Pen,3,38.00
ORD-005374,2025-08-19,P004,Canvas Backpack,1,53.10
ORD-005375,2025-08-19,P014,Scented Candle,1,16.00
ORD-005376,2025-08-19,P013,Cast Iron Pan,3,56.00
ORD-005377,2025-08-19,P008,Running Socks,1,11.00
ORD-005378,2025-08-19,P001,Ceramic Mug,1,12.00
ORD-005378,2025-08-19,P030,Wall Calendar,4,13.00
ORD-005379,2025-08-19,P002,Travel Tumbler,3,24.00
ORD-005380,2025-08-19,P007,Denim Jacket,2,89.00
ORD-005381,2025-08-19,P004,Canvas Backpack,1,59.00
ORD-005381,2025-08-19,P010,Steel Water Bottle,5,20.00
ORD-005381,2025-08-19,P012,Chef Knife,1,74.00
ORD-005382,2025-08-19,P001,Ceramic Mug,1,12.00
ORD-005382,2025-08-19,P007,Denim Jacket,1,80.10
ORD-005383,2025-08-19,P003,Linen Tote Bag,1,19.80
ORD-005384,2025-08-19,P003,Linen Tote Bag,2,18.00
ORD-005385,2025-08-19,P006,Cotton T-Shirt,4,22.50
ORD-005386,2025-08-19,P003,Linen Tote Bag,2,18.00
ORD-005387,2025-08-19,P001,Ceramic Mug,2,13.20
ORD-005388,2025-08-19,P008,Running Socks,3,11.00
ORD-005389,2025-08-19,P002,Travel Tumbler,2,21.60
ORD-005390,2025-08-19,P001,Ceramic Mug,1,12.00
ORD-005390,2025-08-19,P003,Linen Tote Bag,1,18.00
ORD-005391,2025-08-19,P001,Ceramic Mug,1,12.00
ORD-005392,2025-08-19,P001,Ceramic Mug,1,13.20
ORD-005393,2025-08-19,P003,Linen Tote Bag,1,19.80
ORD-005394,2025-08-19,P001,Ceramic Mug,1,12.00
ORD-005395,2025-08-19,P001,Ceramic Mug,2,10.80
ORD-005395,2025-08-19,P003,Linen Tote Bag,1,18.00
ORD-005396,2025-08-20,P001,Ceramic Mug,1,10.80
ORD-005396,2025-08-20,P003,Linen Tote Bag,1,18.00
ORD-005397,2025-08-20,P004,Canvas Backpack,1,64.90
ORD-005398,2025-08-20,P035,Umbrella,1,28.60
ORD-005399,2025-08-20,P008,Running Socks,1,11.00
ORD-005400,2025-08-20,P001,Ceramic Mug,1,12.00
ORD-005401,2025-08-20,P001,Ceramic Mug,1,12.00
ORD-005401,2025-08-20,P011,Bamboo Cutting Board,1,32.00
ORD-005401,2025-08-20,P018,Fountain Pen,1,38.00
ORD-005402,2025-08-20,P035,Umbrella,2,23.40
ORD-005403,2025-08-20,P002,Travel Tumbler,1,24.00
ORD-005404,2025-08-20,P002,Travel Tumbler,1,24.00
ORD-005404,2025-08-20,P022,Phone Case,1,13.50
ORD-005405,2025-08-20,P002,Travel Tumbler,1,26.40
ORD-005406,2025-08-20,P002,Travel Tumbler,2,24.00
ORD-005406,2025-08-20,P003,Linen Tote Bag,1,18.00
ORD-005406,2025-08-20,P005,Wool Beanie,3,24.20
ORD-005407,2025-08-20,P001,Ceramic Mug,1,10.80
ORD-005408,2025-08-20,P002,Travel Tumbler,1,21.60
ORD-005409,2025-08-20,P004,Canvas Backpack,1,59.00
ORD-005410,2025-08-20,P001,Ceramic Mug,2,12.00
ORD-005411,2025-08-20,P009,Leather Wallet,1,45.00
ORD-005412,2025-08-20,P001,Ceramic Mug,2,12.00
ORD-005413,2025-08-20,P002,Travel Tumbler,1,24.00
ORD-005414,2025-08-20,P001,Ceramic Mug,1,13.20
ORD-005415,2025-08-20,P010,Steel Water Bottle,1,20.00
ORD-005416,2025-08-20,P002,Travel Tumbler,3,24.00
ORD-005417,2025-08-20,P006,Cotton T-Shirt,3,25.00
ORD-005418,2025-08-20,P023,Bluetooth Speaker,1,69.00
ORD-005419,2025-08-20,P003,Linen Tote Bag,1,18.00
ORD-005420,2025-08-21,P002,Travel Tumbler,1,26.40
ORD-005420,2025-08-21,P011,Bamboo Cutting Board,1,35.20
ORD-005421,2025-08-21,P001,Ceramic Mug,2,12.00
ORD-005421,2025-08-21,P003,Linen Tote Bag,1,16.20
ORD-005421,2025-08-21,P033,Wool Blanket,1,79.00
ORD-005422,2025-08-21,P009,Leather Wallet,1,49.50
ORD-005423,2025-08-21,P005,Wool Beanie,1,22.00
ORD-005424,2025-08-21,P003,Linen Tote Bag,1,18.00
ORD-005425,2025-08-21,P006,Cotton T-Shirt,3,25.00
ORD-005426,2025-08-21,P001,Ceramic Mug,1,12.00
ORD-005426,2025-08-21,P002,Travel Tumbler,1,24.00
ORD-005426,2025-08-21,P007,Denim Jacket,3,89.00
ORD-005427,2025-08-21,P001,Ceramic Mug,1,12.00
ORD-005428,2025-08-21,P001,Ceramic Mug,1,12.00
ORD-005429,2025-08-21,P003,Linen Tote Bag,1,16.20
ORD-005429,2025-08-21,P023,Bluetooth Speaker,2,69.00
ORD-005430,2025-08-21,P001,Ceramic Mug,1,12.00
ORD-005431,2025-08-21,P001,Ceramic Mug,1,12.00
ORD-005431,2025-08-21,P004,Canvas Backpack,4,64.90
ORD-005432,2025-08-21,P001,Ceramic Mug,1,13.20
ORD-005432,2025-08-21,P009,Leather Wallet,1,45.00
ORD-005433,2025-08-21,P030,Wall Calendar,4,14.30
ORD-005434,2025-08-21,P002,Travel Tumbler,1,24.00
ORD-005435,2025-08-22,P001,Ceramic Mug,1,12.00
ORD-005435,2025-08-22,P002,Travel Tumbler,2,24.00
ORD-005436,2025-08-22,P001,Ceramic Mug,2,12.00
ORD-005436,2025-08-22,P013,Cast Iron Pan,1,56.00
ORD-005437,2025-08-22,P006,Cotton T-Shirt,5,25.00
ORD-005438,2025-08-22,P001,Ceramic Mug,3,12.00
ORD-005439,2025-08-22,P001,Ceramic Mug,4,13.20
ORD-005439,2025-08-22,P002,Travel Tumbler,3,24.00
ORD-005439,2025-08-22,P032,Throw Pillow,1,27.00
ORD-005440,2025-08-22,P005,Wool Beanie,5,22.00
ORD-005441,2025-08-22,P008,Running Socks,1,11.00
ORD-005442,2025-08-22,P018,Fountain Pen,1,38.00
ORD-005443,2025-08-22,P005,Wool Beanie,4,24.20
ORD-005444,2025-08-22,P013,Cast Iron Pan,3,56.00
ORD-005445,2025-08-22,P001,Ceramic Mug,4,13.20
ORD-005446,2025-08-22,P006,Cotton T-Shirt,1,25.00
ORD-005447,2025-08-22,P001,Ceramic Mug,1,12.00
ORD-005447,2025-08-22,P002,Travel Tumbler,2,24.00
ORD-005447,2025-08-22,P010,Steel Water Bottle,3,18.00
ORD-005448,2025-08-22,P027,Coffee Beans 1kg,3,30.80
ORD-005449,2025-08-22,P002,Travel Tumbler,2,24.00
ORD-005449,2025-08-22,P019,Wireless Mouse,1,31.90
ORD-005450,2025-08-22,P002,Travel Tumbler,1,26.40
ORD-005451,2025-08-22,P003,Linen Tote Bag,1,18.00
ORD-005452,2025-08-22,P001,Ceramic Mug,4,13.20
ORD-005453,2025-08-22,P001,Ceramic Mug,1,12.00
ORD-005453,2025-08-22,P022,Phone Case,1,16.50
ORD-005453,2025-08-22,P032,Throw Pillow,1,27.00
ORD-005454,2025-08-22,P002,Travel Tumbler,1,21.60
ORD-005455,2025-08-22,P003,Linen Tote Bag,2,18.00
ORD-005455,2025-08-22,P014,Scented Candle,1,16.00
ORD-005456,2025-08-22,P006,Cotton T-Shirt,2,25.00
ORD-005457,2025-08-22,P011,Bamboo Cutting Board,5,32.00
ORD-005457,2025-08-22,P014,Scented Candle,1,16.00
ORD-005458,2025-08-22,P002,Travel Tumbler,1,24.00
ORD-005458,2025-08-22,P018,Fountain Pen,1,41.80
ORD-005459,2025-08-22,P001,Ceramic Mug,1,13.20
ORD-005460,2025-08-22,P002,Travel Tumbler,1,24.00
ORD-005461,2025-08-23,P007,Denim Jacket,1,89.00
ORD-005462,2025-08-23,P002,Travel Tumbler,1,24.00
ORD-005463,2025-08-23,P001,Ceramic Mug,1,12.00
ORD-005463,2025-08-23,P030,Wall Calendar,1,13.00
ORD-005464,2025-08-23,P003,Linen Tote Bag,1,18.00
ORD-005465,2025-08-23,P001,Ceramic Mug,1,10.80
ORD-005465,2025-08-23,P004,Canvas Backpack,1,59.00
ORD-005466,2025-08-23,P001,Ceramic Mug,2,10.80
ORD-005466,2025-08-23,P003,Linen Tote Bag,1,18.00
ORD-005466,2025-08-23,P008,Running Socks,1,11.00
ORD-005467,2025-08-23,P001,Ceramic Mug,1,13.20
ORD-005467,2025-08-23,P002,Travel Tumbler,1,24.00
ORD-005467,2025-08-23,P004,Canvas Backpack,1,59.00
ORD-005467,2025-08-23,P032,Throw Pillow,1,29.70
ORD-005468,2025-08-23,P001,Ceramic Mug,2,12.00
ORD-005469,2025-08-23,P001,Ceramic Mug,1,12.00
ORD-005470,2025-08-23,P019,Wireless Mouse,1,29.00
ORD-005470,2025-08-23,P031,Framed Print,5,64.00
ORD-005471,2025-08-23,P002,Travel Tumbler,4,24.00
ORD-005472,2025-08-23,P001,Ceramic Mug,1,12.00
ORD-005473,2025-08-23,P001,Ceramic Mug,1,12.00
ORD-005474,2025-08-23,P003,Linen Tote Bag,1,18.00
ORD-005475,2025-08-23,P012,Chef Knife,3,74.00
ORD-005476,2025-08-23,P006,Cotton T-Shirt,1,25.00
ORD-005477,2025-08-23,P008,Running Socks,1,11.00
ORD-005478,2025-08-23,P002,Travel Tumbler,2,26.40
ORD-005479,2025-08-23,P006,Cotton T-Shirt,2,25.00
ORD-005479,2025-08-23,P009,Leather Wallet,1,45.00
ORD-005480,2025-08-23,P001,Ceramic Mug,1,13.20
ORD-005481,2025-08-23,P012,Chef Knife,3,74.00
ORD-005482,2025-08-23,P001,Ceramic Mug,1,13.20
ORD-005482,2025-08-23,P002,Travel Tumbler,1,24.00
ORD-005482,2025-08-23,P005,Wool Beanie,3,22.00
ORD-005482,2025-08-23,P007,Denim Jacket,1,89.00
ORD-005483,2025-08-23,P034,Sunglasses,1,46.00
ORD-005484,2025-08-23,P001,Ceramic Mug,3,12.00
ORD-005485,2025-08-24,P005,Wool Beanie,3,22.00
ORD-005486,2025-08-24,P001,Ceramic Mug,2,12.00
ORD-005486,2025-08-24,P004,Canvas Backpack,2,53.10
ORD-005486,2025-08-24,P008,Running Socks,1,11.00
ORD-005486,2025-08-24,P011,Bamboo Cutting Board,1,28.80
ORD-005487,2025-08-24,P018,Fountain Pen,3,38.00
ORD-005487,2025-08-24,P024,Yoga Mat,1,36.00
ORD-005488,2025-08-24,P001,Ceramic Mug,3,13.20
ORD-005489,2025-08-24,P001,Ceramic Mug,5,12.00
ORD-005490,2025-08-24,P002,Travel Tumbler,1,24.00
ORD-005491,2025-08-24,P001,Ceramic Mug,1,12.00
ORD-005491,2025-08-24,P006,Cotton T-Shirt,1,27.50
ORD-005492,2025-08-24,P001,Ceramic Mug,2,12.00
ORD-005493,2025-08-24,P001,Ceramic Mug,3,12.00
ORD-005493,2025-08-24,P013,Cast Iron Pan,1,56.00
ORD-005494,2025-08-24,P009,Leather Wallet,1,45.00
ORD-005495,2025-08-24,P017,Notebook A5,1,9.00
ORD-005496,2025-08-24,P007,Denim Jacket,1,80.10
ORD-005496,2025-08-24,P014,Scented Candle,1,16.00
ORD-005497,2025-08-24,P018,Fountain Pen,4,34.20
ORD-005497,2025-08-24,P025,Resistance Bands,1,14.00
ORD-005498,2025-08-24,P006,Cotton T-Shirt,1,22.50
ORD-005499,2025-08-24,P005,Wool Beanie,2,22.00
ORD-005500,2025-08-24,P001,Ceramic Mug,1,12.00
ORD-005501,2025-08-24,P001,Ceramic Mug,1,12.00
ORD-005502,2025-08-24,P017,Notebook A5,1,8.10
ORD-005503,2025-08-24,P029,Hot Sauce Trio,2,23.00
ORD-005504,2025-08-24,P005,Wool Beanie,3,22.00
ORD-005505,2025-08-24,P001,Ceramic Mug,3,12.00
ORD-005506,2025-08-24,P001,Ceramic Mug,1,12.00
ORD-005506,2025-08-24,P010,Steel Water Bottle,1,20.00
ORD-005507,2025-08-24,P001,Ceramic Mug,1,12.00
ORD-005508,2025-08-24,P001,Ceramic Mug,1,12.00
ORD-005508,2025-08-24,P025,Resistance Bands,1,14.00
ORD-005509,2025-08-24,P003,Linen Tote Bag,2,18.00
ORD-005510,2025-08-25,P001,Ceramic Mug,1,12.00
ORD-005510,2025-08-25,P010,Steel Water Bottle,2,18.00
ORD-005511,2025-08-25,P001,Ceramic Mug,3,12.00
ORD-005512,2025-08-25,P001,Ceramic Mug,1,12.00
ORD-005513,2025-08-25,P001,Ceramic Mug,1,12.00
ORD-005513,2025-08-25,P006,Cotton T-Shirt,1,25.00
ORD-005513,2025-08-25,P022,Phone Case,1,13.50
ORD-005514,2025-08-25,P014,Scented Candle,1,17.60
ORD-005515,2025-08-25,P001,Ceramic Mug,2,10.80
ORD-005516,2025-08-25,P002,Travel Tumbler,1,21.60
ORD-005517,2025-08-25,P001,Ceramic Mug,2,12.00
ORD-005517,2025-08-25,P012,Chef Knife,1,66.60
ORD-005518,2025-08-25,P003,Linen Tote Bag,3,18.00
ORD-005519,2025-08-25,P006,Cotton T-Shirt,1,25.00
ORD-005520,2025-08-25,P001,Ceramic Mug,2,10.80
ORD-005521,2025-08-25,P003,Linen Tote Bag,2,18.00
ORD-005521,2025-08-25,P016,Desk Lamp,1,49.00
ORD-005522,2025-08-25,P031,Framed Print,2,64.00
ORD-005523,2025-08-25,P001,Ceramic Mug,4,10.80
ORD-005524,2025-08-25,P002,Travel Tumbler,2,24.00
ORD-005525,2025-08-25,P001,Ceramic Mug,2,12.00
ORD-005526,2025-08-25,P001,Ceramic Mug,1,12.00
ORD-005527,2025-08-25,P017,Notebook A5,1,9.90
ORD-005528,2025-08-25,P004,Canvas Backpack,1,53.10
ORD-005529,2025-08-25,P017,Notebook A5,4,9.00
ORD-005530,2025-08-25,P001,Ceramic Mug,1,12.00
ORD-005530,2025-08-25,P002,Travel Tumbler,1,24.00
ORD-005531,2025-08-25,P001,Ceramic Mug,3,12.00
ORD-005532,2025-08-26,P001,Ceramic Mug,1,12.00
ORD-005533,2025-08-26,P001,Ceramic Mug,1,12.00
ORD-005533,2025-08-26,P003,Linen Tote Bag,1,16.20
ORD-005534,2025-08-26,P002,Travel Tumbler,2,24.00
ORD-005535,2025-08-26,P001,Ceramic Mug,1,12.00
ORD-005535,2025-08-26,P002,Travel Tumbler,1,24.00
ORD-005536,2025-08-26,P002,Travel Tumbler,2,26.40
ORD-005536,2025-08-26,P014,Scented Candle,2,16.00
ORD-005537,2025-08-26,P001,Ceramic Mug,1,12.00
ORD-005537,2025-08-26,P021,USB-C Cable,1,10.00
ORD-005538,2025-08-26,P016,Desk Lamp,1,49.00
ORD-005539,2025-08-26,P013,Cast Iron Pan,1,56.00
ORD-005540,2025-08-26,P002,Travel Tumbler,1,21.60
ORD-005540,2025-08-26,P003,Linen Tote Bag,3,16.20
ORD-005541,2025-08-26,P001,Ceramic Mug,1,13.20
ORD-005541,2025-08-26,P003,Linen Tote Bag,1,18.00
ORD-005541,2025-08-26,P005,Wool Beanie,1,22.00
ORD-005542,2025-08-26,P005,Wool Beanie,1,24.20
ORD-005542,2025-08-26,P007,Denim Jacket,5,89.00
ORD-005543,2025-08-26,P014,Scented Candle,3,16.00
ORD-005544,2025-08-26,P001,Ceramic Mug,1,12.00
ORD-005545,2025-08-26,P001,Ceramic Mug,3,13.20
ORD-005545,2025-08-26,P020,Laptop Stand,2,42.00
ORD-005546,2025-08-26,P003,Linen Tote Bag,3,18.00
ORD-005547,2025-08-26,P005,Wool Beanie,1,19.80
ORD-005547,2025-08-26,P007,Denim Jacket,1,89.00
ORD-005548,2025-08-26,P022,Phone Case,1,15.00
ORD-005549,2025-08-26,P001,Ceramic Mug,1,12.00
ORD-005549,2025-08-26,P017,Notebook A5,1,9.00
ORD-005550,2025-08-26,P025,Resistance Bands,2,14.00
ORD-005551,2025-08-26,P003,Linen Tote Bag,2,18.00
ORD-005552,2025-08-27,P009,Leather Wallet,1,45.00
ORD-005553,2025-08-27,P033,Wool Blanket,1,79.00
ORD-005554,2025-08-27,P001,Ceramic Mug,2,12.00
ORD-005554,2025-08-27,P009,Leather Wallet,1,45.00
ORD-005555,2025-08-27,P002,Travel Tumbler,1,24.00
ORD-005555,2025-08-27,P006,Cotton T-Shirt,1,27.50
ORD-005555,2025-08-27,P025,Resistance Bands,4,15.40
ORD-005556,2025-08-27,P033,Wool Blanket,1,79.00
ORD-005557,2025-08-27,P003,Linen Tote Bag,1,18.00
ORD-005558,2025-08-27,P001,Ceramic Mug,3,10.80
ORD-005558,2025-08-27,P003,Linen Tote Bag,1,18.00
ORD-005559,2025-08-27,P006,Cotton T-Shirt,1,25.00
ORD-005559,2025-08-27,P007,Denim Jacket,1,89.00
ORD-005560,2025-08-27,P011,Bamboo Cutting Board,2,28.80
ORD-005561,2025-08-27,P005,Wool Beanie,1,22.00
ORD-005562,2025-08-28,P015,Soy Wax Candle Set,1,30.60
ORD-005563,2025-08-28,P001,Ceramic Mug,2,12.00
ORD-005563,2025-08-28,P003,Linen Tote Bag,1,16.20
ORD-005563,2025-08-28,P006,Cotton T-Shirt,1,25.00
ORD-005564,2025-08-28,P001,Ceramic Mug,1,10.80
ORD-005565,2025-08-28,P001,Ceramic Mug,3,12.00
ORD-005566,2025-08-28,P007,Denim Jacket,2,89.00
ORD-005566,2025-08-28,P029,Hot Sauce Trio,1,23.00
ORD-005567,2025-08-28,P006,Cotton T-Shirt,1,22.50
ORD-005568,2025-08-28,P002,Travel Tumbler,1,24.00
ORD-005568,2025-08-28,P003,Linen Tote Bag,1,16.20
ORD-005569,2025-08-28,P003,Linen Tote Bag,1,18.00
ORD-005570,2025-08-28,P001,Ceramic Mug,1,12.00
ORD-005570,2025-08-28,P005,Wool Beanie,3,22.00
ORD-005571,2025-08-28,P002,Travel Tumbler,2,24.00
ORD-005572,2025-08-28,P001,Ceramic Mug,1,12.00
ORD-005573,2025-08-28,P006,Cotton T-Shirt,4,22.50
ORD-005574,2025-08-28,P008,Running Socks,1,11.00
ORD-005575,2025-08-28,P001,Ceramic Mug,1,10.80
ORD-005576,2025-08-28,P006,Cotton T-Shirt,4,25.00
ORD-005577,2025-08-29,P003,Linen Tote Bag,1,18.00
ORD-005578,2025-08-29,P001,Ceramic Mug,2,10.80
ORD-005579,2025-08-29,P001,Ceramic Mug,1,13.20
ORD-005580,2025-08-29,P016,Desk Lamp,1,53.90
ORD-005581,2025-08-29,P008,Running Socks,2,11.00
ORD-005582,2025-08-29,P016,Desk Lamp,1,49.00
ORD-005583,2025-08-29,P013,Cast Iron Pan,1,56.00
ORD-005584,2025-08-29,P027,Coffee Beans 1kg,1,30.80
ORD-005585,2025-08-29,P001,Ceramic Mug,1,12.00
ORD-005586,2025-08-29,P003,Linen Tote Bag,1,18.00
ORD-005587,2025-08-29,P004,Canvas Backpack,2,59.00
ORD-005588,2025-08-29,P031,Framed Print,1,64.00
ORD-005589,2025-08-29,P001,Ceramic Mug,1,12.00
ORD-005589,2025-08-29,P002,Travel Tumbler,1,24.00
ORD-005589,2025-08-29,P006,Cotton T-Shirt,1,25.00
ORD-005589,2025-08-29,P027,Coffee Beans 1kg,1,28.00
ORD-005590,2025-08-29,P005,Wool Beanie,1,19.80
ORD-005591,2025-08-29,P002,Travel Tumbler,1,24.00
ORD-005592,2025-08-29,P001,Ceramic Mug,1,10.80
ORD-005593,2025-08-29,P005,Wool Beanie,1,22.00
ORD-005593,2025-08-29,P018,Fountain Pen,1,38.00
ORD-005594,2025-08-29,P001,Ceramic Mug,1,13.20
ORD-005595,2025-08-29,P013,Cast Iron Pan,5,56.00
ORD-005596,2025-08-29,P001,Ceramic Mug,1,12.00
ORD-005596,2025-08-29,P003,Linen Tote Bag,2,18.00
ORD-005597,2025-08-29,P004,Canvas Backpack,1,64.90
ORD-005598,2025-08-30,P006,Cotton T-Shirt,2,25.00
ORD-005599,2025-08-30,P004,Canvas Backpack,3,59.00
ORD-005600,2025-08-30,P001,Ceramic Mug,1,12.00
ORD-005600,2025-08-30,P005,Wool Beanie,3,22.00
ORD-005601,2025-08-30,P002,Travel Tumbler,2,24.00
ORD-005602,2025-08-30,P001,Ceramic Mug,3,12.00
ORD-005603,2025-08-30,P010,Steel Water Bottle,2,20.00
ORD-005603,2025-08-30,P024,Yoga Mat,1,32.40
ORD-005604,2025-08-30,P005,Wool Beanie,1,19.80
ORD-005604,2025-08-30,P006,Cotton T-Shirt,2,27.50
ORD-005604,2025-08-30,P011,Bamboo Cutting Board,1,32.00
ORD-005605,2025-08-30,P002,Travel Tumbler,3,24.00
ORD-005606,2025-08-30,P001,Ceramic Mug,1,10.80
ORD-005606,2025-08-30,P006,Cotton T-Shirt,2,25.00
ORD-005607,2025-08-30,P001,Ceramic Mug,1,12.00
ORD-005608,2025-08-30,P001,Ceramic Mug,1,12.00
ORD-005608,2025-08-30,P007,Denim Jacket,3,89.00
ORD-005609,2025-08-30,P001,Ceramic Mug,1,12.00
ORD-005610,2025-08-30,P001,Ceramic Mug,2,12.00
ORD-005611,2025-08-30,P001,Ceramic Mug,1,13.20
ORD-005611,2025-08-30,P009,Leather Wallet,1,40.50
ORD-005612,2025-08-30,P017,Notebook A5,2,9.90
ORD-005612,2025-08-30,P025,Resistance Bands,1,15.40
ORD-005613,2025-08-30,P003,Linen Tote Bag,3,18.00
ORD-005614,2025-08-30,P001,Ceramic Mug,1,10.80
ORD-005615,2025-08-30,P005,Wool Beanie,5,22.00
ORD-005616,2025-08-30,P001,Ceramic Mug,1,10.80
ORD-005617,2025-08-30,P001,Ceramic Mug,2,12.00
ORD-005618,2025-08-30,P017,Notebook A5,2,9.00
ORD-005619,2025-08-30,P001,Ceramic Mug,1,12.00
ORD-005619,2025-08-30,P004,Canvas Backpack,1,53.10
ORD-005620,2025-08-30,P003,Linen Tote Bag,5,16.20
ORD-005620,2025-08-30,P021,USB-C Cable,1,10.00
ORD-005621,2025-08-30,P003,Linen Tote Bag,3,18.00
ORD-005622,2025-08-30,P001,Ceramic Mug,1,12.00
ORD-005622,2025-08-30,P017,Notebook A5,1,9.00
ORD-005623,2025-08-30,P003,Linen Tote Bag,1,16.20
ORD-005624,2025-08-30,P001,Ceramic Mug,1,12.00
ORD-005624,2025-08-30,P015,Soy Wax Candle Set,1,34.00
ORD-005625,2025-08-30,P001,Ceramic Mug,1,12.00
ORD-005625,2025-08-30,P003,Linen Tote Bag,2,18.00
ORD-005625,2025-08-30,P012,Chef Knife,1,74.00
ORD-005625,2025-08-30,P014,Scented Candle,1,16.00
ORD-005626,2025-08-30,P032,Throw Pillow,3,27.00
ORD-005627,2025-08-30,P001,Ceramic Mug,1,12.00
ORD-005628,2025-08-30,P007,Denim Jacket,2,80.10
ORD-005629,2025-08-30,P003,Linen Tote Bag,1,18.00
ORD-005630,2025-08-31,P004,Canvas Backpack,1,59.00
ORD-005631,2025-08-31,P011,Bamboo Cutting Board,1,32.00
ORD-005631,2025-08-31,P028,Olive Oil 500ml,3,21.00
ORD-005632,2025-08-31,P001,Ceramic Mug,1,12.00
ORD-005632,2025-08-31,P004,Canvas Backpack,1,59.00
ORD-005632,2025-08-31,P017,Notebook A5,2,9.00
ORD-005633,2025-08-31,P003,Linen Tote Bag,1,18.00
ORD-005633,2025-08-31,P004,Canvas Backpack,1,59.00
ORD-005634,2025-08-31,P006,Cotton T-Shirt,1,25.00
ORD-005635,2025-08-31,P001,Ceramic Mug,1,12.00
ORD-005636,2025-08-31,P001,Ceramic Mug,2,10.80
ORD-005636,2025-08-31,P029,Hot Sauce Trio,2,23.00
ORD-005637,2025-08-31,P002,Travel Tumbler,1,24.00
ORD-005638,2025-08-31,P002,Travel Tumbler,3,24.00
ORD-005639,2025-08-31,P002,Travel Tumbler,1,24.00
ORD-005640,2025-08-31,P008,Running Socks,2,11.00
ORD-005641,2025-08-31,P002,Travel Tumbler,1,26.40
ORD-005641,2025-08-31,P003,Linen Tote Bag,1,18.00
ORD-005642,2025-08-31,P025,Resistance Bands,2,14.00
ORD-005643,2025-08-31,P002,Travel Tumbler,4,26.40
ORD-005644,2025-08-31,P001,Ceramic Mug,1,12.00
ORD-005644,2025-08-31,P004,Canvas Backpack,1,59.00
ORD-005644,2025-08-31,P011,Bamboo Cutting Board,3,32.00
ORD-005645,2025-08-31,P001,Ceramic Mug,1,12.00
ORD-005645,2025-08-31,P004,Canvas Backpack,1,64.90
ORD-005645,2025-08-31,P007,Denim Jacket,5,89.00
ORD-005646,2025-08-31,P014,Scented Candle,2,16.00
ORD-005647,2025-08-31,P001,Ceramic Mug,2,13.20
ORD-005648,2025-08-31,P003,Linen Tote Bag,4,19.80
ORD-005649,2025-08-31,P009,Leather Wallet,2,45.00
ORD-005649,2025-08-31,P011,Bamboo Cutting Board,1,28.80
ORD-005650,2025-09-01,P001,Ceramic Mug,1,12.00
ORD-005651,2025-09-01,P003,Linen Tote Bag,5,18.00
ORD-005651,2025-09-01,P012,Chef Knife,1,66.60
ORD-005651,2025-09-01,P024,Yoga Mat,3,39.60
ORD-005652,2025-09-01,P034,Sunglasses,1,46.00
ORD-005653,2025-09-01,P001,Ceramic Mug,2,10.80
ORD-005653,2025-09-01,P017,Notebook A5,1,9.00
ORD-005654,2025-09-01,P001,Ceramic Mug,1,13.20
ORD-005655,2025-09-01,P001,Ceramic Mug,3,12.00
ORD-005656,2025-09-01,P001,Ceramic Mug,1,12.00
ORD-005656,2025-09-01,P009,Leather Wallet,4,49.50
ORD-005657,2025-09-01,P001,Ceramic Mug,1,12.00
ORD-005657,2025-09-01,P020,Laptop Stand,1,42.00
ORD-005658,2025-09-01,P001,Ceramic Mug,1,12.00
ORD-005659,2025-09-01,P001,Ceramic Mug,1,12.00
ORD-005659,2025-09-01,P002,Travel Tumbler,1,24.00
ORD-005659,2025-09-01,P008,Running Socks,1,11.00
ORD-005660,2025-09-01,P019,Wireless Mouse,1,31.90
ORD-005661,2025-09-01,P001,Ceramic Mug,1,12.00
ORD-005662,2025-09-01,P002,Travel Tumbler,1,24.00
ORD-005663,2025-09-01,P001,Ceramic Mug,4,12.00
ORD-005663,2025-09-01,P002,Travel Tumbler,2,24.00
ORD-005664,2025-09-01,P019,Wireless Mouse,1,29.00
ORD-005665,2025-09-01,P036,Gift Card Holder,3,7.00
ORD-005666,2025-09-01,P001,Ceramic Mug,1,12.00
ORD-005666,2025-09-01,P003,Linen Tote Bag,1,19.80
ORD-005666,2025-09-01,P006,Cotton T-Shirt,3,22.50
ORD-005667,2025-09-01,P002,Travel Tumbler,1,24.00
ORD-005668,2025-09-01,P009,Leather Wallet,1,45.00
ORD-005669,2025-09-01,P003,Linen Tote Bag,5,18.00
ORD-005670,2025-09-01,P005,Wool Beanie,1,22.00
ORD-005671,2025-09-01,P004,Canvas Backpack,3,64.90
ORD-005672,2025-09-01,P001,Ceramic Mug,1,12.00
ORD-005673,2025-09-01,P001,Ceramic Mug,1,12.00
ORD-005673,2025-09-01,P023,Bluetooth Speaker,1,69.00
ORD-005674,2025-09-01,P002,Travel Tumbler,1,26.40
ORD-005674,2025-09-01,P005,Wool Beanie,1,24.20
ORD-005675,2025-09-01,P003,Linen Tote Bag,1,18.00
ORD-005676,2025-09-01,P012,Chef Knife,1,66.60
ORD-005677,2025-09-01,P001,Ceramic Mug,4,12.00
ORD-005677,2025-09-01,P010,Steel Water Bottle,1,20.00
ORD-005677,2025-09-01,P017,Notebook A5,2,9.00
ORD-005678,2025-09-01,P002,Travel Tumbler,2,24.00
ORD-005678,2025-09-01,P003,Linen Tote Bag,1,18.00
ORD-005678,2025-09-01,P005,Wool Beanie,1,22.00
ORD-005679,2025-09-01,P001,Ceramic Mug,3,12.00
ORD-005679,2025-09-01,P002,Travel Tumbler,1,21.60
ORD-005680,2025-09-01,P022,Phone Case,1,15.00
ORD-005681,2025-09-02,P013,Cast Iron Pan,5,56.00
ORD-005681,2025-09-02,P020,Laptop Stand,3,42.00
ORD-005682,2025-09-02,P001,Ceramic Mug,2,10.80
ORD-005683,2025-09-02,P005,Wool Beanie,1,19.80
ORD-005683,2025-09-02,P006,Cotton T-Shirt,4,25.00
ORD-005683,2025-09-02,P009,Leather Wallet,2,45.00
ORD-005684,2025-09-02,P003,Linen Tote Bag,1,18.00
ORD-005685,2025-09-02,P015,Soy Wax Candle Set,1,34.00
ORD-005686,2025-09-02,P001,Ceramic Mug,2,12.00
ORD-005687,2025-09-02,P001,Ceramic Mug,1,12.00
ORD-005687,2025-09-02,P027,Coffee Beans 1kg,1,28.00
ORD-005688,2025-09-02,P005,Wool Beanie,1,24.20
ORD-005689,2025-09-02,P002,Travel Tumbler,3,24.00
ORD-005689,2025-09-02,P006,Cotton T-Shirt,3,25.00
ORD-005690,2025-09-02,P002,Travel Tumbler,5,24.00
ORD-005691,2025-09-02,P015,Soy Wax Candle Set,3,34.00
ORD-005692,2025-09-02,P009,Leather Wallet,1,49.50
ORD-005693,2025-09-02,P001,Ceramic Mug,1,12.00
ORD-005694,2025-09-02,P016,Desk Lamp,2,53.90
ORD-005695,2025-09-02,P001,Ceramic Mug,1,10.80
ORD-005695,2025-09-02,P018,Fountain Pen,3,38.00
ORD-005696,2025-09-02,P002,Travel Tumbler,1,24.00
ORD-005697,2025-09-02,P003,Linen Tote Bag,1,18.00
ORD-005698,2025-09-02,P024,Yoga Mat,1,36.00
ORD-005699,2025-09-02,P004,Canvas Backpack,1,53.10
ORD-005699,2025-09-02,P010,Steel Water Bottle,3,20.00
ORD-005700,2025-09-03,P004,Canvas Backpack,1,64.90
ORD-005701,2025-09-03,P001,Ceramic Mug,2,12.00
ORD-005701,2025-09-03,P003,Linen Tote Bag,1,18.00
ORD-005702,2025-09-03,P005,Wool Beanie,1,22.00
ORD-005703,2025-09-03,P001,Ceramic Mug,1,12.00
ORD-005703,2025-09-03,P002,Travel Tumbler,1,24.00
ORD-005703,2025-09-03,P028,Olive Oil 500ml,1,18.90
ORD-005704,2025-09-03,P002,Travel Tumbler,3,24.00
ORD-005704,2025-09-03,P008,Running Socks,2,11.00
ORD-005705,2025-09-03,P001,Ceramic Mug,2,10.80
ORD-005705,2025-09-03,P003,Linen Tote Bag,5,18.00
ORD-005705,2025-09-03,P032,Throw Pillow,1,29.70
ORD-005706,2025-09-03,P001,Ceramic Mug,1,13.20
ORD-005707,2025-09-03,P001,Ceramic Mug,1,12.00
ORD-005708,2025-09-03,P007,Denim Jacket,1,97.90
ORD-005709,2025-09-03,P007,Denim Jacket,1,80.10
ORD-005710,2025-09-03,P036,Gift Card Holder,2,7.00
ORD-005711,2025-09-03,P010,Steel Water Bottle,1,20.00
ORD-005712,2025-09-03,P001,Ceramic Mug,1,13.20
ORD-005713,2025-09-03,P032,Throw Pillow,1,27.00
ORD-005714,2025-09-03,P001,Ceramic Mug,1,12.00
ORD-005715,2025-09-03,P022,Phone Case,2,16.50
ORD-005716,2025-09-03,P026,Herbal Tea Sampler,1,19.00
ORD-005717,2025-09-03,P003,Linen Tote Bag,2,18.00
ORD-005718,2025-09-03,P001,Ceramic Mug,1,12.00
ORD-005719,2025-09-03,P005,Wool Beanie,1,22.00
ORD-005720,2025-09-04,P014,Scented Candle,5,16.00
ORD-005721,2025-09-04,P001,Ceramic Mug,2,12.00
ORD-005722,2025-09-04,P002,Travel Tumbler,1,24.00
ORD-005723,2025-09-04,P001,Ceramic Mug,2,12.00
ORD-005724,2025-09-04,P010,Steel Water Bottle,1,20.00
ORD-005725,2025-09-04,P010,Steel Water Bottle,2,20.00
ORD-005726,2025-09-04,P008,Running Socks,1,9.90
ORD-005727,2025-09-04,P004,Canvas Backpack,1,59.00
ORD-005728,2025-09-04,P003,Linen Tote Bag,1,19.80
ORD-005729,2025-09-04,P002,Travel Tumbler,3,24.00
ORD-005730,2025-09-04,P001,Ceramic Mug,1,13.20
ORD-005730,2025-09-04,P007,Denim Jacket,1,80.10
ORD-005731,2025-09-04,P013,Cast Iron Pan,1,56.00
ORD-005732,2025-09-04,P008,Running Socks,1,11.00
ORD-005733,2025-09-04,P002,Travel Tumbler,1,24.00
ORD-005733,2025-09-04,P010,Steel Water Bottle,2,20.00
ORD-005733,2025-09-04,P024,Yoga Mat,4,39.60
ORD-005734,2025-09-04,P001,Ceramic Mug,1,10.80
ORD-005734,2025-09-04,P003,Linen Tote Bag,1,18.00
ORD-005734,2025-09-04,P007,Denim Jacket,2,89.00
ORD-005735,2025-09-04,P002,Travel Tumbler,1,24.00
ORD-005736,2025-09-04,P007,Denim Jacket,5,89.00
ORD-005736,2025-09-04,P012,Chef Knife,3,66.60
ORD-005737,2025-09-04,P015,Soy Wax Candle Set,4,37.40
ORD-005738,2025-09-04,P002,Travel Tumbler,1,24.00
ORD-005738,2025-09-04,P010,Steel Water Bottle,1,20.00
ORD-005738,2025-09-04,P034,Sunglasses,2,46.00
ORD-005739,2025-09-04,P004,Canvas Backpack,3,59.00
ORD-005740,2025-09-04,P031,Framed Print,3,70.40
ORD-005741,2025-09-04,P001,Ceramic Mug,1,13.20
ORD-005742,2025-09-04,P032,Throw Pillow,1,27.00
ORD-005743,2025-09-04,P005,Wool Beanie,1,22.00
ORD-005744,2025-09-04,P008,Running Socks,1,11.00
ORD-005745,2025-09-04,P001,Ceramic Mug,1,12.00
ORD-005746,2025-09-04,P014,Scented Candle,1,16.00
ORD-005747,2025-09-04,P002,Travel Tumbler,2,24.00
ORD-005748,2025-09-04,P019,Wireless Mouse,1,29.00
ORD-005749,2025-09-05,P004,Canvas Backpack,5,59.00
ORD-005750,2025-09-05,P009,Leather Wallet,1,45.00
ORD-005751,2025-09-05,P013,Cast Iron Pan,1,56.00
ORD-005752,2025-09-05,P001,Ceramic Mug,3,12.00
ORD-005753,2025-09-05,P003,Linen Tote Bag,1,18.00
ORD-005753,2025-09-05,P009,Leather Wallet,1,40.50
ORD-005754,2025-09-05,P001,Ceramic Mug,3,12.00
ORD-005755,2025-09-05,P002,Travel Tumbler,1,24.00
ORD-005756,2025-09-05,P001,Ceramic Mug,1,10.80
ORD-005757,2025-09-05,P004,Canvas Backpack,1,59.00
ORD-005758,2025-09-05,P001,Ceramic Mug,1,12.00
ORD-005759,2025-09-05,P031,Framed Print,3,64.00
ORD-005760,2025-09-05,P021,USB-C Cable,3,9.00
ORD-005761,2025-09-05,P003,Linen Tote Bag,1,18.00
ORD-005762,2025-09-05,P001,Ceramic Mug,1,12.00
ORD-005763,2025-09-05,P003,Linen Tote Bag,1,18.00
ORD-005763,2025-09-05,P021,USB-C Cable,1,10.00
ORD-005764,2025-09-05,P014,Scented Candle,1,16.00
ORD-005765,2025-09-05,P002,Travel Tumbler,2,24.00
ORD-005766,2025-09-05,P002,Travel Tumbler,1,21.60
ORD-005767,2025-09-05,P001,Ceramic Mug,1,10.80
ORD-005767,2025-09-05,P014,Scented Candle,2,16.00
ORD-005768,2025-09-05,P009,Leather Wallet,1,45.00
ORD-005769,2025-09-05,P001,Ceramic Mug,1,13.20
ORD-005769,2025-09-05,P025,Resistance Bands,1,15.40
ORD-005770,2025-09-05,P003,Linen Tote Bag,2,18.00
ORD-005771,2025-09-05,P005,Wool Beanie,2,22.00
ORD-005771,2025-09-05,P006,Cotton T-Shirt,4,25.00
ORD-005771,2025-09-05,P021,USB-C Cable,1,10.00
ORD-005771,2025-09-05,P031,Framed Print,1,70.40
ORD-005772,2025-09-05,P022,Phone Case,2,15.00
ORD-005773,2025-09-05,P005,Wool Beanie,1,22.00
ORD-005774,2025-09-05,P001,Ceramic Mug,2,12.00
ORD-005774,2025-09-05,P006,Cotton T-Shirt,1,25.00
ORD-005775,2025-09-05,P008,Running Socks,1,12.10
ORD-005776,2025-09-05,P001,Ceramic Mug,4,12.00
ORD-005776,2025-09-05,P012,Chef Knife,2,74.00
ORD-005777,2025-09-05,P001,Ceramic Mug,1,12.00
ORD-005778,2025-09-05,P001,Ceramic Mug,3,12.00
ORD-005779,2025-09-05,P006,Cotton T-Shirt,2,25.00
ORD-005780,2025-09-05,P005,Wool Beanie,2,22.00
ORD-005781,2025-09-06,P001,Ceramic Mug,4,12.00
ORD-005782,2025-09-06,P003,Linen Tote Bag,2,16.20
ORD-005782,2025-09-06,P005,Wool Beanie,2,24.20
ORD-005782,2025-09-06,P014,Scented Candle,1,17.60
ORD-005783,2025-09-06,P004,Canvas Backpack,1,59.00
ORD-005784,2025-09-06,P001,Ceramic Mug,1,12.00
ORD-005784,2025-09-06,P004,Canvas Backpack,2,59.00
ORD-005785,2025-09-06,P001,Ceramic Mug,1,12.00
ORD-005786,2025-09-06,P001,Ceramic Mug,1,12.00
ORD-005786,2025-09-06,P002,Travel Tumbler,1,24.00
ORD-005787,2025-09-06,P035,Umbrella,1,26.00
ORD-005788,2025-09-06,P001,Ceramic Mug,1,13.20
ORD-005789,2025-09-06,P012,Chef Knife,2,74.00
ORD-005790,2025-09-06,P002,Travel Tumbler,1,26.40
ORD-005790,2025-09-06,P024,Yoga Mat,1,36.00
ORD-005791,2025-09-06,P002,Travel Tumbler,3,21.60
ORD-005792,2025-09-06,P001,Ceramic Mug,3,12.00
ORD-005792,2025-09-06,P008,Running Socks,1,9.90
ORD-005793,2025-09-06,P001,Ceramic Mug,1,12.00
ORD-005794,2025-09-06,P001,Ceramic Mug,2,12.00
ORD-005795,2025-09-06,P002,Travel Tumbler,2,24.00
ORD-005796,2025-09-06,P021,USB-C Cable,1,9.00
ORD-005797,2025-09-06,P001,Ceramic Mug,1,10.80
ORD-005797,2025-09-06,P002,Travel Tumbler,3,24.00
ORD-005798,2025-09-06,P001,Ceramic Mug,2,12.00
ORD-005799,2025-09-06,P005,Wool Beanie,2,24.20
ORD-005799,2025-09-06,P020,Laptop Stand,1,42.00
ORD-005800,2025-09-06,P001,Ceramic Mug,1,12.00
ORD-005801,2025-09-06,P036,Gift Card Holder,1,7.00
ORD-005802,2025-09-06,P008,Running Socks,2,11.00
ORD-005803,2025-09-06,P004,Canvas Backpack,1,59.00
ORD-005804,2025-09-06,P001,Ceramic Mug,1,10.80
ORD-005805,2025-09-06,P008,Running Socks,1,11.00
ORD-005806,2025-09-06,P015,Soy Wax Candle Set,2,37.40
ORD-005807,2025-09-06,P004,Canvas Backpack,2,59.00
ORD-005807,2025-09-06,P013,Cast Iron Pan,1,61.60
ORD-005808,2025-09-06,P017,Notebook A5,1,9.00
ORD-005808,2025-09-06,P021,USB-C Cable,1,10.00
ORD-005809,2025-09-06,P001,Ceramic Mug,1,12.00
ORD-005809,2025-09-06,P002,Travel Tumbler,1,21.60
ORD-005809,2025-09-06,P003,Linen Tote Bag,4,16.20
ORD-005809,2025-09-06,P015,Soy Wax Candle Set,1,34.00
ORD-005810,2025-09-06,P018,Fountain Pen,1,38.00
ORD-005811,2025-09-06,P012,Chef Knife,2,74.00
ORD-005812,2025-09-06,P002,Travel Tumbler,1,24.00
ORD-005813,2025-09-06,P001,Ceramic Mug,3,12.00
ORD-005814,2025-09-06,P001,Ceramic Mug,1,12.00
ORD-005815,2025-09-06,P001,Ceramic Mug,2,12.00
ORD-005816,2025-09-06,P001,Ceramic Mug,1,12.00
ORD-005817,2025-09-06,P001,Ceramic Mug,1,10.80
ORD-005817,2025-09-06,P004,Canvas Backpack,1,64.90
ORD-005818,2025-09-06,P019,Wireless Mouse,1,29.00
ORD-005819,2025-09-06,P032,Throw Pillow,5,27.00
ORD-005820,2025-09-07,P005,Wool Beanie,3,19.80
ORD-005821,2025-09-07,P008,Running Socks,1,11.00
ORD-005822,2025-09-07,P001,Ceramic Mug,1,13.20
ORD-005823,2025-09-07,P002,Travel Tumbler,3,26.40
ORD-005823,2025-09-07,P003,Linen Tote Bag,1,18.00
ORD-005823,2025-09-07,P011,Bamboo Cutting Board,1,35.20
ORD-005824,2025-09-07,P001,Ceramic Mug,5,12.00
ORD-005824,2025-09-07,P002,Travel Tumbler,2,24.00
ORD-005824,2025-09-07,P005,Wool Beanie,2,22.00
ORD-005824,2025-09-07,P021,USB-C Cable,3,10.00
ORD-005825,2025-09-07,P005,Wool Beanie,1,22.00
ORD-005826,2025-09-07,P011,Bamboo Cutting Board,1,32.00
ORD-005827,2025-09-07,P005,Wool Beanie,1,22.00
ORD-005828,2025-09-07,P006,Cotton T-Shirt,2,25.00
ORD-005829,2025-09-07,P008,Running Socks,4,12.10
ORD-005830,2025-09-07,P008,Running Socks,1,11.00
ORD-005831,2025-09-07,P001,Ceramic Mug,2,10.80
ORD-005832,2025-09-07,P001,Ceramic Mug,3,13.20
ORD-005832,2025-09-07,P005,Wool Beanie,1,24.20
ORD-005833,2025-09-07,P001,Ceramic Mug,1,13.20
ORD-005834,2025-09-07,P010,Steel Water Bottle,1,20.00
ORD-005834,2025-09-07,P018,Fountain Pen,1,41.80
ORD-005835,2025-09-07,P002,Travel Tumbler,1,24.00
ORD-005836,2025-09-07,P001,Ceramic Mug,1,12.00
ORD-005836,2025-09-07,P023,Bluetooth Speaker,1,75.90
ORD-005836,2025-09-07,P027,Coffee Beans 1kg,1,28.00
ORD-005837,2025-09-07,P001,Ceramic Mug,1,12.00
ORD-005838,2025-09-07,P001,Ceramic Mug,3,12.00
ORD-005838,2025-09-07,P002,Travel Tumbler,2,21.60
ORD-005838,2025-09-07,P009,Leather Wallet,2,40.50
ORD-005839,2025-09-07,P036,Gift Card Holder,1,7.00
ORD-005840,2025-09-07,P001,Ceramic Mug,5,12.00
ORD-005841,2025-09-07,P013,Cast Iron Pan,3,56.00
ORD-005842,2025-09-07,P002,Travel Tumbler,2,24.00
ORD-005843,2025-09-07,P004,Canvas Backpack,4,59.00
ORD-005843,2025-09-07,P008,Running Socks,1,11.00
ORD-005844,2025-09-07,P001,Ceramic Mug,1,12.00
ORD-005844,2025-09-07,P002,Travel Tumbler,2,24.00
ORD-005845,2025-09-07,P001,Ceramic Mug,1,13.20
ORD-005845,2025-09-07,P004,Canvas Backpack,1,59.00
ORD-005845,2025-09-07,P005,Wool Beanie,3,19.80
ORD-005846,2025-09-08,P014,Scented Candle,2,16.00
ORD-005847,2025-09-08,P025,Resistance Bands,2,14.00
ORD-005847,2025-09-08,P030,Wall Calendar,1,11.70
ORD-005848,2025-09-08,P009,Leather Wallet,1,45.00
ORD-005849,2025-09-08,P007,Denim Jacket,1,89.00
ORD-005850,2025-09-08,P018,Fountain Pen,1,34.20
ORD-005851,2025-09-08,P001,Ceramic Mug,1,13.20
ORD-005851,2025-09-08,P002,Travel Tumbler,2,24.00
ORD-005852,2025-09-08,P001,Ceramic Mug,1,12.00
ORD-005852,2025-09-08,P004,Canvas Backpack,2,64.90
ORD-005852,2025-09-08,P007,Denim Jacket,1,89.00
ORD-005852,2025-09-08,P011,Bamboo Cutting Board,5,35.20
ORD-005853,2025-09-08,P002,Travel Tumbler,2,24.00
ORD-005854,2025-09-08,P002,Travel Tumbler,2,21.60
ORD-005855,2025-09-08,P018,Fountain Pen,1,38.00
ORD-005856,2025-09-08,P001,Ceramic Mug,1,12.00
ORD-005856,2025-09-08,P005,Wool Beanie,1,22.00
ORD-005857,2025-09-08,P001,Ceramic Mug,2,13.20
ORD-005858,2025-09-08,P011,Bamboo Cutting Board,1,32.00
ORD-005859,2025-09-08,P001,Ceramic Mug,1,12.00
ORD-005860,2025-09-08,P026,Herbal Tea Sampler,1,19.00
ORD-005861,2025-09-08,P001,Ceramic Mug,1,10.80
ORD-005862,2025-09-08,P002,Travel Tumbler,4,21.60
ORD-005862,2025-09-08,P004,Canvas Backpack,2,59.00
ORD-005863,2025-09-08,P004,Canvas Backpack,1,64.90
ORD-005864,2025-09-08,P002,Travel Tumbler,1,24.00
ORD-005865,2025-09-08,P003,Linen Tote Bag,3,18.00
ORD-005866,2025-09-08,P008,Running Socks,1,11.00
ORD-005867,2025-09-08,P002,Travel Tumbler,2,24.00
ORD-005868,2025-09-08,P001,Ceramic Mug,1,12.00
ORD-005868,2025-09-08,P033,Wool Blanket,1,86.90
ORD-005869,2025-09-08,P009,Leather Wallet,2,45.00
ORD-005870,2025-09-08,P001,Ceramic Mug,1,12.00
ORD-005870,2025-09-08,P005,Wool Beanie,3,22.00
ORD-005870,2025-09-08,P015,Soy Wax Candle Set,1,30.60
ORD-005871,2025-09-08,P001,Ceramic Mug,5,13.20
ORD-005872,2025-09-08,P018,Fountain Pen,3,38.00
ORD-005873,2025-09-08,P001,Ceramic Mug,1,12.00
ORD-005873,2025-09-08,P009,Leather Wallet,1,45.00
ORD-005874,2025-09-08,P006,Cotton T-Shirt,1,25.00
ORD-005875,2025-09-08,P036,Gift Card Holder,1,7.70
ORD-005876,2025-09-08,P004,Canvas Backpack,1,59.00
ORD-005877,2025-09-08,P005,Wool Beanie,5,22.00
ORD-005877,2025-09-08,P035,Umbrella,1,26.00
ORD-005878,2025-09-08,P004,Canvas Backpack,2,53.10
ORD-005879,2025-09-08,P034,Sunglasses,1,46.00
ORD-005880,2025-09-08,P001,Ceramic Mug,1,13.20
ORD-005881,2025-09-08,P003,Linen Tote Bag,2,18.00
ORD-005882,2025-09-09,P002,Travel Tumbler,2,21.60
ORD-005882,2025-09-09,P005,Wool Beanie,1,22.00
ORD-005883,2025-09-09,P002,Travel Tumbler,2,24.00
ORD-005883,2025-09-09,P003,Linen Tote Bag,1,19.80
ORD-005884,2025-09-09,P003,Linen Tote Bag,1,18.00
ORD-005884,2025-09-09,P030,Wall Calendar,1,13.00
ORD-005885,2025-09-09,P001,Ceramic Mug,1,12.00
ORD-005885,2025-09-09,P002,Travel Tumbler,3,24.00
ORD-005885,2025-09-09,P005,Wool Beanie,1,22.00
ORD-005885,2025-09-09,P027,Coffee Beans 1kg,3,30.80
ORD-005886,2025-09-09,P001,Ceramic Mug,3,13.20
ORD-005887,2025-09-09,P004,Canvas Backpack,2,53.10
ORD-005888,2025-09-09,P001,Ceramic Mug,1,10.80
ORD-005889,2025-09-09,P001,Ceramic Mug,2,12.00
ORD-005890,2025-09-09,P002,Travel Tumbler,1,24.00
ORD-005891,2025-09-09,P012,Chef Knife,1,74.00
ORD-005892,2025-09-09,P003,Linen Tote Bag,3,18.00
ORD-005893,2025-09-09,P001,Ceramic Mug,1,12.00
ORD-005894,2025-09-09,P011,Bamboo Cutting Board,1,32.00
ORD-005894,2025-09-09,P017,Notebook A5,1,9.00
ORD-005895,2025-09-09,P031,Framed Print,1,64.00
ORD-005896,2025-09-09,P003,Linen Tote Bag,4,16.20
ORD-005896,2025-09-09,P013,Cast Iron Pan,1,56.00
ORD-005897,2025-09-09,P001,Ceramic Mug,1,10.80
ORD-005897,2025-09-09,P003,Linen Tote Bag,1,18.00
ORD-005898,2025-09-09,P012,Chef Knife,1,74.00
ORD-005899,2025-09-09,P001,Ceramic Mug,1,10.80
ORD-005900,2025-09-09,P001,Ceramic Mug,2,12.00
ORD-005900,2025-09-09,P002,Travel Tumbler,3,24.00
ORD-005901,2025-09-09,P011,Bamboo Cutting Board,3,32.00
ORD-005901,2025-09-09,P015,Soy Wax Candle Set,3,34.00
ORD-005902,2025-09-09,P001,Ceramic Mug,2,12.00
ORD-005902,2025-09-09,P006,Cotton T-Shirt,3,25.00
ORD-005902,2025-09-09,P010,Steel Water Bottle,4,20.00
ORD-005903,2025-09-09,P001,Ceramic Mug,2,12.00
ORD-005903,2025-09-09,P003,Linen Tote Bag,3,18.00
ORD-005904,2025-09-10,P007,Denim Jacket,1,89.00
ORD-005905,2025-09-10,P015,Soy Wax Candle Set,1,34.00
ORD-005906,2025-09-10,P001,Ceramic Mug,1,12.00
ORD-005906,2025-09-10,P016,Desk Lamp,1,49.00
ORD-005907,2025-09-10,P001,Ceramic Mug,1,13.20
ORD-005908,2025-09-10,P002,Travel Tumbler,1,21.60
ORD-005909,2025-09-10,P033,Wool Blanket,3,86.90
ORD-005910,2025-09-10,P001,Ceramic Mug,1,13.20
ORD-005910,2025-09-10,P004,Canvas Backpack,1,64.90
ORD-005911,2025-09-10,P002,Travel Tumbler,1,26.40
ORD-005911,2025-09-10,P003,Linen Tote Bag,1,18.00
ORD-005912,2025-09-10,P032,Throw Pillow,1,27.00
ORD-005913,2025-09-10,P001,Ceramic Mug,2,12.00
ORD-005913,2025-09-10,P002,Travel Tumbler,2,24.00
ORD-005914,2025-09-10,P005,Wool Beanie,1,22.00
ORD-005914,2025-09-10,P007,Denim Jacket,1,89.00
ORD-005915,2025-09-10,P018,Fountain Pen,5,41.80
ORD-005916,2025-09-10,P001,Ceramic Mug,2,12.00
ORD-005916,2025-09-10,P005,Wool Beanie,1,22.00
ORD-005917,2025-09-10,P002,Travel Tumbler,3,24.00
ORD-005917,2025-09-10,P011,Bamboo Cutting Board,1,32.00
ORD-005918,2025-09-10,P003,Linen Tote Bag,1,18.00
ORD-005919,2025-09-10,P001,Ceramic Mug,1,12.00
ORD-005920,2025-09-10,P002,Travel Tumbler,5,24.00
ORD-005921,2025-09-10,P001,Ceramic Mug,1,12.00
ORD-005922,2025-09-10,P001,Ceramic Mug,4,12.00
ORD-005923,2025-09-10,P002,Travel Tumbler,1,24.00
ORD-005923,2025-09-10,P010,Steel Water Bottle,1,20.00
ORD-005923,2025-09-10,P014,Scented Candle,1,17.60
ORD-005923,2025-09-10,P024,Yoga Mat,1,32.40
ORD-005924,2025-09-11,P004,Canvas Backpack,1,64.90
ORD-005924,2025-09-11,P005,Wool Beanie,1,22.00
ORD-005925,2025-09-11,P002,Travel Tumbler,2,26.40
ORD-005925,2025-09-11,P006,Cotton T-Shirt,1,25.00
ORD-005925,2025-09-11,P015,Soy Wax Candle Set,1,34.00
ORD-005926,2025-09-11,P010,Steel Water Bottle,1,18.00
ORD-005927,2025-09-11,P003,Linen Tote Bag,1,16.20
ORD-005927,2025-09-11,P007,Denim Jacket,1,89.00
ORD-005928,2025-09-11,P004,Canvas Backpack,1,64.90
ORD-005929,2025-09-11,P001,Ceramic Mug,1,12.00
ORD-005930,2025-09-11,P001,Ceramic Mug,2,12.00
ORD-005931,2025-09-11,P035,Umbrella,1,26.00
ORD-005932,2025-09-11,P002,Travel Tumbler,1,24.00
ORD-005932,2025-09-11,P004,Canvas Backpack,2,59.00
ORD-005932,2025-09-11,P012,Chef Knife,2,74.00
ORD-005933,2025-09-11,P002,Travel Tumbler,1,21.60
ORD-005933,2025-09-11,P021,USB-C Cable,2,9.00
ORD-005934,2025-09-11,P001,Ceramic Mug,1,13.20
ORD-005934,2025-09-11,P007,Denim Jacket,1,89.00
ORD-005934,2025-09-11,P015,Soy Wax Candle Set,1,34.00
ORD-005934,2025-09-11,P026,Herbal Tea Sampler,1,19.00
ORD-005935,2025-09-11,P001,Ceramic Mug,3,13.20
ORD-005935,2025-09-11,P003,Linen Tote Bag,1,18.00
ORD-005935,2025-09-11,P005,Wool Beanie,1,22.00
ORD-005936,2025-09-11,P009,Leather Wallet,1,40.50
ORD-005937,2025-09-11,P001,Ceramic Mug,2,10.80
ORD-005937,2025-09-11,P003,Linen Tote Bag,1,18.00
ORD-005938,2025-09-11,P003,Linen Tote Bag,1,18.00
ORD-005938,2025-09-11,P004,Canvas Backpack,1,59.00
ORD-005939,2025-09-11,P010,Steel Water Bottle,3,20.00
ORD-005940,2025-09-11,P006,Cotton T-Shirt,2,25.00
ORD-005941,2025-09-11,P003,Linen Tote Bag,1,16.20
ORD-005942,2025-09-11,P024,Yoga Mat,4,39.60
ORD-005943,2025-09-11,P003,Linen Tote Bag,1,19.80
ORD-005943,2025-09-11,P004,Canvas Backpack,1,59.00
ORD-005944,2025-09-11,P002,Travel Tumbler,1,24.00
ORD-005945,2025-09-11,P001,Ceramic Mug,1,12.00
ORD-005946,2025-09-11,P006,Cotton T-Shirt,1,25.00
ORD-005947,2025-09-11,P003,Linen Tote Bag,1,16.20
ORD-005948,2025-09-11,P001,Ceramic Mug,1,12.00
ORD-005948,2025-09-11,P002,Travel Tumbler,2,24.00
ORD-005949,2025-09-11,P003,Linen Tote Bag,2,16.20
ORD-005950,2025-09-11,P005,Wool Beanie,2,22.00
ORD-005950,2025-09-11,P022,Phone Case,2,15.00
ORD-005951,2025-09-11,P002,Travel Tumbler,1,21.60
ORD-005952,2025-09-11,P001,Ceramic Mug,1,12.00
ORD-005953,2025-09-11,P001,Ceramic Mug,1,12.00
ORD-005954,2025-09-11,P001,Ceramic Mug,1,12.00
ORD-005954,2025-09-11,P002,Travel Tumbler,1,24.00
ORD-005955,2025-09-11,P018,Fountain Pen,1,41.80
ORD-005955,2025-09-11,P030,Wall Calendar,1,14.30
ORD-005956,2025-09-11,P030,Wall Calendar,3,14.30
ORD-005957,2025-09-11,P028,Olive Oil 500ml,1,21.00
ORD-005958,2025-09-12,P001,Ceramic Mug,1,12.00
ORD-005959,2025-09-12,P002,Travel Tumbler,2,24.00
ORD-005960,2025-09-12,P007,Denim Jacket,1,97.90
ORD-005961,2025-09-12,P001,Ceramic Mug,1,12.00
ORD-005962,2025-09-12,P001,Ceramic Mug,2,12.00
ORD-005963,2025-09-12,P001,Ceramic Mug,1,12.00
ORD-005964,2025-09-12,P012,Chef Knife,1,74.00
ORD-005965,2025-09-12,P001,Ceramic Mug,3,12.00
ORD-005966,2025-09-12,P013,Cast Iron Pan,4,56.00
ORD-005967,2025-09-12,P003,Linen Tote Bag,1,18.00
ORD-005968,2025-09-12,P026,Herbal Tea Sampler,5,20.90
ORD-005969,2025-09-12,P001,Ceramic Mug,1,12.00
ORD-005969,2025-09-12,P004,Canvas Backpack,1,59.00
ORD-005969,2025-09-12,P016,Desk Lamp,1,49.00
ORD-005969,2025-09-12,P034,Sunglasses,2,50.60
ORD-005970,2025-09-12,P008,Running Socks,5,12.10
ORD-005971,2025-09-12,P003,Linen Tote Bag,1,18.00
ORD-005972,2025-09-12,P003,Linen Tote Bag,1,18.00
ORD-005973,2025-09-12,P003,Linen Tote Bag,2,18.00
ORD-005973,2025-09-12,P016,Desk Lamp,1,49.00
ORD-005974,2025-09-12,P001,Ceramic Mug,1,12.00
ORD-005974,2025-09-12,P002,Travel Tumbler,1,24.00
ORD-005975,2025-09-12,P005,Wool Beanie,3,22.00
ORD-005975,2025-09-12,P006,Cotton T-Shirt,4,25.00
ORD-005976,2025-09-12,P017,Notebook A5,2,9.00
ORD-005977,2025-09-12,P002,Travel Tumbler,1,24.00
ORD-005978,2025-09-12,P001,Ceramic Mug,1,12.00
ORD-005979,2025-09-12,P008,Running Socks,1,9.90
ORD-005980,2025-09-12,P021,USB-C Cable,1,9.00
ORD-005981,2025-09-12,P009,Leather Wallet,1,45.00
ORD-005982,2025-09-12,P009,Leather Wallet,3,49.50
ORD-005983,2025-09-12,P001,Ceramic Mug,1,12.00
ORD-005984,2025-09-12,P018,Fountain Pen,2,34.20
ORD-005985,2025-09-12,P001,Ceramic Mug,1,12.00
ORD-005985,2025-09-12,P023,Bluetooth Speaker,2,69.00
ORD-005986,2025-09-12,P001,Ceramic Mug,3,12.00
ORD-005986,2025-09-12,P003,Linen Tote Bag,2,18.00
ORD-005987,2025-09-12,P001,Ceramic Mug,2,10.80
ORD-005988,2025-09-12,P001,Ceramic Mug,1,12.00
ORD-005989,2025-09-12,P010,Steel Water Bottle,2,22.00
ORD-005990,2025-09-13,P002,Travel Tumbler,1,24.00
ORD-005990,2025-09-13,P003,Linen Tote Bag,5,18.00
ORD-005990,2025-09-13,P021,USB-C Cable,1,11.00
ORD-005991,2025-09-13,P008,Running Socks,2,11.00
ORD-005992,2025-09-13,P002,Travel Tumbler,1,24.00
ORD-005993,2025-09-13,P002,Travel Tumbler,2,24.00
ORD-005994,2025-09-13,P036,Gift Card Holder,1,7.00
ORD-005995,2025-09-13,P001,Ceramic Mug,2,13.20
ORD-005996,2025-09-13,P001,Ceramic Mug,1,12.00
ORD-005997,2025-09-13,P011,Bamboo Cutting Board,3,32.00
ORD-005997,2025-09-13,P017,Notebook A5,4,8.10
ORD-005998,2025-09-13,P004,Canvas Backpack,1,59.00
ORD-005999,2025-09-13,P002,Travel Tumbler,1,24.00
ORD-006000,2025-09-13,P001,Ceramic Mug,1,10.80
ORD-006000,2025-09-13,P002,Travel Tumbler,1,24.00
ORD-006000,2025-09-13,P018,Fountain Pen,1,38.00
ORD-006001,2025-09-13,P002,Travel Tumbler,1,24.00
ORD-006001,2025-09-13,P003,Linen Tote Bag,2,16.20
ORD-006001,2025-09-13,P005,Wool Beanie,1,22.00
ORD-006002,2025-09-13,P001,Ceramic Mug,5,12.00
ORD-006003,2025-09-13,P006,Cotton T-Shirt,2,25.00
ORD-006003,2025-09-13,P010,Steel Water Bottle,1,20.00
ORD-006004,2025-09-13,P005,Wool Beanie,2,19.80
ORD-006004,2025-09-13,P006,Cotton T-Shirt,3,25.00
ORD-006005,2025-09-13,P006,Cotton T-Shirt,3,27.50
ORD-006006,2025-09-13,P002,Travel Tumbler,3,24.00
ORD-006006,2025-09-13,P026,Herbal Tea Sampler,1,19.00
ORD-006007,2025-09-13,P009,Leather Wallet,2,45.00
ORD-006007,2025-09-13,P011,Bamboo Cutting Board,3,35.20
ORD-006007,2025-09-13,P014,Scented Candle,1,14.40
ORD-006008,2025-09-13,P001,Ceramic Mug,3,12.00
ORD-006009,2025-09-13,P002,Travel Tumbler,1,24.00
ORD-006009,2025-09-13,P016,Desk Lamp,3,44.10
ORD-006010,2025-09-13,P004,Canvas Backpack,5,53.10
ORD-006011,2025-09-13,P001,Ceramic Mug,1,10.80
ORD-006012,2025-09-13,P029,Hot Sauce Trio,3,23.00
ORD-006013,2025-09-13,P001,Ceramic Mug,1,12.00
ORD-006014,2025-09-13,P035,Umbrella,1,26.00
ORD-006015,2025-09-13,P002,Travel Tumbler,1,24.00
ORD-006015,2025-09-13,P036,Gift Card Holder,1,7.00
ORD-006016,2025-09-13,P034,Sunglasses,5,41.40
ORD-006017,2025-09-13,P002,Travel Tumbler,2,24.00
ORD-006018,2025-09-13,P005,Wool Beanie,2,22.00
ORD-006018,2025-09-13,P016,Desk Lamp,2,53.90
ORD-006019,2025-09-13,P001,Ceramic Mug,2,12.00
ORD-006020,2025-09-13,P001,Ceramic Mug,2,12.00
ORD-006020,2025-09-13,P003,Linen Tote Bag,1,18.00
ORD-006021,2025-09-13,P001,Ceramic Mug,1,12.00
ORD-006021,2025-09-13,P018,Fountain Pen,2,38.00
ORD-006022,2025-09-13,P022,Phone Case,1,16.50
ORD-006023,2025-09-13,P003,Linen Tote Bag,2,18.00
ORD-006024,2025-09-13,P005,Wool Beanie,3,22.00
ORD-006025,2025-09-13,P028,Olive Oil 500ml,1,21.00
ORD-006026,2025-09-13,P009,Leather Wallet,1,45.00
ORD-006027,2025-09-13,P001,Ceramic Mug,1,10.80
ORD-006027,2025-09-13,P002,Travel Tumbler,3,24.00
ORD-006027,2025-09-13,P012,Chef Knife,3,74.00
ORD-006028,2025-09-13,P014,Scented Candle,1,16.00
ORD-006029,2025-09-13,P006,Cotton T-Shirt,3,25.00
ORD-006030,2025-09-13,P003,Linen Tote Bag,2,19.80
ORD-006031,2025-09-13,P001,Ceramic Mug,1,12.00
ORD-006031,2025-09-13,P003,Linen Tote Bag,2,18.00
ORD-006031,2025-09-13,P009,Leather Wallet,1,45.00
ORD-006032,2025-09-13,P017,Notebook A5,1,9.00
ORD-006033,2025-09-14,P005,Wool Beanie,2,22.00
ORD-006034,2025-09-14,P001,Ceramic Mug,2,12.00
ORD-006035,2025-09-14,P008,Running Socks,1,11.00
ORD-006036,2025-09-14,P005,Wool Beanie,2,22.00
ORD-006037,2025-09-14,P007,Denim Jacket,1,89.00
ORD-006037,2025-09-14,P012,Chef Knife,1,74.00
ORD-006038,2025-09-14,P028,Olive Oil 500ml,1,23.10
ORD-006039,2025-09-14,P003,Linen Tote Bag,1,16.20
ORD-006040,2025-09-14,P005,Wool Beanie,1,24.20
ORD-006041,2025-09-14,P001,Ceramic Mug,2,13.20
ORD-006041,2025-09-14,P010,Steel Water Bottle,3,20.00
ORD-006041,2025-09-14,P024,Yoga Mat,1,39.60
ORD-006041,2025-09-14,P031,Framed Print,1,64.00
ORD-006042,2025-09-14,P002,Travel Tumbler,4,21.60
ORD-006043,2025-09-14,P001,Ceramic Mug,1,12.00
ORD-006044,2025-09-14,P001,Ceramic Mug,1,10.80
ORD-006045,2025-09-14,P026,Herbal Tea Sampler,2,17.10
ORD-006046,2025-09-14,P016,Desk Lamp,2,53.90
ORD-006047,2025-09-14,P007,Denim Jacket,1,89.00
ORD-006047,2025-09-14,P012,Chef Knife,2,74.00
ORD-006048,2025-09-14,P002,Travel Tumbler,1,24.00
ORD-006048,2025-09-14,P004,Canvas Backpack,1,59.00
ORD-006048,2025-09-14,P013,Cast Iron Pan,2,56.00
ORD-006048,2025-09-14,P015,Soy Wax Candle Set,1,34.00
ORD-006049,2025-09-14,P001,Ceramic Mug,2,12.00
ORD-006050,2025-09-14,P003,Linen Tote Bag,1,18.00
ORD-006050,2025-09-14,P026,Herbal Tea Sampler,2,19.00
ORD-006051,2025-09-14,P002,Travel Tumbler,1,24.00
ORD-006052,2025-09-14,P003,Linen Tote Bag,1,19.80
ORD-006053,2025-09-14,P004,Canvas Backpack,1,59.00
ORD-006054,2025-09-14,P003,Linen Tote Bag,1,18.00
ORD-006055,2025-09-14,P008,Running Socks,1,11.00
ORD-006056,2025-09-14,P001,Ceramic Mug,1,12.00
ORD-006057,2025-09-14,P001,Ceramic Mug,1,12.00
ORD-006057,2025-09-14,P004,Canvas Backpack,3,59.00
ORD-006058,2025-09-14,P001,Ceramic Mug,1,12.00
ORD-006058,2025-09-14,P005,Wool Beanie,1,22.00
ORD-006059,2025-09-14,P008,Running Socks,1,11.00
ORD-006060,2025-09-14,P001,Ceramic Mug,1,13.20
ORD-006060,2025-09-14,P003,Linen Tote Bag,1,18.00
ORD-006060,2025-09-14,P008,Running Socks,3,9.90
ORD-006060,2025-09-14,P035,Umbrella,3,26.00
ORD-006061,2025-09-15,P015,Soy Wax Candle Set,1,30.60
ORD-006062,2025-09-15,P001,Ceramic Mug,1,12.00
ORD-006063,2025-09-15,P005,Wool Beanie,1,19.80
ORD-006064,2025-09-15,P018,Fountain Pen,1,38.00
ORD-006065,2025-09-15,P011,Bamboo Cutting Board,2,32.00
ORD-006066,2025-09-15,P003,Linen Tote Bag,1,19.80
ORD-006066,2025-09-15,P008,Running Socks,1,9.90
ORD-006067,2025-09-15,P008,Running Socks,3,11.00
ORD-006068,2025-09-15,P003,Linen Tote Bag,2,18.00
ORD-006068,2025-09-15,P005,Wool Beanie,3,19.80
ORD-006069,2025-09-15,P001,Ceramic Mug,1,12.00
ORD-006070,2025-09-15,P031,Framed Print,3,64.00
ORD-006071,2025-09-15,P032,Throw Pillow,3,27.00
ORD-006072,2025-09-15,P008,Running Socks,1,11.00
ORD-006073,2025-09-15,P013,Cast Iron Pan,2,61.60
ORD-006074,2025-09-15,P008,Running Socks,1,12.10
ORD-006075,2025-09-15,P002,Travel Tumbler,4,24.00
ORD-006076,2025-09-15,P003,Linen Tote Bag,1,18.00
ORD-006076,2025-09-15,P004,Canvas Backpack,1,59.00
ORD-006076,2025-09-15,P031,Framed Print,1,64.00
ORD-006077,2025-09-15,P001,Ceramic Mug,1,13.20
ORD-006077,2025-09-15,P004,Canvas Backpack,2,53.10
ORD-006078,2025-09-15,P001,Ceramic Mug,1,12.00
ORD-006078,2025-09-15,P007,Denim Jacket,2,89.00
ORD-006079,2025-09-15,P018,Fountain Pen,1,38.00
ORD-006080,2025-09-15,P004,Canvas Backpack,1,59.00
ORD-006080,2025-09-15,P005,Wool Beanie,2,24.20
ORD-006081,2025-09-15,P001,Ceramic Mug,1,12.00
ORD-006081,2025-09-15,P006,Cotton T-Shirt,2,22.50
ORD-006081,2025-09-15,P013,Cast Iron Pan,4,50.40
ORD-006082,2025-09-15,P001,Ceramic Mug,1,13.20
ORD-006082,2025-09-15,P002,Travel Tumbler,1,24.00
ORD-006082,2025-09-15,P010,Steel Water Bottle,1,20.00
ORD-006083,2025-09-15,P026,Herbal Tea Sampler,3,19.00
ORD-006084,2025-09-15,P002,Travel Tumbler,2,24.00
ORD-006085,2025-09-15,P003,Linen Tote Bag,1,18.00
ORD-006086,2025-09-15,P027,Coffee Beans 1kg,2,25.20
ORD-006087,2025-09-15,P015,Soy Wax Candle Set,2,34.00
ORD-006088,2025-09-16,P008,Running Socks,1,11.00
ORD-006089,2025-09-16,P034,Sunglasses,1,46.00
ORD-006090,2025-09-16,P001,Ceramic Mug,1,12.00
ORD-006091,2025-09-16,P001,Ceramic Mug,1,10.80
ORD-006091,2025-09-16,P011,Bamboo Cutting Board,1,35.20
ORD-006092,2025-09-16,P001,Ceramic Mug,2,13.20
ORD-006093,2025-09-16,P022,Phone Case,1,15.00
ORD-006094,2025-09-16,P001,Ceramic Mug,2,10.80
ORD-006094,2025-09-16,P003,Linen Tote Bag,3,18.00
ORD-006094,2025-09-16,P006,Cotton T-Shirt,1,25.00
ORD-006095,2025-09-16,P002,Travel Tumbler,1,24.00
ORD-006095,2025-09-16,P005,Wool Beanie,2,22.00
ORD-006096,2025-09-16,P002,Travel Tumbler,1,24.00
ORD-006096,2025-09-16,P004,Canvas Backpack,2,59.00
ORD-006097,2025-09-16,P002,Travel Tumbler,1,24.00
ORD-006098,2025-09-16,P032,Throw Pillow,4,27.00
ORD-006099,2025-09-16,P001,Ceramic Mug,3,12.00
ORD-006100,2025-09-16,P003,Linen Tote Bag,1,18.00
ORD-006101,2025-09-16,P005,Wool Beanie,1,24.20
ORD-006102,2025-09-16,P011,Bamboo Cutting Board,2,35.20
ORD-006103,2025-09-16,P001,Ceramic Mug,1,12.00
ORD-006103,2025-09-16,P004,Canvas Backpack,1,59.00
ORD-006104,2025-09-16,P003,Linen Tote Bag,1,19.80
ORD-006104,2025-09-16,P013,Cast Iron Pan,1,56.00
ORD-006105,2025-09-16,P035,Umbrella,1,26.00
ORD-006106,2025-09-16,P001,Ceramic Mug,1,12.00
ORD-006106,2025-09-16,P010,Steel Water Bottle,1,20.00
ORD-006107,2025-09-16,P002,Travel Tumbler,1,21.60
ORD-006108,2025-09-16,P002,Travel Tumbler,1,26.40
ORD-006109,2025-09-16,P003,Linen Tote Bag,1,18.00
ORD-006110,2025-09-16,P001,Ceramic Mug,1,12.00
ORD-006110,2025-09-16,P002,Travel Tumbler,1,24.00
ORD-006110,2025-09-16,P008,Running Socks,1,11.00
ORD-006111,2025-09-16,P001,Ceramic Mug,1,13.20
ORD-006111,2025-09-16,P010,Steel Water Bottle,1,20.00
ORD-006111,2025-09-16,P012,Chef Knife,3,74.00
ORD-006112,2025-09-17,P005,Wool Beanie,3,22.00
ORD-006113,2025-09-17,P009,Leather Wallet,1,45.00
ORD-006114,2025-09-17,P028,Olive Oil 500ml,2,21.00
ORD-006115,2025-09-17,P023,Bluetooth Speaker,2,69.00
ORD-006116,2025-09-17,P001,Ceramic Mug,1,12.00
ORD-006117,2025-09-17,P002,Travel Tumbler,4,26.40
ORD-006117,2025-09-17,P004,Canvas Backpack,3,64.90
ORD-006117,2025-09-17,P015,Soy Wax Candle Set,4,34.00
ORD-006118,2025-09-17,P010,Steel Water Bottle,2,20.00
ORD-006119,2025-09-17,P020,Laptop Stand,3,42.00
ORD-006120,2025-09-17,P001,Ceramic Mug,1,12.00
ORD-006121,2025-09-17,P002,Travel Tumbler,1,24.00
ORD-006122,2025-09-17,P001,Ceramic Mug,1,12.00
ORD-006123,2025-09-17,P005,Wool Beanie,2,22.00
ORD-006124,2025-09-17,P001,Ceramic Mug,1,12.00
ORD-006124,2025-09-17,P009,Leather Wallet,1,45.00
ORD-006125,2025-09-17,P002,Travel Tumbler,2,26.40
ORD-006125,2025-09-17,P004,Canvas Backpack,2,64.90
ORD-006125,2025-09-17,P010,Steel Water Bottle,4,20.00
ORD-006126,2025-09-17,P003,Linen Tote Bag,5,18.00
ORD-006127,2025-09-17,P001,Ceramic Mug,2,12.00
ORD-006128,2025-09-17,P010,Steel Water Bottle,2,22.00
ORD-006129,2025-09-17,P005,Wool Beanie,5,24.20
ORD-006130,2025-09-17,P002,Travel Tumbler,1,21.60
ORD-006130,2025-09-17,P003,Linen Tote Bag,1,18.00
ORD-006130,2025-09-17,P009,Leather Wallet,1,49.50
ORD-006130,2025-09-17,P013,Cast Iron Pan,1,50.40
ORD-006131,2025-09-17,P002,Travel Tumbler,2,24.00
ORD-006131,2025-09-17,P006,Cotton T-Shirt,2,22.50
ORD-006131,2025-09-17,P014,Scented Candle,1,16.00
ORD-006131,2025-09-17,P015,Soy Wax Candle Set,1,34.00
ORD-006132,2025-09-18,P008,Running Socks,1,11.00
ORD-006133,2025-09-18,P001,Ceramic Mug,2,12.00
ORD-006133,2025-09-18,P002,Travel Tumbler,4,24.00
ORD-006133,2025-09-18,P007,Denim Jacket,1,80.10
ORD-006133,2025-09-18,P017,Notebook A5,2,9.00
ORD-006134,2025-09-18,P001,Ceramic Mug,2,13.20
ORD-006134,2025-09-18,P004,Canvas Backpack,1,53.10
ORD-006134,2025-09-18,P015,Soy Wax Candle Set,2,34.00
ORD-006135,2025-09-18,P010,Steel Water Bottle,1,18.00
ORD-006136,2025-09-18,P003,Linen Tote Bag,1,18.00
ORD-006137,2025-09-18,P005,Wool Beanie,3,22.00
ORD-006137,2025-09-18,P006,Cotton T-Shirt,1,22.50
ORD-006137,2025-09-18,P019,Wireless Mouse,2,29.00
ORD-006138,2025-09-18,P004,Canvas Backpack,3,64.90
ORD-006139,2025-09-18,P008,Running Socks,1,11.00
ORD-006139,2025-09-18,P010,Steel Water Bottle,1,22.00
ORD-006140,2025-09-18,P001,Ceramic Mug,1,13.20
ORD-006141,2025-09-18,P007,Denim Jacket,1,97.90
ORD-006142,2025-09-18,P001,Ceramic Mug,1,12.00
ORD-006142,2025-09-18,P019,Wireless Mouse,3,29.00
ORD-006143,2025-09-18,P006,Cotton T-Shirt,1,25.00
ORD-006144,2025-09-18,P003,Linen Tote Bag,2,18.00
ORD-006145,2025-09-18,P001,Ceramic Mug,1,12.00
ORD-006145,2025-09-18,P004,Canvas Backpack,1,59.00
ORD-006146,2025-09-18,P005,Wool Beanie,2,22.00
ORD-006146,2025-09-18,P013,Cast Iron Pan,1,61.60
ORD-006146,2025-09-18,P025,Resistance Bands,1,14.00
ORD-006147,2025-09-18,P002,Travel Tumbler,1,26.40
ORD-006147,2025-09-18,P013,Cast Iron Pan,2,56.00
ORD-006148,2025-09-19,P006,Cotton T-Shirt,2,27.50
ORD-006149,2025-09-19,P001,Ceramic Mug,1,10.80
ORD-006150,2025-09-19,P001,Ceramic Mug,1,13.20
ORD-006150,2025-09-19,P008,Running Socks,1,11.00
ORD-006151,2025-09-19,P002,Travel Tumbler,3,24.00
ORD-006152,2025-09-19,P011,Bamboo Cutting Board,1,32.00
ORD-006153,2025-09-19,P001,Ceramic Mug,1,12.00
ORD-006153,2025-09-19,P007,Denim Jacket,1,89.00
ORD-006153,2025-09-19,P022,Phone Case,1,15.00
ORD-006154,2025-09-19,P004,Canvas Backpack,1,59.00
ORD-006154,2025-09-19,P016,Desk Lamp,1,44.10
ORD-006154,2025-09-19,P019,Wireless Mouse,2,31.90
ORD-006155,2025-09-19,P005,Wool Beanie,1,22.00
ORD-006156,2025-09-19,P006,Cotton T-Shirt,2,25.00
ORD-006157,2025-09-19,P004,Canvas Backpack,3,59.00
ORD-006158,2025-09-19,P001,Ceramic Mug,1,12.00
ORD-006158,2025-09-19,P003,Linen Tote Bag,5,18.00
ORD-006159,2025-09-19,P001,Ceramic Mug,1,12.00
ORD-006159,2025-09-19,P005,Wool Beanie,1,19.80
ORD-006159,2025-09-19,P021,USB-C Cable,1,10.00
ORD-006160,2025-09-19,P002,Travel Tumbler,2,24.00
ORD-006160,2025-09-19,P006,Cotton T-Shirt,1,25.00
ORD-006161,2025-09-19,P004,Canvas Backpack,3,59.00
ORD-006162,2025-09-19,P005,Wool Beanie,1,19.80
ORD-006163,2025-09-19,P002,Travel Tumbler,1,26.40
ORD-006163,2025-09-19,P028,Olive Oil 500ml,2,23.10
ORD-006164,2025-09-19,P013,Cast Iron Pan,2,50.40
ORD-006165,2025-09-20,P001,Ceramic Mug,2,12.00
ORD-006166,2025-09-20,P001,Ceramic Mug,2,13.20
ORD-006166,2025-09-20,P035,Umbrella,3,26.00
ORD-006167,2025-09-20,P001,Ceramic Mug,1,12.00
ORD-006168,2025-09-20,P001,Ceramic Mug,1,13.20
ORD-006169,2025-09-20,P002,Travel Tumbler,1,24.00
ORD-006170,2025-09-20,P031,Framed Print,4,64.00
ORD-006171,2025-09-20,P001,Ceramic Mug,1,12.00
ORD-006172,2025-09-20,P005,Wool Beanie,1,19.80
ORD-006173,2025-09-20,P007,Denim Jacket,2,97.90
ORD-006174,2025-09-20,P009,Leather Wallet,3,45.00
ORD-006175,2025-09-20,P003,Linen Tote Bag,2,19.80
ORD-006175,2025-09-20,P007,Denim Jacket,1,89.00
ORD-006176,2025-09-20,P001,Ceramic Mug,1,10.80
ORD-006177,2025-09-20,P003,Linen Tote Bag,2,16.20
ORD-006178,2025-09-20,P002,Travel Tumbler,1,24.00
ORD-006179,2025-09-20,P001,Ceramic Mug,1,13.20
ORD-006179,2025-09-20,P026,Herbal Tea Sampler,1,19.00
ORD-006180,2025-09-20,P001,Ceramic Mug,1,12.00
ORD-006181,2025-09-20,P019,Wireless Mouse,1,29.00
ORD-006182,2025-09-20,P001,Ceramic Mug,1,10.80
ORD-006182,2025-09-20,P004,Canvas Backpack,1,59.00
ORD-006182,2025-09-20,P024,Yoga Mat,1,36.00
ORD-006182,2025-09-20,P033,Wool Blanket,2,79.00
ORD-006183,2025-09-20,P001,Ceramic Mug,1,10.80
ORD-006183,2025-09-20,P011,Bamboo Cutting Board,1,32.00
ORD-006184,2025-09-20,P004,Canvas Backpack,5,64.90
ORD-006185,2025-09-20,P001,Ceramic Mug,2,12.00
ORD-006186,2025-09-20,P001,Ceramic Mug,2,12.00
ORD-006187,2025-09-20,P004,Canvas Backpack,1,64.90
ORD-006188,2025-09-20,P009,Leather Wallet,1,45.00
ORD-006189,2025-09-20,P014,Scented Candle,2,17.60
ORD-006190,2025-09-20,P011,Bamboo Cutting Board,1,32.00
ORD-006191,2025-09-20,P008,Running Socks,1,9.90
ORD-006192,2025-09-20,P003,Linen Tote Bag,2,18.00
ORD-006193,2025-09-20,P021,USB-C Cable,1,10.00
ORD-006194,2025-09-20,P004,Canvas Backpack,3,59.00
ORD-006194,2025-09-20,P008,Running Socks,2,11.00
ORD-006195,2025-09-21,P023,Bluetooth Speaker,3,69.00
ORD-006196,2025-09-21,P002,Travel Tumbler,1,24.00
ORD-006197,2025-09-21,P001,Ceramic Mug,1,12.00
ORD-006198,2025-09-21,P027,Coffee Beans 1kg,1,28.00
ORD-006199,2025-09-21,P002,Travel Tumbler,1,21.60
ORD-006200,2025-09-21,P002,Travel Tumbler,1,21.60
ORD-006201,2025-09-21,P006,Cotton T-Shirt,1,25.00
ORD-006202,2025-09-21,P002,Travel Tumbler,3,24.00
ORD-006203,2025-09-21,P001,Ceramic Mug,2,12.00
ORD-006204,2025-09-21,P027,Coffee Beans 1kg,2,25.20
ORD-006205,2025-09-21,P002,Travel Tumbler,1,21.60
ORD-006206,2025-09-21,P020,Laptop Stand,2,37.80
ORD-006207,2025-09-21,P001,Ceramic Mug,1,12.00
ORD-006208,2025-09-21,P012,Chef Knife,1,81.40
ORD-006209,2025-09-21,P001,Ceramic Mug,2,12.00
ORD-006210,2025-09-21,P001,Ceramic Mug,1,10.80
ORD-006211,2025-09-21,P001,Ceramic Mug,1,12.00
ORD-006211,2025-09-21,P002,Travel Tumbler,1,21.60
ORD-006211,2025-09-21,P007,Denim Jacket,2,89.00
ORD-006211,2025-09-21,P010,Steel Water Bottle,5,18.00
ORD-006212,2025-09-21,P002,Travel Tumbler,1,21.60
ORD-006213,2025-09-21,P002,Travel Tumbler,1,24.00
ORD-006213,2025-09-21,P014,Scented Candle,1,17.60
ORD-006214,2025-09-21,P005,Wool Beanie,1,22.00
ORD-006215,2025-09-21,P001,Ceramic Mug,5,12.00
ORD-006215,2025-09-21,P008,Running Socks,2,12.10
ORD-006216,2025-09-21,P035,Umbrella,2,26.00
ORD-006217,2025-09-21,P001,Ceramic Mug,1,13.20
ORD-006218,2025-09-21,P002,Travel Tumbler,2,21.60
ORD-006218,2025-09-21,P009,Leather Wallet,3,45.00
ORD-006219,2025-09-21,P002,Travel Tumbler,1,24.00
ORD-006220,2025-09-21,P002,Travel Tumbler,1,24.00
ORD-006220,2025-09-21,P007,Denim Jacket,1,97.90
ORD-006221,2025-09-21,P001,Ceramic Mug,1,12.00
ORD-006222,2025-09-21,P022,Phone Case,1,13.50
ORD-006223,2025-09-21,P002,Travel Tumbler,1,24.00
ORD-006223,2025-09-21,P003,Linen Tote Bag,1,18.00
ORD-006224,2025-09-21,P002,Travel Tumbler,1,21.60
ORD-006225,2025-09-21,P005,Wool Beanie,3,22.00
ORD-006226,2025-09-22,P018,Fountain Pen,1,38.00
ORD-006227,2025-09-22,P009,Leather Wallet,1,45.00
ORD-006228,2025-09-22,P001,Ceramic Mug,1,12.00
ORD-006229,2025-09-22,P001,Ceramic Mug,1,12.00
ORD-006229,2025-09-22,P003,Linen Tote Bag,1,18.00
ORD-006229,2025-09-22,P012,Chef Knife,1,74.00
ORD-006229,2025-09-22,P024,Yoga Mat,1,36.00
ORD-006230,2025-09-22,P001,Ceramic Mug,4,12.00
ORD-006231,2025-09-22,P001,Ceramic Mug,1,12.00
ORD-006232,2025-09-22,P018,Fountain Pen,4,38.00
ORD-006233,2025-09-22,P001,Ceramic Mug,2,12.00
ORD-006233,2025-09-22,P002,Travel Tumbler,1,24.00
ORD-006233,2025-09-22,P020,Laptop Stand,2,42.00
ORD-006233,2025-09-22,P023,Bluetooth Speaker,1,62.10
ORD-006234,2025-09-22,P001,Ceramic Mug,1,13.20
ORD-006235,2025-09-22,P001,Ceramic Mug,5,12.00
ORD-006236,2025-09-22,P024,Yoga Mat,1,39.60
ORD-006237,2025-09-22,P003,Linen Tote Bag,5,18.00
ORD-006237,2025-09-22,P009,Leather Wallet,1,45.00
ORD-006238,2025-09-22,P006,Cotton T-Shirt,1,25.00
ORD-006239,2025-09-22,P002,Travel Tumbler,1,24.00
ORD-006240,2025-09-22,P002,Travel Tumbler,1,24.00
ORD-006241,2025-09-22,P001,Ceramic Mug,1,12.00
ORD-006242,2025-09-22,P004,Canvas Backpack,3,59.00
ORD-006242,2025-09-22,P010,Steel Water Bottle,1,18.00
ORD-006242,2025-09-22,P018,Fountain Pen,1,34.20
ORD-006243,2025-09-22,P002,Travel Tumbler,3,24.00
ORD-006244,2025-09-22,P004,Canvas Backpack,3,53.10
ORD-006245,2025-09-22,P001,Ceramic Mug,1,10.80
ORD-006245,2025-09-22,P002,Travel Tumbler,1,21.60
ORD-006245,2025-09-22,P015,Soy Wax Candle Set,1,37.40
ORD-006246,2025-09-22,P002,Travel Tumbler,2,24.00
ORD-006247,2025-09-22,P001,Ceramic Mug,1,12.00
ORD-006247,2025-09-22,P002,Travel Tumbler,3,21.60
ORD-006248,2025-09-22,P004,Canvas Backpack,3,59.00
ORD-006249,2025-09-22,P028,Olive Oil 500ml,2,21.00
ORD-006250,2025-09-22,P014,Scented Candle,1,16.00
ORD-006251,2025-09-22,P030,Wall Calendar,2,13.00
ORD-006252,2025-09-22,P001,Ceramic Mug,3,12.00
ORD-006253,2025-09-23,P019,Wireless Mouse,1,31.90
ORD-006254,2025-09-23,P005,Wool Beanie,1,22.00
ORD-006255,2025-09-23,P001,Ceramic Mug,1,13.20
ORD-006256,2025-09-23,P002,Travel Tumbler,2,24.00
ORD-006256,2025-09-23,P022,Phone Case,1,16.50
ORD-006257,2025-09-23,P025,Resistance Bands,1,14.00
ORD-006258,2025-09-23,P003,Linen Tote Bag,1,16.20
ORD-006259,2025-09-23,P008,Running Socks,1,11.00
ORD-006260,2025-09-23,P001,Ceramic Mug,1,12.00
ORD-006261,2025-09-23,P036,Gift Card Holder,3,7.70
ORD-006262,2025-09-23,P004,Canvas Backpack,1,59.00
ORD-006263,2025-09-23,P001,Ceramic Mug,3,10.80
ORD-006263,2025-09-23,P022,Phone Case,1,15.00
ORD-006264,2025-09-23,P001,Ceramic Mug,1,12.00
ORD-006264,2025-09-23,P017,Notebook A5,1,9.00
ORD-006265,2025-09-23,P003,Linen Tote Bag,4,19.80
ORD-006266,2025-09-23,P008,Running Socks,3,12.10
ORD-006267,2025-09-23,P025,Resistance Bands,1,12.60
ORD-006268,2025-09-23,P002,Travel Tumbler,1,24.00
ORD-006268,2025-09-23,P003,Linen Tote Bag,1,18.00
ORD-006268,2025-09-23,P006,Cotton T-Shirt,1,25.00
ORD-006268,2025-09-23,P007,Denim Jacket,1,97.90
ORD-006269,2025-09-23,P001,Ceramic Mug,1,13.20
ORD-006269,2025-09-23,P002,Travel Tumbler,1,24.00
ORD-006269,2025-09-23,P004,Canvas Backpack,1,59.00
ORD-006269,2025-09-23,P022,Phone Case,2,15.00
ORD-006270,2025-09-23,P001,Ceramic Mug,5,12.00
ORD-006270,2025-09-23,P020,Laptop Stand,1,42.00
ORD-006271,2025-09-23,P002,Travel Tumbler,1,24.00
ORD-006272,2025-09-23,P001,Ceramic Mug,1,12.00
ORD-006273,2025-09-23,P001,Ceramic Mug,1,12.00
ORD-006274,2025-09-23,P012,Chef Knife,1,74.00
ORD-006275,2025-09-24,P001,Ceramic Mug,1,12.00
ORD-006276,2025-09-24,P004,Canvas Backpack,2,53.10
ORD-006277,2025-09-24,P005,Wool Beanie,1,22.00
ORD-006278,2025-09-24,P036,Gift Card Holder,3,7.70
ORD-006279,2025-09-24,P016,Desk Lamp,1,49.00
ORD-006280,2025-09-24,P011,Bamboo Cutting Board,1,32.00
ORD-006281,2025-09-24,P003,Linen Tote Bag,3,16.20
ORD-006282,2025-09-24,P002,Travel Tumbler,2,24.00
ORD-006283,2025-09-24,P006,Cotton T-Shirt,1,25.00
ORD-006283,2025-09-24,P007,Denim Jacket,1,97.90
ORD-006283,2025-09-24,P029,Hot Sauce Trio,1,23.00
ORD-006284,2025-09-24,P001,Ceramic Mug,3,12.00
ORD-006284,2025-09-24,P010,Steel Water Bottle,2,20.00
ORD-006285,2025-09-24,P005,Wool Beanie,2,22.00
ORD-006285,2025-09-24,P006,Cotton T-Shirt,3,22.50
ORD-006285,2025-09-24,P008,Running Socks,1,11.00
ORD-006285,2025-09-24,P026,Herbal Tea Sampler,1,19.00
ORD-006286,2025-09-24,P003,Linen Tote Bag,1,16.20
ORD-006286,2025-09-24,P004,Canvas Backpack,1,53.10
ORD-006287,2025-09-24,P002,Travel Tumbler,2,24.00
ORD-006288,2025-09-24,P001,Ceramic Mug,3,12.00
ORD-006288,2025-09-24,P003,Linen Tote Bag,4,18.00
ORD-006288,2025-09-24,P009,Leather Wallet,1,45.00
ORD-006289,2025-09-24,P001,Ceramic Mug,1,12.00
ORD-006289,2025-09-24,P006,Cotton T-Shirt,2,22.50
ORD-006290,2025-09-24,P013,Cast Iron Pan,1,61.60
ORD-006291,2025-09-24,P008,Running Socks,1,11.00
ORD-006292,2025-09-24,P001,Ceramic Mug,1,13.20
ORD-006292,2025-09-24,P010,Steel Water Bottle,1,20.00
ORD-006293,2025-09-24,P001,Ceramic Mug,1,12.00
ORD-006294,2025-09-24,P002,Travel Tumbler,3,24.00
ORD-006295,2025-09-24,P004,Canvas Backpack,2,59.00
ORD-006296,2025-09-24,P012,Chef Knife,1,74.00
ORD-006297,2025-09-24,P001,Ceramic Mug,1,12.00
ORD-006298,2025-09-24,P002,Travel Tumbler,2,24.00
ORD-006299,2025-09-24,P006,Cotton T-Shirt,1,25.00
ORD-006300,2025-09-25,P002,Travel Tumbler,3,24.00
ORD-006301,2025-09-25,P002,Travel Tumbler,1,21.60
ORD-006301,2025-09-25,P006,Cotton T-Shirt,1,25.00
ORD-006302,2025-09-25,P001,Ceramic Mug,1,12.00
ORD-006303,2025-09-25,P001,Ceramic Mug,1,12.00
ORD-006304,2025-09-25,P001,Ceramic Mug,1,12.00
ORD-006304,2025-09-25,P014,Scented Candle,2,16.00
ORD-006305,2025-09-25,P003,Linen Tote Bag,1,18.00
ORD-006305,2025-09-25,P012,Chef Knife,5,74.00
ORD-006306,2025-09-25,P018,Fountain Pen,1,34.20
ORD-006307,2025-09-25,P011,Bamboo Cutting Board,4,35.20
ORD-006308,2025-09-25,P001,Ceramic Mug,3,10.80
ORD-006309,2025-09-25,P001,Ceramic Mug,2,12.00
ORD-006310,2025-09-25,P001,Ceramic Mug,1,10.80
ORD-006310,2025-09-25,P005,Wool Beanie,1,22.00
ORD-006310,2025-09-25,P009,Leather Wallet,1,45.00
ORD-006311,2025-09-25,P029,Hot Sauce Trio,1,23.00
ORD-006312,2025-09-25,P001,Ceramic Mug,1,12.00
ORD-006312,2025-09-25,P002,Travel Tumbler,1,24.00
ORD-006312,2025-09-25,P004,Canvas Backpack,2,59.00
ORD-006312,2025-09-25,P006,Cotton T-Shirt,1,25.00
ORD-006313,2025-09-25,P001,Ceramic Mug,2,12.00
ORD-006314,2025-09-25,P001,Ceramic Mug,1,12.00
ORD-006315,2025-09-25,P001,Ceramic Mug,2,12.00
ORD-006316,2025-09-25,P018,Fountain Pen,1,34.20
ORD-006317,2025-09-25,P017,Notebook A5,3,9.00
ORD-006318,2025-09-25,P027,Coffee Beans 1kg,1,28.00
ORD-006319,2025-09-25,P001,Ceramic Mug,1,12.00
ORD-006320,2025-09-25,P009,Leather Wallet,2,45.00
ORD-006321,2025-09-25,P001,Ceramic Mug,1,10.80
ORD-006321,2025-09-25,P002,Travel Tumbler,1,26.40
ORD-006321,2025-09-25,P005,Wool Beanie,1,24.20
ORD-006321,2025-09-25,P031,Framed Print,2,64.00
ORD-006322,2025-09-25,P009,Leather Wallet,1,49.50
ORD-006323,2025-09-26,P001,Ceramic Mug,1,12.00
ORD-006323,2025-09-26,P002,Travel Tumbler,5,24.00
ORD-006323,2025-09-26,P003,Linen Tote Bag,1,18.00
ORD-006323,2025-09-26,P004,Canvas Backpack,4,59.00
ORD-006324,2025-09-26,P006,Cotton T-Shirt,2,27.50
ORD-006325,2025-09-26,P013,Cast Iron Pan,1,56.00
ORD-006326,2025-09-26,P001,Ceramic Mug,1,12.00
ORD-006326,2025-09-26,P004,Canvas Backpack,1,64.90
ORD-006326,2025-09-26,P006,Cotton T-Shirt,1,27.50
ORD-006327,2025-09-26,P002,Travel Tumbler,1,21.60
ORD-006327,2025-09-26,P005,Wool Beanie,2,22.00
ORD-006328,2025-09-26,P002,Travel Tumbler,1,24.00
ORD-006329,2025-09-26,P001,Ceramic Mug,3,10.80
ORD-006329,2025-09-26,P003,Linen Tote Bag,2,19.80
ORD-006329,2025-09-26,P005,Wool Beanie,1,22.00
ORD-006330,2025-09-26,P001,Ceramic Mug,2,13.20
ORD-006331,2025-09-26,P002,Travel Tumbler,3,26.40
ORD-006332,2025-09-26,P007,Denim Jacket,1,89.00
ORD-006333,2025-09-26,P010,Steel Water Bottle,1,20.00
ORD-006334,2025-09-26,P001,Ceramic Mug,1,10.80
ORD-006335,2025-09-26,P003,Linen Tote Bag,1,18.00
ORD-006336,2025-09-26,P003,Linen Tote Bag,1,18.00
ORD-006336,2025-09-26,P034,Sunglasses,3,46.00
ORD-006337,2025-09-26,P017,Notebook A5,4,9.00
ORD-006337,2025-09-26,P036,Gift Card Holder,2,7.00
ORD-006338,2025-09-26,P002,Travel Tumbler,3,24.00
ORD-006338,2025-09-26,P008,Running Socks,3,9.90
ORD-006339,2025-09-26,P003,Linen Tote Bag,5,19.80
ORD-006339,2025-09-26,P026,Herbal Tea Sampler,2,19.00
ORD-006340,2025-09-26,P004,Canvas Backpack,3,59.00
ORD-006341,2025-09-26,P003,Linen Tote Bag,2,18.00
ORD-006342,2025-09-26,P001,Ceramic Mug,1,12.00
ORD-006343,2025-09-26,P001,Ceramic Mug,3,10.80
ORD-006344,2025-09-26,P002,Travel Tumbler,1,24.00
ORD-006345,2025-09-26,P001,Ceramic Mug,1,12.00
ORD-006346,2025-09-26,P004,Canvas Backpack,2,59.00
ORD-006347,2025-09-26,P002,Travel Tumbler,3,24.00
ORD-006348,2025-09-26,P001,Ceramic Mug,1,12.00
ORD-006348,2025-09-26,P003,Linen Tote Bag,3,18.00
ORD-006348,2025-09-26,P035,Umbrella,1,23.40
ORD-006349,2025-09-26,P001,Ceramic Mug,2,12.00
ORD-006349,2025-09-26,P007,Denim Jacket,1,89.00
ORD-006350,2025-09-26,P002,Travel Tumbler,1,21.60
ORD-006350,2025-09-26,P022,Phone Case,2,15.00
ORD-006351,2025-09-26,P012,Chef Knife,1,74.00
ORD-006352,2025-09-26,P002,Travel Tumbler,1,24.00
ORD-006353,2025-09-27,P004,Canvas Backpack,2,59.00
ORD-006354,2025-09-27,P004,Canvas Backpack,1,59.00
ORD-006355,2025-09-27,P004,Canvas Backpack,3,59.00
ORD-006355,2025-09-27,P008,Running Socks,1,11.00
ORD-006355,2025-09-27,P012,Chef Knife,3,81.40
ORD-006356,2025-09-27,P011,Bamboo Cutting Board,1,32.00
ORD-006357,2025-09-27,P016,Desk Lamp,2,49.00
ORD-006358,2025-09-27,P001,Ceramic Mug,2,10.80
ORD-006358,2025-09-27,P006,Cotton T-Shirt,1,25.00
ORD-006359,2025-09-27,P016,Desk Lamp,2,44.10
ORD-006359,2025-09-27,P025,Resistance Bands,2,14.00
ORD-006360,2025-09-27,P001,Ceramic Mug,3,10.80
ORD-006361,2025-09-27,P026,Herbal Tea Sampler,1,19.00
ORD-006362,2025-09-27,P017,Notebook A5,1,9.00
ORD-006362,2025-09-27,P019,Wireless Mouse,1,31.90
ORD-006363,2025-09-27,P001,Ceramic Mug,1,10.80
ORD-006364,2025-09-27,P005,Wool Beanie,1,19.80
ORD-006364,2025-09-27,P018,Fountain Pen,2,38.00
ORD-006365,2025-09-27,P032,Throw Pillow,1,24.30
ORD-006366,2025-09-27,P001,Ceramic Mug,1,13.20
ORD-006367,2025-09-27,P001,Ceramic Mug,2,12.00
ORD-006367,2025-09-27,P004,Canvas Backpack,1,53.10
ORD-006368,2025-09-27,P001,Ceramic Mug,2,12.00
ORD-006369,2025-09-27,P001,Ceramic Mug,3,12.00
ORD-006369,2025-09-27,P011,Bamboo Cutting Board,1,32.00
ORD-006369,2025-09-27,P025,Resistance Bands,3,14.00
ORD-006370,2025-09-27,P003,Linen Tote Bag,1,18.00
ORD-006371,2025-09-27,P001,Ceramic Mug,1,12.00
ORD-006372,2025-09-27,P017,Notebook A5,4,9.00
ORD-006373,2025-09-27,P001,Ceramic Mug,1,13.20
ORD-006373,2025-09-27,P005,Wool Beanie,1,22.00
ORD-006373,2025-09-27,P023,Bluetooth Speaker,3,75.90
ORD-006374,2025-09-27,P006,Cotton T-Shirt,2,25.00
ORD-006375,2025-09-27,P001,Ceramic Mug,3,10.80
ORD-006375,2025-09-27,P013,Cast Iron Pan,1,56.00
ORD-006376,2025-09-27,P001,Ceramic Mug,2,12.00
ORD-006377,2025-09-27,P028,Olive Oil 500ml,1,21.00
ORD-006378,2025-09-27,P019,Wireless Mouse,5,29.00
ORD-006379,2025-09-27,P003,Linen Tote Bag,1,18.00
ORD-006380,2025-09-27,P003,Linen Tote Bag,1,19.80
ORD-006380,2025-09-27,P016,Desk Lamp,1,49.00
ORD-006381,2025-09-27,P007,Denim Jacket,1,89.00
ORD-006382,2025-09-27,P002,Travel Tumbler,5,24.00
ORD-006383,2025-09-27,P001,Ceramic Mug,2,13.20
ORD-006384,2025-09-28,P003,Linen Tote Bag,1,18.00
ORD-006385,2025-09-28,P022,Phone Case,1,16.50
ORD-006386,2025-09-28,P006,Cotton T-Shirt,1,25.00
ORD-006387,2025-09-28,P001,Ceramic Mug,1,12.00
ORD-006387,2025-09-28,P006,Cotton T-Shirt,2,25.00
ORD-006387,2025-09-28,P012,Chef Knife,1,74.00
ORD-006388,2025-09-28,P002,Travel Tumbler,2,26.40
ORD-006389,2025-09-28,P001,Ceramic Mug,1,13.20
ORD-006390,2025-09-28,P004,Canvas Backpack,1,59.00
ORD-006390,2025-09-28,P027,Coffee Beans 1kg,3,28.00
ORD-006391,2025-09-28,P001,Ceramic Mug,1,13.20
ORD-006392,2025-09-28,P026,Herbal Tea Sampler,2,17.10
ORD-006393,2025-09-28,P003,Linen Tote Bag,1,18.00
ORD-006393,2025-09-28,P006,Cotton T-Shirt,1,25.00
ORD-006394,2025-09-28,P018,Fountain Pen,3,34.20
ORD-006395,2025-09-28,P006,Cotton T-Shirt,2,25.00
ORD-006396,2025-09-28,P011,Bamboo Cutting Board,3,32.00
ORD-006397,2025-09-28,P022,Phone Case,1,15.00
ORD-006398,2025-09-28,P008,Running Socks,1,11.00
ORD-006399,2025-09-28,P001,Ceramic Mug,1,12.00
ORD-006399,2025-09-28,P012,Chef Knife,1,74.00
ORD-006399,2025-09-28,P013,Cast Iron Pan,2,50.40
ORD-006399,2025-09-28,P024,Yoga Mat,1,32.40
ORD-006400,2025-09-28,P001,Ceramic Mug,1,10.80
ORD-006400,2025-09-28,P025,Resistance Bands,3,12.60
ORD-006400,2025-09-28,P036,Gift Card Holder,1,7.00
ORD-006401,2025-09-28,P004,Canvas Backpack,1,59.00
ORD-006401,2025-09-28,P008,Running Socks,2,9.90
ORD-006401,2025-09-28,P010,Steel Water Bottle,1,18.00
ORD-006402,2025-09-28,P001,Ceramic Mug,1,12.00
ORD-006402,2025-09-28,P002,Travel Tumbler,2,24.00
ORD-006402,2025-09-28,P003,Linen Tote Bag,1,19.80
ORD-006402,2025-09-28,P007,Denim Jacket,1,89.00
ORD-006403,2025-09-28,P001,Ceramic Mug,1,12.00
ORD-006403,2025-09-28,P008,Running Socks,1,9.90
ORD-006403,2025-09-28,P009,Leather Wallet,1,45.00
ORD-006404,2025-09-28,P009,Leather Wallet,1,45.00
ORD-006405,2025-09-28,P001,Ceramic Mug,1,13.20
ORD-006405,2025-09-28,P002,Travel Tumbler,1,24.00
ORD-006406,2025-09-28,P003,Linen Tote Bag,2,18.00
ORD-006407,2025-09-28,P001,Ceramic Mug,1,12.00
ORD-006408,2025-09-28,P001,Ceramic Mug,1,12.00
ORD-006408,2025-09-28,P005,Wool Beanie,1,24.20
ORD-006409,2025-09-28,P001,Ceramic Mug,1,12.00
ORD-006409,2025-09-28,P011,Bamboo Cutting Board,1,32.00
ORD-006410,2025-09-29,P004,Canvas Backpack,3,64.90
ORD-006411,2025-09-29,P001,Ceramic Mug,2,13.20
ORD-006412,2025-09-29,P003,Linen Tote Bag,2,18.00
ORD-006412,2025-09-29,P021,USB-C Cable,1,9.00
ORD-006412,2025-09-29,P027,Coffee Beans 1kg,2,28.00
ORD-006413,2025-09-29,P008,Running Socks,1,11.00
ORD-006413,2025-09-29,P009,Leather Wallet,2,40.50
ORD-006414,2025-09-29,P011,Bamboo Cutting Board,1,35.20
ORD-006415,2025-09-29,P002,Travel Tumbler,1,24.00
ORD-006416,2025-09-29,P006,Cotton T-Shirt,1,25.00
ORD-006417,2025-09-29,P002,Travel Tumbler,1,24.00
ORD-006418,2025-09-29,P001,Ceramic Mug,1,12.00
ORD-006418,2025-09-29,P003,Linen Tote Bag,2,18.00
ORD-006418,2025-09-29,P005,Wool Beanie,1,19.80
ORD-006419,2025-09-29,P027,Coffee Beans 1kg,1,28.00
ORD-006420,2025-09-29,P002,Travel Tumbler,1,24.00
ORD-006421,2025-09-29,P023,Bluetooth Speaker,2,69.00
ORD-006422,2025-09-29,P009,Leather Wallet,2,45.00
ORD-006423,2025-09-29,P006,Cotton T-Shirt,5,25.00
ORD-006423,2025-09-29,P008,Running Socks,2,11.00
ORD-006423,2025-09-29,P023,Bluetooth Speaker,1,69.00
ORD-006424,2025-09-29,P001,Ceramic Mug,2,12.00
ORD-006424,2025-09-29,P004,Canvas Backpack,1,59.00
ORD-006425,2025-09-29,P031,Framed Print,2,64.00
ORD-006426,2025-09-29,P003,Linen Tote Bag,1,16.20
ORD-006427,2025-09-30,P034,Sunglasses,2,46.00
ORD-006428,2025-09-30,P001,Ceramic Mug,1,12.00
ORD-006429,2025-09-30,P001,Ceramic Mug,1,13.20
ORD-006429,2025-09-30,P002,Travel Tumbler,2,26.40
ORD-006430,2025-09-30,P034,Sunglasses,1,50.60
ORD-006431,2025-09-30,P008,Running Socks,1,9.90
ORD-006431,2025-09-30,P025,Resistance Bands,1,14.00
ORD-006432,2025-09-30,P001,Ceramic Mug,3,13.20
ORD-006433,2025-09-30,P012,Chef Knife,1,66.60
ORD-006434,2025-09-30,P021,USB-C Cable,1,10.00
ORD-006435,2025-09-30,P004,Canvas Backpack,2,53.10
ORD-006436,2025-09-30,P029,Hot Sauce Trio,3,23.00
ORD-006437,2025-09-30,P010,Steel Water Bottle,1,22.00
ORD-006437,2025-09-30,P022,Phone Case,1,15.00
ORD-006438,2025-09-30,P019,Wireless Mouse,1,29.00
ORD-006439,2025-09-30,P011,Bamboo Cutting Board,1,32.00
ORD-006440,2025-09-30,P002,Travel Tumbler,1,26.40
ORD-006441,2025-09-30,P001,Ceramic Mug,1,13.20
ORD-006442,2025-09-30,P001,Ceramic Mug,3,13.20
ORD-006442,2025-09-30,P002,Travel Tumbler,1,24.00
ORD-006442,2025-09-30,P004,Canvas Backpack,3,59.00
ORD-006442,2025-09-30,P015,Soy Wax Candle Set,1,34.00
ORD-006443,2025-09-30,P001,Ceramic Mug,2,13.20
ORD-006444,2025-09-30,P013,Cast Iron Pan,1,56.00
ORD-006445,2025-09-30,P002,Travel Tumbler,2,26.40
ORD-006446,2025-09-30,P002,Travel Tumbler,1,24.00
ORD-006447,2025-09-30,P003,Linen Tote Bag,1,16.20
ORD-006447,2025-09-30,P013,Cast Iron Pan,1,61.60
ORD-006448,2025-09-30,P003,Linen Tote Bag,1,18.00
ORD-006448,2025-09-30,P004,Canvas Backpack,1,59.00
ORD-006449,2025-09-30,P001,Ceramic Mug,3,12.00
ORD-006450,2025-09-30,P012,Chef Knife,1,74.00
ORD-006451,2025-10-01,P027,Coffee Beans 1kg,1,28.00
ORD-006452,2025-10-01,P002,Travel Tumbler,2,24.00
ORD-006452,2025-10-01,P003,Linen Tote Bag,2,18.00
ORD-006453,2025-10-01,P001,Ceramic Mug,1,12.00
ORD-006453,2025-10-01,P016,Desk Lamp,1,53.90
ORD-006453,2025-10-01,P019,Wireless Mouse,4,29.00
ORD-006454,2025-10-01,P003,Linen Tote Bag,2,18.00
ORD-006455,2025-10-01,P001,Ceramic Mug,1,12.00
ORD-006456,2025-10-01,P004,Canvas Backpack,1,64.90
ORD-006457,2025-10-01,P002,Travel Tumbler,1,24.00
ORD-006458,2025-10-01,P001,Ceramic Mug,1,12.00
ORD-006459,2025-10-01,P025,Resistance Bands,3,14.00
ORD-006460,2025-10-01,P002,Travel Tumbler,3,24.00
ORD-006460,2025-10-01,P025,Resistance Bands,4,14.00
ORD-006461,2025-10-01,P013,Cast Iron Pan,3,50.40
ORD-006462,2025-10-01,P001,Ceramic Mug,2,12.00
ORD-006462,2025-10-01,P002,Travel Tumbler,1,21.60
ORD-006463,2025-10-01,P001,Ceramic Mug,1,12.00
ORD-006463,2025-10-01,P002,Travel Tumbler,1,21.60
ORD-006464,2025-10-01,P001,Ceramic Mug,2,12.00
ORD-006464,2025-10-01,P003,Linen Tote Bag,2,18.00
ORD-006465,2025-10-01,P001,Ceramic Mug,4,12.00
ORD-006465,2025-10-01,P002,Travel Tumbler,1,26.40
ORD-006465,2025-10-01,P007,Denim Jacket,2,97.90
ORD-006466,2025-10-01,P003,Linen Tote Bag,1,18.00
ORD-006467,2025-10-01,P009,Leather Wallet,5,49.50
ORD-006467,2025-10-01,P021,USB-C Cable,1,10.00
ORD-006468,2025-10-01,P001,Ceramic Mug,2,12.00
ORD-006468,2025-10-01,P002,Travel Tumbler,1,24.00
ORD-006468,2025-10-01,P003,Linen Tote Bag,2,18.00
ORD-006469,2025-10-01,P004,Canvas Backpack,1,53.10
ORD-006470,2025-10-01,P001,Ceramic Mug,2,12.00
ORD-006470,2025-10-01,P035,Umbrella,2,23.40
ORD-006471,2025-10-01,P006,Cotton T-Shirt,4,25.00
ORD-006472,2025-10-01,P016,Desk Lamp,1,49.00
ORD-006473,2025-10-01,P011,Bamboo Cutting Board,3,32.00
ORD-006474,2025-10-01,P002,Travel Tumbler,4,24.00
ORD-006475,2025-10-01,P002,Travel Tumbler,4,24.00
ORD-006476,2025-10-01,P001,Ceramic Mug,4,13.20
ORD-006477,2025-10-01,P024,Yoga Mat,5,36.00
ORD-006478,2025-10-01,P007,Denim Jacket,1,97.90
ORD-006479,2025-10-02,P001,Ceramic Mug,1,12.00
ORD-006480,2025-10-02,P005,Wool Beanie,1,22.00
ORD-006480,2025-10-02,P006,Cotton T-Shirt,1,25.00
ORD-006481,2025-10-02,P034,Sunglasses,3,46.00
ORD-006482,2025-10-02,P002,Travel Tumbler,1,24.00
ORD-006483,2025-10-02,P006,Cotton T-Shirt,3,25.00
ORD-006483,2025-10-02,P007,Denim Jacket,1,80.10
ORD-006484,2025-10-02,P001,Ceramic Mug,3,12.00
ORD-006484,2025-10-02,P005,Wool Beanie,1,22.00
ORD-006484,2025-10-02,P008,Running Socks,4,11.00
ORD-006484,2025-10-02,P011,Bamboo Cutting Board,2,35.20
ORD-006485,2025-10-02,P004,Canvas Backpack,1,53.10
ORD-006486,2025-10-02,P003,Linen Tote Bag,3,16.20
ORD-006487,2025-10-02,P001,Ceramic Mug,1,13.20
ORD-006488,2025-10-02,P028,Olive Oil 500ml,1,18.90
ORD-006489,2025-10-02,P004,Canvas Backpack,1,53.10
ORD-006490,2025-10-02,P001,Ceramic Mug,5,12.00
ORD-006490,2025-10-02,P002,Travel Tumbler,1,26.40
ORD-006490,2025-10-02,P015,Soy Wax Candle Set,2,30.60
ORD-006491,2025-10-02,P001,Ceramic Mug,1,13.20
ORD-006492,2025-10-02,P015,Soy Wax Candle Set,1,37.40
ORD-006493,2025-10-02,P029,Hot Sauce Trio,1,23.00
ORD-006494,2025-10-02,P001,Ceramic Mug,2,12.00
ORD-006495,2025-10-02,P003,Linen Tote Bag,5,18.00
ORD-006496,2025-10-02,P002,Travel Tumbler,1,24.00
ORD-006497,2025-10-02,P018,Fountain Pen,1,38.00
ORD-006498,2025-10-02,P001,Ceramic Mug,2,13.20
ORD-006499,2025-10-03,P002,Travel Tumbler,2,21.60
ORD-006500,2025-10-03,P002,Travel Tumbler,1,26.40
ORD-006501,2025-10-03,P009,Leather Wallet,2,45.00
ORD-006502,2025-10-03,P001,Ceramic Mug,1,10.80
ORD-006502,2025-10-03,P002,Travel Tumbler,1,24.00
ORD-006502,2025-10-03,P026,Herbal Tea Sampler,1,19.00
ORD-006503,2025-10-03,P005,Wool Beanie,2,22.00
ORD-006503,2025-10-03,P027,Coffee Beans 1kg,1,25.20
ORD-006503,2025-10-03,P031,Framed Print,3,64.00
ORD-006504,2025-10-03,P001,Ceramic Mug,1,12.00
ORD-006505,2025-10-03,P001,Ceramic Mug,1,12.00
ORD-006505,2025-10-03,P007,Denim Jacket,1,89.00
ORD-006506,2025-10-03,P002,Travel Tumbler,1,24.00
ORD-006506,2025-10-03,P004,Canvas Backpack,1,53.10
ORD-006506,2025-10-03,P008,Running Socks,1,11.00
ORD-006507,2025-10-03,P015,Soy Wax Candle Set,1,30.60
ORD-006508,2025-10-03,P017,Notebook A5,2,9.00
ORD-006509,2025-10-03,P004,Canvas Backpack,1,59.00
ORD-006510,2025-10-03,P001,Ceramic Mug,1,10.80
ORD-006510,2025-10-03,P029,Hot Sauce Trio,1,23.00
ORD-006511,2025-10-03,P001,Ceramic Mug,1,12.00
ORD-006511,2025-10-03,P003,Linen Tote Bag,1,19.80
ORD-006512,2025-10-03,P001,Ceramic Mug,1,12.00
ORD-006513,2025-10-03,P003,Linen Tote Bag,1,18.00
ORD-006514,2025-10-03,P004,Canvas Backpack,3,59.00
ORD-006515,2025-10-03,P028,Olive Oil 500ml,2,23.10
ORD-006516,2025-10-03,P003,Linen Tote Bag,1,16.20
ORD-006517,2025-10-03,P006,Cotton T-Shirt,1,25.00
ORD-006517,2025-10-03,P028,Olive Oil 500ml,1,21.00
ORD-006518,2025-10-03,P001,Ceramic Mug,2,13.20
ORD-006519,2025-10-03,P001,Ceramic Mug,1,12.00
ORD-006519,2025-10-03,P007,Denim Jacket,2,89.00
ORD-006520,2025-10-03,P001,Ceramic Mug,1,12.00
ORD-006520,2025-10-03,P007,Denim Jacket,1,97.90
ORD-006520,2025-10-03,P011,Bamboo Cutting Board,1,35.20
ORD-006521,2025-10-03,P001,Ceramic Mug,3,12.00
ORD-006522,2025-10-03,P003,Linen Tote Bag,3,18.00
ORD-006523,2025-10-03,P001,Ceramic Mug,1,12.00
ORD-006524,2025-10-03,P002,Travel Tumbler,1,21.60
ORD-006524,2025-10-03,P021,USB-C Cable,4,10.00
ORD-006525,2025-10-03,P007,Denim Jacket,2,89.00
ORD-006526,2025-10-03,P022,Phone Case,1,16.50
ORD-006527,2025-10-03,P015,Soy Wax Candle Set,1,30.60
ORD-006528,2025-10-03,P003,Linen Tote Bag,1,18.00
ORD-006529,2025-10-03,P001,Ceramic Mug,3,12.00
ORD-006530,2025-10-03,P001,Ceramic Mug,5,12.00
ORD-006531,2025-10-03,P001,Ceramic Mug,1,12.00
ORD-006531,2025-10-03,P003,Linen Tote Bag,2,18.00
ORD-006531,2025-10-03,P005,Wool Beanie,5,19.80
ORD-006532,2025-10-03,P024,Yoga Mat,1,36.00
ORD-006533,2025-10-03,P017,Notebook A5,1,9.00
ORD-006534,2025-10-03,P001,Ceramic Mug,1,12.00
ORD-006535,2025-10-03,P036,Gift Card Holder,2,7.00
ORD-006536,2025-10-03,P002,Travel Tumbler,1,21.60
ORD-006537,2025-10-03,P011,Bamboo Cutting Board,1,32.00
ORD-006538,2025-10-03,P001,Ceramic Mug,1,12.00
ORD-006539,2025-10-03,P002,Travel Tumbler,5,21.60
ORD-006540,2025-10-03,P001,Ceramic Mug,1,12.00
ORD-006541,2025-10-03,P007,Denim Jacket,1,89.00
ORD-006542,2025-10-03,P002,Travel Tumbler,1,24.00
ORD-006543,2025-10-04,P021,USB-C Cable,1,11.00
ORD-006544,2025-10-04,P004,Canvas Backpack,5,53.10
ORD-006545,2025-10-04,P028,Olive Oil 500ml,1,21.00
ORD-006546,2025-10-04,P003,Linen Tote Bag,4,18.00
ORD-006547,2025-10-04,P008,Running Socks,2,11.00
ORD-006548,2025-10-04,P008,Running Socks,1,9.90
ORD-006549,2025-10-04,P002,Travel Tumbler,5,24.00
ORD-006550,2025-10-04,P009,Leather Wallet,1,45.00
ORD-006551,2025-10-04,P001,Ceramic Mug,2,13.20
ORD-006552,2025-10-04,P002,Travel Tumbler,1,24.00
ORD-006553,2025-10-04,P003,Linen Tote Bag,3,19.80
ORD-006554,2025-10-04,P001,Ceramic Mug,2,12.00
ORD-006555,2025-10-04,P019,Wireless Mouse,1,29.00
ORD-006556,2025-10-04,P017,Notebook A5,3,9.00
ORD-006556,2025-10-04,P024,Yoga Mat,1,36.00
ORD-006557,2025-10-04,P002,Travel Tumbler,2,21.60
ORD-006557,2025-10-04,P003,Linen Tote Bag,1,16.20
ORD-006558,2025-10-04,P001,Ceramic Mug,2,12.00
ORD-006558,2025-10-04,P002,Travel Tumbler,3,26.40
ORD-006558,2025-10-04,P003,Linen Tote Bag,5,18.00
ORD-006558,2025-10-04,P017,Notebook A5,1,9.00
ORD-006559,2025-10-04,P004,Canvas Backpack,1,59.00
ORD-006559,2025-10-04,P016,Desk Lamp,1,49.00
ORD-006560,2025-10-04,P005,Wool Beanie,1,22.00
ORD-006561,2025-10-04,P002,Travel Tumbler,1,24.00
ORD-006562,2025-10-04,P001,Ceramic Mug,2,12.00
ORD-006562,2025-10-04,P008,Running Socks,3,11.00
ORD-006562,2025-10-04,P021,USB-C Cable,2,10.00
ORD-006562,2025-10-04,P034,Sunglasses,1,41.40
ORD-006563,2025-10-04,P001,Ceramic Mug,1,12.00
ORD-006564,2025-10-04,P001,Ceramic Mug,2,12.00
ORD-006565,2025-10-04,P008,Running Socks,1,11.00
ORD-006566,2025-10-04,P005,Wool Beanie,5,22.00
ORD-006567,2025-10-04,P011,Bamboo Cutting Board,1,32.00
ORD-006568,2025-10-04,P001,Ceramic Mug,1,13.20
ORD-006569,2025-10-04,P001,Ceramic Mug,5,13.20
ORD-006570,2025-10-04,P001,Ceramic Mug,1,12.00
ORD-006571,2025-10-04,P004,Canvas Backpack,2,59.00
ORD-006572,2025-10-04,P001,Ceramic Mug,1,12.00
ORD-006572,2025-10-04,P002,Travel Tumbler,1,26.40
ORD-006573,2025-10-04,P001,Ceramic Mug,2,10.80
ORD-006573,2025-10-04,P004,Canvas Backpack,1,64.90
ORD-006573,2025-10-04,P014,Scented Candle,1,16.00
ORD-006573,2025-10-04,P015,Soy Wax Candle Set,1,30.60
ORD-006574,2025-10-04,P001,Ceramic Mug,3,12.00
ORD-006575,2025-10-04,P010,Steel Water Bottle,1,20.00
ORD-006576,2025-10-04,P003,Linen Tote Bag,1,19.80
ORD-006577,2025-10-04,P001,Ceramic Mug,2,10.80
ORD-006578,2025-10-04,P010,Steel Water Bottle,1,20.00
ORD-006579,2025-10-04,P001,Ceramic Mug,4,12.00
ORD-006580,2025-10-04,P007,Denim Jacket,1,89.00
ORD-006581,2025-10-04,P003,Linen Tote Bag,1,18.00
ORD-006582,2025-10-04,P003,Linen Tote Bag,1,18.00
ORD-006583,2025-10-05,P006,Cotton T-Shirt,1,22.50
ORD-006584,2025-10-05,P001,Ceramic Mug,2,13.20
ORD-006585,2025-10-05,P008,Running Socks,1,11.00
ORD-006585,2025-10-05,P012,Chef Knife,2,66.60
ORD-006586,2025-10-05,P002,Travel Tumbler,1,24.00
ORD-006586,2025-10-05,P004,Canvas Backpack,2,64.90
ORD-006587,2025-10-05,P002,Travel Tumbler,1,24.00
ORD-006588,2025-10-05,P003,Linen Tote Bag,1,19.80
ORD-006589,2025-10-05,P034,Sunglasses,4,46.00
ORD-006590,2025-10-05,P003,Linen Tote Bag,2,18.00
ORD-006591,2025-10-05,P002,Travel Tumbler,1,26.40
ORD-006592,2025-10-05,P019,Wireless Mouse,1,29.00
ORD-006593,2025-10-05,P006,Cotton T-Shirt,2,25.00
ORD-006593,2025-10-05,P013,Cast Iron Pan,1,56.00
ORD-006593,2025-10-05,P019,Wireless Mouse,1,31.90
ORD-006594,2025-10-05,P003,Linen Tote Bag,1,16.20
ORD-006595,2025-10-05,P003,Linen Tote Bag,5,19.80
ORD-006596,2025-10-05,P001,Ceramic Mug,2,12.00
ORD-006596,2025-10-05,P025,Resistance Bands,1,14.00
ORD-006597,2025-10-05,P001,Ceramic Mug,3,12.00
ORD-006598,2025-10-05,P003,Linen Tote Bag,4,19.80
ORD-006598,2025-10-05,P005,Wool Beanie,1,22.00
ORD-006599,2025-10-05,P023,Bluetooth Speaker,2,69.00
ORD-006600,2025-10-05,P002,Travel Tumbler,1,24.00
ORD-006600,2025-10-05,P024,Yoga Mat,1,32.40
ORD-006601,2025-10-05,P009,Leather Wallet,1,45.00
ORD-006602,2025-10-05,P001,Ceramic Mug,2,12.00
ORD-006603,2025-10-05,P008,Running Socks,1,11.00
ORD-006604,2025-10-05,P001,Ceramic Mug,2,13.20
ORD-006604,2025-10-05,P002,Travel Tumbler,1,21.60
ORD-006605,2025-10-05,P001,Ceramic Mug,1,12.00
ORD-006605,2025-10-05,P003,Linen Tote Bag,2,18.00
ORD-006606,2025-10-05,P020,Laptop Stand,3,42.00
ORD-006607,2025-10-05,P001,Ceramic Mug,1,12.00
ORD-006608,2025-10-05,P007,Denim Jacket,3,89.00
ORD-006609,2025-10-05,P001,Ceramic Mug,1,12.00
ORD-006610,2025-10-05,P002,Travel Tumbler,1,24.00
ORD-006611,2025-10-05,P001,Ceramic Mug,2,10.80
ORD-006612,2025-10-05,P001,Ceramic Mug,1,12.00
ORD-006612,2025-10-05,P002,Travel Tumbler,1,24.00
ORD-006612,2025-10-05,P005,Wool Beanie,1,22.00
ORD-006613,2025-10-05,P001,Ceramic Mug,1,12.00
ORD-006614,2025-10-05,P008,Running Socks,1,11.00
ORD-006614,2025-10-05,P010,Steel Water Bottle,1,18.00
ORD-006615,2025-10-05,P004,Canvas Backpack,3,59.00
ORD-006616,2025-10-05,P027,Coffee Beans 1kg,2,28.00
ORD-006617,2025-10-05,P001,Ceramic Mug,3,10.80
ORD-006618,2025-10-05,P004,Canvas Backpack,1,59.00
ORD-006619,2025-10-05,P001,Ceramic Mug,2,12.00
ORD-006620,2025-10-05,P001,Ceramic Mug,1,12.00
ORD-006621,2025-10-05,P002,Travel Tumbler,1,26.40
ORD-006622,2025-10-05,P001,Ceramic Mug,4,12.00
ORD-006623,2025-10-05,P028,Olive Oil 500ml,1,21.00
ORD-006624,2025-10-06,P011,Bamboo Cutting Board,4,35.20
ORD-006625,2025-10-06,P004,Canvas Backpack,2,59.00
ORD-006626,2025-10-06,P016,Desk Lamp,1,44.10
ORD-006627,2025-10-06,P002,Travel Tumbler,1,21.60
ORD-006628,2025-10-06,P001,Ceramic Mug,1,12.00
ORD-006629,2025-10-06,P003,Linen Tote Bag,1,16.20
ORD-006630,2025-10-06,P001,Ceramic Mug,1,12.00
ORD-006631,2025-10-06,P003,Linen Tote Bag,1,18.00
ORD-006632,2025-10-06,P010,Steel Water Bottle,1,20.00
ORD-006632,2025-10-06,P022,Phone Case,1,15.00
ORD-006633,2025-10-06,P006,Cotton T-Shirt,1,22.50
ORD-006634,2025-10-06,P003,Linen Tote Bag,1,18.00
ORD-006635,2025-10-06,P034,Sunglasses,2,50.60
ORD-006636,2025-10-06,P034,Sunglasses,1,46.00
ORD-006637,2025-10-06,P001,Ceramic Mug,1,12.00
ORD-006637,2025-10-06,P002,Travel Tumbler,1,24.00
ORD-006638,2025-10-06,P021,USB-C Cable,2,10.00
ORD-006639,2025-10-06,P014,Scented Candle,2,14.40
ORD-006640,2025-10-06,P009,Leather Wallet,1,45.00
ORD-006641,2025-10-06,P005,Wool Beanie,1,22.00
ORD-006642,2025-10-06,P001,Ceramic Mug,1,10.80
ORD-006642,2025-10-06,P022,Phone Case,1,15.00
ORD-006643,2025-10-06,P001,Ceramic Mug,2,12.00
ORD-006643,2025-10-06,P002,Travel Tumbler,2,24.00
ORD-006643,2025-10-06,P018,Fountain Pen,1,38.00
ORD-006644,2025-10-06,P001,Ceramic Mug,1,13.20
ORD-006645,2025-10-06,P001,Ceramic Mug,1,12.00
ORD-006646,2025-10-06,P006,Cotton T-Shirt,2,25.00
ORD-006647,2025-10-06,P001,Ceramic Mug,1,13.20
ORD-006648,2025-10-06,P002,Travel Tumbler,1,24.00
ORD-006648,2025-10-06,P016,Desk Lamp,1,49.00
ORD-006649,2025-10-06,P028,Olive Oil 500ml,1,21.00
ORD-006650,2025-10-06,P010,Steel Water Bottle,1,20.00
ORD-006651,2025-10-06,P001,Ceramic Mug,3,12.00
ORD-006652,2025-10-06,P002,Travel Tumbler,3,26.40
ORD-006652,2025-10-06,P013,Cast Iron Pan,5,61.60
ORD-006653,2025-10-06,P001,Ceramic Mug,1,12.00
ORD-006653,2025-10-06,P007,Denim Jacket,2,89.00
ORD-006654,2025-10-06,P001,Ceramic Mug,3,10.80
ORD-006655,2025-10-06,P003,Linen Tote Bag,2,18.00
ORD-006656,2025-10-06,P031,Framed Print,1,70.40
ORD-006657,2025-10-06,P002,Travel Tumbler,1,24.00
ORD-006658,2025-10-06,P001,Ceramic Mug,5,12.00
ORD-006659,2025-10-06,P001,Ceramic Mug,3,12.00
ORD-006660,2025-10-07,P012,Chef Knife,2,74.00
ORD-006661,2025-10-07,P023,Bluetooth Speaker,1,69.00
ORD-006662,2025-10-07,P001,Ceramic Mug,1,12.00
ORD-006663,2025-10-07,P003,Linen Tote Bag,2,18.00
ORD-006663,2025-10-07,P008,Running Socks,3,11.00
ORD-006664,2025-10-07,P014,Scented Candle,1,16.00
ORD-006664,2025-10-07,P024,Yoga Mat,1,36.00
ORD-006665,2025-10-07,P002,Travel Tumbler,3,26.40
ORD-006666,2025-10-07,P001,Ceramic Mug,2,10.80
ORD-006667,2025-10-07,P001,Ceramic Mug,1,10.80
ORD-006668,2025-10-07,P001,Ceramic Mug,4,13.20
ORD-006668,2025-10-07,P007,Denim Jacket,1,89.00
ORD-006669,2025-10-07,P001,Ceramic Mug,2,12.00
ORD-006669,2025-10-07,P024,Yoga Mat,1,36.00
ORD-006670,2025-10-07,P003,Linen Tote Bag,3,18.00
ORD-006670,2025-10-07,P021,USB-C Cable,1,10.00
ORD-006671,2025-10-07,P023,Bluetooth Speaker,1,69.00
ORD-006672,2025-10-07,P001,Ceramic Mug,3,12.00
ORD-006672,2025-10-07,P002,Travel Tumbler,2,21.60
ORD-006672,2025-10-07,P013,Cast Iron Pan,2,56.00
ORD-006673,2025-10-07,P009,Leather Wallet,1,45.00
ORD-006674,2025-10-07,P001,Ceramic Mug,5,12.00
ORD-006675,2025-10-07,P033,Wool Blanket,1,79.00
ORD-006676,2025-10-07,P036,Gift Card Holder,1,7.00
ORD-006677,2025-10-07,P015,Soy Wax Candle Set,1,34.00
ORD-006678,2025-10-07,P035,Umbrella,1,26.00
ORD-006679,2025-10-07,P003,Linen Tote Bag,3,18.00
ORD-006680,2025-10-07,P004,Canvas Backpack,1,59.00
ORD-006681,2025-10-07,P008,Running Socks,2,11.00
ORD-006682,2025-10-07,P006,Cotton T-Shirt,1,25.00
ORD-006683,2025-10-07,P001,Ceramic Mug,1,12.00
ORD-006684,2025-10-07,P017,Notebook A5,2,9.00
ORD-006684,2025-10-07,P024,Yoga Mat,1,36.00
ORD-006685,2025-10-07,P001,Ceramic Mug,1,12.00
ORD-006685,2025-10-07,P009,Leather Wallet,1,49.50
ORD-006685,2025-10-07,P033,Wool Blanket,1,79.00
ORD-006686,2025-10-07,P015,Soy Wax Candle Set,2,34.00
ORD-006687,2025-10-07,P001,Ceramic Mug,3,12.00
ORD-006687,2025-10-07,P004,Canvas Backpack,1,53.10
ORD-006688,2025-10-07,P016,Desk Lamp,1,49.00
ORD-006689,2025-10-07,P008,Running Socks,2,11.00
ORD-006690,2025-10-08,P001,Ceramic Mug,1,12.00
ORD-006691,2025-10-08,P001,Ceramic Mug,3,12.00
ORD-006692,2025-10-08,P001,Ceramic Mug,3,12.00
ORD-006692,2025-10-08,P016,Desk Lamp,1,49.00
ORD-006693,2025-10-08,P004,Canvas Backpack,2,59.00
ORD-006694,2025-10-08,P002,Travel Tumbler,3,24.00
ORD-006695,2025-10-08,P018,Fountain Pen,3,38.00
ORD-006696,2025-10-08,P001,Ceramic Mug,1,12.00
ORD-006696,2025-10-08,P013,Cast Iron Pan,1,56.00
ORD-006696,2025-10-08,P015,Soy Wax Candle Set,1,34.00
ORD-006696,2025-10-08,P032,Throw Pillow,1,27.00
ORD-006697,2025-10-08,P002,Travel Tumbler,2,24.00
ORD-006698,2025-10-08,P001,Ceramic Mug,1,12.00
ORD-006699,2025-10-08,P001,Ceramic Mug,1,12.00
ORD-006699,2025-10-08,P008,Running Socks,1,9.90
ORD-006699,2025-10-08,P032,Throw Pillow,3,29.70
ORD-006700,2025-10-08,P003,Linen Tote Bag,3,18.00
ORD-006700,2025-10-08,P009,Leather Wallet,1,49.50
ORD-006701,2025-10-08,P003,Linen Tote Bag,1,16.20
ORD-006702,2025-10-08,P019,Wireless Mouse,1,29.00
ORD-006703,2025-10-08,P010,Steel Water Bottle,1,20.00
ORD-006704,2025-10-08,P006,Cotton T-Shirt,1,27.50
ORD-006704,2025-10-08,P019,Wireless Mouse,1,29.00
ORD-006705,2025-10-08,P005,Wool Beanie,1,22.00
ORD-006706,2025-10-08,P006,Cotton T-Shirt,1,25.00
ORD-006706,2025-10-08,P007,Denim Jacket,2,89.00
ORD-006707,2025-10-08,P003,Linen Tote Bag,1,18.00
ORD-006708,2025-10-09,P001,Ceramic Mug,3,12.00
ORD-006709,2025-10-09,P001,Ceramic Mug,1,12.00
ORD-006709,2025-10-09,P002,Travel Tumbler,1,24.00
ORD-006710,2025-10-09,P002,Travel Tumbler,1,24.00
ORD-006711,2025-10-09,P002,Travel Tumbler,1,24.00
ORD-006712,2025-10-09,P003,Linen Tote Bag,2,18.00
ORD-006713,2025-10-09,P001,Ceramic Mug,3,12.00
ORD-006714,2025-10-09,P004,Canvas Backpack,2,59.00
ORD-006715,2025-10-09,P002,Travel Tumbler,1,24.00
ORD-006715,2025-10-09,P022,Phone Case,1,15.00
ORD-006716,2025-10-09,P001,Ceramic Mug,1,12.00
ORD-006717,2025-10-09,P003,Linen Tote Bag,1,18.00
ORD-006718,2025-10-09,P003,Linen Tote Bag,1,19.80
ORD-006719,2025-10-09,P001,Ceramic Mug,2,10.80
ORD-006720,2025-10-09,P004,Canvas Backpack,2,59.00
ORD-006721,2025-10-09,P001,Ceramic Mug,1,12.00
ORD-006721,2025-10-09,P003,Linen Tote Bag,5,19.80
ORD-006722,2025-10-09,P002,Travel Tumbler,2,24.00
ORD-006722,2025-10-09,P004,Canvas Backpack,1,59.00
ORD-006723,2025-10-09,P002,Travel Tumbler,1,24.00
ORD-006723,2025-10-09,P014,Scented Candle,1,16.00
ORD-006724,2025-10-09,P001,Ceramic Mug,3,12.00
ORD-006725,2025-10-09,P005,Wool Beanie,2,24.20
ORD-006725,2025-10-09,P009,Leather Wallet,1,45.00
ORD-006725,2025-10-09,P014,Scented Candle,2,17.60
ORD-006726,2025-10-09,P001,Ceramic Mug,2,13.20
ORD-006727,2025-10-09,P014,Scented Candle,1,16.00
ORD-006728,2025-10-09,P002,Travel Tumbler,4,24.00
ORD-006729,2025-10-10,P001,Ceramic Mug,1,12.00
ORD-006729,2025-10-10,P014,Scented Candle,2,17.60
ORD-006730,2025-10-10,P001,Ceramic Mug,5,12.00
ORD-006730,2025-10-10,P011,Bamboo Cutting Board,3,35.20
ORD-006731,2025-10-10,P002,Travel Tumbler,1,21.60
ORD-006731,2025-10-10,P004,Canvas Backpack,4,59.00
ORD-006731,2025-10-10,P031,Framed Print,5,70.40
ORD-006732,2025-10-10,P001,Ceramic Mug,1,12.00
ORD-006732,2025-10-10,P003,Linen Tote Bag,3,16.20
ORD-006732,2025-10-10,P027,Coffee Beans 1kg,1,25.20
ORD-006733,2025-10-10,P004,Canvas Backpack,3,64.90
ORD-006733,2025-10-10,P011,Bamboo Cutting Board,1,32.00
ORD-006733,2025-10-10,P029,Hot Sauce Trio,1,23.00
ORD-006734,2025-10-10,P024,Yoga Mat,1,39.60
ORD-006735,2025-10-10,P001,Ceramic Mug,1,12.00
ORD-006735,2025-10-10,P004,Canvas Backpack,1,59.00
ORD-006736,2025-10-10,P001,Ceramic Mug,1,12.00
ORD-006736,2025-10-10,P007,Denim Jacket,1,89.00
ORD-006737,2025-10-10,P002,Travel Tumbler,1,24.00
ORD-006738,2025-10-10,P006,Cotton T-Shirt,5,25.00
ORD-006739,2025-10-10,P002,Travel Tumbler,2,26.40
ORD-006740,2025-10-10,P001,Ceramic Mug,1,12.00
ORD-006740,2025-10-10,P012,Chef Knife,1,74.00
ORD-006741,2025-10-10,P002,Travel Tumbler,1,24.00
ORD-006741,2025-10-10,P004,Canvas Backpack,2,53.10
ORD-006741,2025-10-10,P011,Bamboo Cutting Board,2,32.00
ORD-006742,2025-10-10,P008,Running Socks,4,11.00
ORD-006743,2025-10-10,P003,Linen Tote Bag,3,18.00
ORD-006743,2025-10-10,P010,Steel Water Bottle,4,20.00
ORD-006744,2025-10-10,P009,Leather Wallet,4,40.50
ORD-006745,2025-10-10,P001,Ceramic Mug,3,12.00
ORD-006746,2025-10-10,P033,Wool Blanket,1,79.00
ORD-006747,2025-10-10,P001,Ceramic Mug,1,12.00
ORD-006747,2025-10-10,P009,Leather Wallet,2,45.00
ORD-006748,2025-10-10,P006,Cotton T-Shirt,1,25.00
ORD-006748,2025-10-10,P009,Leather Wallet,1,45.00
ORD-006749,2025-10-10,P006,Cotton T-Shirt,4,22.50
ORD-006750,2025-10-10,P001,Ceramic Mug,1,12.00
ORD-006751,2025-10-10,P002,Travel Tumbler,2,21.60
ORD-006752,2025-10-10,P014,Scented Candle,5,16.00
ORD-006753,2025-10-10,P022,Phone Case,1,15.00
ORD-006754,2025-10-11,P001,Ceramic Mug,1,13.20
ORD-006755,2025-10-11,P002,Travel Tumbler,2,26.40
ORD-006755,2025-10-11,P020,Laptop Stand,2,42.00
ORD-006756,2025-10-11,P028,Olive Oil 500ml,4,18.90
ORD-006757,2025-10-11,P001,Ceramic Mug,2,10.80
ORD-006758,2025-10-11,P003,Linen Tote Bag,1,18.00
ORD-006759,2025-10-11,P001,Ceramic Mug,3,12.00
ORD-006759,2025-10-11,P005,Wool Beanie,1,22.00
ORD-006759,2025-10-11,P009,Leather Wallet,1,45.00
ORD-006760,2025-10-11,P001,Ceramic Mug,1,12.00
ORD-006761,2025-10-11,P010,Steel Water Bottle,1,22.00
ORD-006762,2025-10-11,P003,Linen Tote Bag,2,18.00
ORD-006763,2025-10-11,P001,Ceramic Mug,1,12.00
ORD-006763,2025-10-11,P004,Canvas Backpack,1,59.00
ORD-006763,2025-10-11,P017,Notebook A5,1,8.10
ORD-006763,2025-10-11,P021,USB-C Cable,1,10.00
ORD-006764,2025-10-11,P001,Ceramic Mug,1,12.00
ORD-006764,2025-10-11,P007,Denim Jacket,1,89.00
ORD-006764,2025-10-11,P011,Bamboo Cutting Board,1,28.80
ORD-006764,2025-10-11,P025,Resistance Bands,1,15.40
ORD-006765,2025-10-11,P001,Ceramic Mug,1,12.00
ORD-006765,2025-10-11,P027,Coffee Beans 1kg,1,28.00
ORD-006766,2025-10-11,P003,Linen Tote Bag,1,16.20
ORD-006767,2025-10-11,P003,Linen Tote Bag,1,18.00
ORD-006768,2025-10-11,P013,Cast Iron Pan,3,61.60
ORD-006769,2025-10-11,P001,Ceramic Mug,3,12.00
ORD-006770,2025-10-11,P002,Travel Tumbler,1,24.00
ORD-006771,2025-10-11,P001,Ceramic Mug,3,10.80
ORD-006772,2025-10-11,P004,Canvas Backpack,1,64.90
ORD-006772,2025-10-11,P007,Denim Jacket,2,89.00
ORD-006772,2025-10-11,P008,Running Socks,5,11.00
ORD-006773,2025-10-11,P001,Ceramic Mug,2,13.20
ORD-006773,2025-10-11,P008,Running Socks,1,11.00
ORD-006773,2025-10-11,P013,Cast Iron Pan,1,56.00
ORD-006774,2025-10-11,P011,Bamboo Cutting Board,3,32.00
ORD-006775,2025-10-11,P007,Denim Jacket,5,97.90
ORD-006776,2025-10-11,P001,Ceramic Mug,1,12.00
ORD-006776,2025-10-11,P027,Coffee Beans 1kg,2,30.80
ORD-006777,2025-10-11,P007,Denim Jacket,2,97.90
ORD-006778,2025-10-11,P001,Ceramic Mug,3,12.00
ORD-006779,2025-10-11,P002,Travel Tumbler,1,24.00
ORD-006779,2025-10-11,P003,Linen Tote Bag,1,18.00
ORD-006780,2025-10-11,P001,Ceramic Mug,5,12.00
ORD-006781,2025-10-11,P001,Ceramic Mug,2,12.00
ORD-006782,2025-10-11,P014,Scented Candle,1,16.00
ORD-006783,2025-10-11,P002,Travel Tumbler,3,24.00
ORD-006783,2025-10-11,P006,Cotton T-Shirt,1,25.00
ORD-006784,2025-10-11,P003,Linen Tote Bag,1,16.20
ORD-006784,2025-10-11,P008,Running Socks,1,11.00
ORD-006784,2025-10-11,P010,Steel Water Bottle,1,20.00
ORD-006785,2025-10-11,P001,Ceramic Mug,2,10.80
ORD-006786,2025-10-11,P036,Gift Card Holder,1,7.00
ORD-006787,2025-10-11,P001,Ceramic Mug,2,12.00
ORD-006787,2025-10-11,P014,Scented Candle,1,16.00
ORD-006788,2025-10-12,P001,Ceramic Mug,2,10.80
ORD-006788,2025-10-12,P002,Travel Tumbler,2,24.00
ORD-006788,2025-10-12,P009,Leather Wallet,1,45.00
ORD-006788,2025-10-12,P027,Coffee Beans 1kg,1,28.00
ORD-006789,2025-10-12,P003,Linen Tote Bag,1,16.20
ORD-006790,2025-10-12,P001,Ceramic Mug,1,12.00
ORD-006790,2025-10-12,P002,Travel Tumbler,3,24.00
ORD-006790,2025-10-12,P014,Scented Candle,1,16.00
ORD-006791,2025-10-12,P002,Travel Tumbler,1,26.40
ORD-006792,2025-10-12,P001,Ceramic Mug,1,13.20
ORD-006793,2025-10-12,P016,Desk Lamp,1,49.00
ORD-006794,2025-10-12,P029,Hot Sauce Trio,1,20.70
ORD-006795,2025-10-12,P001,Ceramic Mug,1,12.00
ORD-006796,2025-10-12,P001,Ceramic Mug,1,10.80
ORD-006796,2025-10-12,P002,Travel Tumbler,4,24.00
ORD-006797,2025-10-12,P002,Travel Tumbler,1,24.00
ORD-006797,2025-10-12,P005,Wool Beanie,1,22.00
ORD-006798,2025-10-12,P002,Travel Tumbler,1,21.60
ORD-006799,2025-10-12,P026,Herbal Tea Sampler,2,19.00
ORD-006800,2025-10-12,P001,Ceramic Mug,1,12.00
ORD-006801,2025-10-12,P005,Wool Beanie,3,22.00
ORD-006802,2025-10-12,P002,Travel Tumbler,1,21.60
ORD-006803,2025-10-12,P002,Travel Tumbler,5,26.40
ORD-006804,2025-10-12,P008,Running Socks,5,12.10
ORD-006804,2025-10-12,P019,Wireless Mouse,1,29.00
ORD-006805,2025-10-12,P006,Cotton T-Shirt,2,25.00
ORD-006805,2025-10-12,P028,Olive Oil 500ml,4,21.00
ORD-006806,2025-10-12,P002,Travel Tumbler,4,24.00
ORD-006807,2025-10-12,P002,Travel Tumbler,2,24.00
ORD-006808,2025-10-12,P034,Sunglasses,1,46.00
ORD-006809,2025-10-12,P006,Cotton T-Shirt,1,22.50
ORD-006810,2025-10-12,P002,Travel Tumbler,3,21.60
ORD-006810,2025-10-12,P004,Canvas Backpack,4,59.00
ORD-006811,2025-10-12,P001,Ceramic Mug,2,10.80
ORD-006812,2025-10-12,P003,Linen Tote Bag,1,19.80
ORD-006812,2025-10-12,P006,Cotton T-Shirt,1,25.00
ORD-006813,2025-10-12,P001,Ceramic Mug,4,12.00
ORD-006814,2025-10-12,P006,Cotton T-Shirt,3,25.00
ORD-006815,2025-10-12,P001,Ceramic Mug,2,13.20
ORD-006816,2025-10-12,P002,Travel Tumbler,5,24.00
ORD-006817,2025-10-12,P001,Ceramic Mug,2,12.00
ORD-006818,2025-10-12,P014,Scented Candle,1,16.00
ORD-006819,2025-10-12,P007,Denim Jacket,3,97.90
ORD-006820,2025-10-12,P028,Olive Oil 500ml,1,21.00
ORD-006820,2025-10-12,P031,Framed Print,3,64.00
ORD-006821,2025-10-12,P001,Ceramic Mug,2,12.00
ORD-006821,2025-10-12,P002,Travel Tumbler,1,21.60
ORD-006821,2025-10-12,P016,Desk Lamp,1,49.00
ORD-006821,2025-10-12,P021,USB-C Cable,1,10.00
ORD-006822,2025-10-12,P003,Linen Tote Bag,2,18.00
ORD-006823,2025-10-13,P002,Travel Tumbler,1,24.00
ORD-006824,2025-10-13,P001,Ceramic Mug,1,12.00
ORD-006825,2025-10-13,P001,Ceramic Mug,1,12.00
ORD-006825,2025-10-13,P017,Notebook A5,1,9.00
ORD-006826,2025-10-13,P009,Leather Wallet,1,45.00
ORD-006827,2025-10-13,P009,Leather Wallet,2,45.00
ORD-006828,2025-10-13,P010,Steel Water Bottle,4,20.00
ORD-006829,2025-10-13,P001,Ceramic Mug,2,10.80
ORD-006830,2025-10-13,P026,Herbal Tea Sampler,3,17.10
ORD-006831,2025-10-13,P001,Ceramic Mug,2,12.00
ORD-006831,2025-10-13,P004,Canvas Backpack,3,64.90
ORD-006832,2025-10-13,P002,Travel Tumbler,3,26.40
ORD-006833,2025-10-13,P001,Ceramic Mug,1,10.80
ORD-006834,2025-10-13,P009,Leather Wallet,3,45.00
ORD-006834,2025-10-13,P012,Chef Knife,3,74.00
ORD-006835,2025-10-13,P006,Cotton T-Shirt,4,22.50
ORD-006836,2025-10-13,P001,Ceramic Mug,5,10.80
ORD-006837,2025-10-13,P009,Leather Wallet,1,45.00
ORD-006838,2025-10-13,P004,Canvas Backpack,1,59.00
ORD-006838,2025-10-13,P022,Phone Case,1,16.50
ORD-006839,2025-10-13,P013,Cast Iron Pan,5,56.00
ORD-006840,2025-10-13,P002,Travel Tumbler,1,24.00
ORD-006840,2025-10-13,P007,Denim Jacket,1,80.10
ORD-006841,2025-10-13,P005,Wool Beanie,2,22.00
ORD-006842,2025-10-13,P002,Travel Tumbler,3,24.00
ORD-006843,2025-10-13,P001,Ceramic Mug,4,12.00
ORD-006843,2025-10-13,P035,Umbrella,1,23.40
ORD-006844,2025-10-13,P001,Ceramic Mug,2,12.00
ORD-006845,2025-10-13,P001,Ceramic Mug,1,12.00
ORD-006846,2025-10-13,P001,Ceramic Mug,1,12.00
ORD-006847,2025-10-13,P001,Ceramic Mug,1,12.00
ORD-006847,2025-10-13,P003,Linen Tote Bag,1,16.20
ORD-006847,2025-10-13,P006,Cotton T-Shirt,1,25.00
ORD-006848,2025-10-13,P006,Cotton T-Shirt,1,27.50
ORD-006849,2025-10-13,P007,Denim Jacket,1,89.00
ORD-006850,2025-10-14,P025,Resistance Bands,1,15.40
ORD-006851,2025-10-14,P012,Chef Knife,1,74.00
ORD-006852,2025-10-14,P002,Travel Tumbler,2,24.00
ORD-006853,2025-10-14,P002,Travel Tumbler,1,26.40
ORD-006854,2025-10-14,P017,Notebook A5,2,9.00
ORD-006855,2025-10-14,P001,Ceramic Mug,5,12.00
ORD-006856,2025-10-14,P002,Travel Tumbler,1,24.00
ORD-006857,2025-10-14,P001,Ceramic Mug,3,12.00
ORD-006858,2025-10-14,P005,Wool Beanie,4,19.80
ORD-006859,2025-10-14,P001,Ceramic Mug,1,12.00
ORD-006860,2025-10-14,P036,Gift Card Holder,1,6.30
ORD-006861,2025-10-14,P004,Canvas Backpack,4,59.00
ORD-006862,2025-10-14,P002,Travel Tumbler,2,26.40
ORD-006863,2025-10-14,P003,Linen Tote Bag,1,19.80
ORD-006864,2025-10-14,P016,Desk Lamp,5,49.00
ORD-006865,2025-10-14,P008,Running Socks,1,9.90
ORD-006866,2025-10-14,P002,Travel Tumbler,1,24.00
ORD-006867,2025-10-14,P004,Canvas Backpack,2,53.10
ORD-006868,2025-10-14,P013,Cast Iron Pan,1,56.00
ORD-006869,2025-10-14,P006,Cotton T-Shirt,1,25.00
ORD-006870,2025-10-14,P001,Ceramic Mug,4,12.00
ORD-006871,2025-10-14,P001,Ceramic Mug,3,12.00
ORD-006872,2025-10-14,P004,Canvas Backpack,1,59.00
ORD-006873,2025-10-14,P001,Ceramic Mug,1,12.00
ORD-006873,2025-10-14,P005,Wool Beanie,1,22.00
ORD-006873,2025-10-14,P009,Leather Wallet,1,45.00
ORD-006874,2025-10-14,P002,Travel Tumbler,1,24.00
ORD-006874,2025-10-14,P012,Chef Knife,1,74.00
ORD-006874,2025-10-14,P020,Laptop Stand,5,42.00
ORD-006874,2025-10-14,P032,Throw Pillow,1,27.00
ORD-006875,2025-10-14,P004,Canvas Backpack,3,59.00
ORD-006876,2025-10-14,P007,Denim Jacket,1,80.10
ORD-006876,2025-10-14,P032,Throw Pillow,2,27.00
ORD-006877,2025-10-15,P001,Ceramic Mug,2,13.20
ORD-006878,2025-10-15,P001,Ceramic Mug,5,13.20
ORD-006879,2025-10-15,P003,Linen Tote Bag,1,19.80
ORD-006880,2025-10-15,P003,Linen Tote Bag,2,18.00
ORD-006881,2025-10-15,P001,Ceramic Mug,3,12.00
ORD-006881,2025-10-15,P004,Canvas Backpack,2,59.00
ORD-006882,2025-10-15,P002,Travel Tumbler,2,26.40
ORD-006883,2025-10-15,P004,Canvas Backpack,1,59.00
ORD-006884,2025-10-15,P003,Linen Tote Bag,3,18.00
ORD-006885,2025-10-15,P004,Canvas Backpack,1,59.00
ORD-006886,2025-10-15,P003,Linen Tote Bag,1,18.00
ORD-006887,2025-10-15,P002,Travel Tumbler,1,24.00
ORD-006888,2025-10-15,P025,Resistance Bands,2,12.60
ORD-006889,2025-10-15,P003,Linen Tote Bag,1,18.00
ORD-006890,2025-10-15,P001,Ceramic Mug,3,12.00
ORD-006890,2025-10-15,P003,Linen Tote Bag,1,18.00
ORD-006890,2025-10-15,P019,Wireless Mouse,2,29.00
ORD-006891,2025-10-15,P004,Canvas Backpack,2,59.00
ORD-006891,2025-10-15,P005,Wool Beanie,1,22.00
ORD-006891,2025-10-15,P014,Scented Candle,1,17.60
ORD-006892,2025-10-15,P001,Ceramic Mug,2,12.00
ORD-006892,2025-10-15,P002,Travel Tumbler,3,24.00
ORD-006893,2025-10-15,P003,Linen Tote Bag,1,18.00
ORD-006893,2025-10-15,P014,Scented Candle,1,16.00
ORD-006894,2025-10-16,P001,Ceramic Mug,1,12.00
ORD-006895,2025-10-16,P023,Bluetooth Speaker,1,75.90
ORD-006896,2025-10-16,P001,Ceramic Mug,3,12.00
ORD-006896,2025-10-16,P017,Notebook A5,1,9.00
ORD-006897,2025-10-16,P002,Travel Tumbler,1,24.00
ORD-006897,2025-10-16,P036,Gift Card Holder,5,7.70
ORD-006898,2025-10-16,P004,Canvas Backpack,1,59.00
ORD-006898,2025-10-16,P013,Cast Iron Pan,1,56.00
ORD-006898,2025-10-16,P017,Notebook A5,2,9.00
ORD-006899,2025-10-16,P001,Ceramic Mug,1,12.00
ORD-006899,2025-10-16,P002,Travel Tumbler,1,24.00
ORD-006899,2025-10-16,P022,Phone Case,1,15.00
ORD-006899,2025-10-16,P026,Herbal Tea Sampler,1,20.90
ORD-006900,2025-10-16,P013,Cast Iron Pan,1,61.60
ORD-006901,2025-10-16,P004,Canvas Backpack,1,59.00
ORD-006902,2025-10-16,P001,Ceramic Mug,1,12.00
ORD-006903,2025-10-16,P004,Canvas Backpack,1,64.90
ORD-006904,2025-10-16,P006,Cotton T-Shirt,1,25.00
ORD-006905,2025-10-16,P035,Umbrella,1,23.40
ORD-006906,2025-10-16,P001,Ceramic Mug,1,12.00
ORD-006906,2025-10-16,P012,Chef Knife,2,74.00
ORD-006906,2025-10-16,P026,Herbal Tea Sampler,4,17.10
ORD-006907,2025-10-16,P001,Ceramic Mug,1,12.00
ORD-006908,2025-10-16,P001,Ceramic Mug,3,12.00
ORD-006909,2025-10-16,P003,Linen Tote Bag,2,18.00
ORD-006909,2025-10-16,P012,Chef Knife,1,74.00
ORD-006910,2025-10-16,P001,Ceramic Mug,1,13.20
ORD-006911,2025-10-16,P002,Travel Tumbler,1,24.00
ORD-006912,2025-10-17,P002,Travel Tumbler,2,26.40
ORD-006913,2025-10-17,P003,Linen Tote Bag,1,18.00
ORD-006914,2025-10-17,P002,Travel Tumbler,1,24.00
ORD-006915,2025-10-17,P003,Linen Tote Bag,1,18.00
ORD-006916,2025-10-17,P025,Resistance Bands,3,14.00
ORD-006917,2025-10-17,P001,Ceramic Mug,2,12.00
ORD-006918,2025-10-17,P020,Laptop Stand,1,37.80
ORD-006919,2025-10-17,P019,Wireless Mouse,2,29.00
ORD-006920,2025-10-17,P002,Travel Tumbler,4,24.00
ORD-006920,2025-10-17,P008,Running Socks,1,9.90
ORD-006921,2025-10-17,P001,Ceramic Mug,1,13.20
ORD-006922,2025-10-17,P001,Ceramic Mug,1,12.00
ORD-006923,2025-10-17,P001,Ceramic Mug,1,12.00
ORD-006924,2025-10-17,P001,Ceramic Mug,2,13.20
ORD-006925,2025-10-17,P028,Olive Oil 500ml,1,18.90
ORD-006926,2025-10-17,P001,Ceramic Mug,1,12.00
ORD-006927,2025-10-17,P001,Ceramic Mug,1,13.20
ORD-006928,2025-10-17,P001,Ceramic Mug,1,13.20
ORD-006929,2025-10-17,P003,Linen Tote Bag,1,18.00
ORD-006929,2025-10-17,P006,Cotton T-Shirt,2,25.00
ORD-006929,2025-10-17,P020,Laptop Stand,3,46.20
ORD-006930,2025-10-17,P001,Ceramic Mug,2,12.00
ORD-006931,2025-10-17,P001,Ceramic Mug,2,12.00
ORD-006932,2025-10-17,P001,Ceramic Mug,3,12.00
ORD-006933,2025-10-17,P001,Ceramic Mug,5,12.00
ORD-006933,2025-10-17,P008,Running Socks,2,9.90
ORD-006934,2025-10-17,P008,Running Socks,2,11.00
ORD-006935,2025-10-17,P001,Ceramic Mug,1,13.20
ORD-006935,2025-10-17,P007,Denim Jacket,3,89.00
ORD-006936,2025-10-17,P001,Ceramic Mug,2,12.00
ORD-006937,2025-10-17,P002,Travel Tumbler,1,24.00
ORD-006937,2025-10-17,P009,Leather Wallet,1,45.00
ORD-006938,2025-10-17,P006,Cotton T-Shirt,2,22.50
ORD-006939,2025-10-17,P007,Denim Jacket,1,80.10
ORD-006940,2025-10-17,P001,Ceramic Mug,1,10.80
ORD-006941,2025-10-18,P013,Cast Iron Pan,1,61.60
ORD-006942,2025-10-18,P002,Travel Tumbler,4,24.00
ORD-006943,2025-10-18,P001,Ceramic Mug,1,12.00
ORD-006943,2025-10-18,P002,Travel Tumbler,1,24.00
ORD-006944,2025-10-18,P019,Wireless Mouse,1,29.00
ORD-006945,2025-10-18,P001,Ceramic Mug,1,12.00
ORD-006945,2025-10-18,P002,Travel Tumbler,2,24.00
ORD-006946,2025-10-18,P001,Ceramic Mug,3,12.00
ORD-006947,2025-10-18,P007,Denim Jacket,1,80.10
ORD-006947,2025-10-18,P017,Notebook A5,1,9.00
ORD-006948,2025-10-18,P007,Denim Jacket,2,89.00
ORD-006949,2025-10-18,P031,Framed Print,2,64.00
ORD-006950,2025-10-18,P001,Ceramic Mug,1,12.00
ORD-006951,2025-10-18,P008,Running Socks,1,12.10
ORD-006952,2025-10-18,P001,Ceramic Mug,3,10.80
ORD-006953,2025-10-18,P001,Ceramic Mug,3,12.00
ORD-006954,2025-10-18,P001,Ceramic Mug,1,13.20
ORD-006955,2025-10-18,P004,Canvas Backpack,3,59.00
ORD-006955,2025-10-18,P005,Wool Beanie,2,24.20
ORD-006956,2025-10-18,P001,Ceramic Mug,2,12.00
ORD-006957,2025-10-18,P001,Ceramic Mug,1,10.80
ORD-006958,2025-10-18,P002,Travel Tumbler,1,24.00
ORD-006958,2025-10-18,P005,Wool Beanie,2,22.00
ORD-006959,2025-10-18,P002,Travel Tumbler,1,24.00
ORD-006960,2025-10-18,P007,Denim Jacket,3,89.00
ORD-006961,2025-10-18,P005,Wool Beanie,3,22.00
ORD-006962,2025-10-18,P002,Travel Tumbler,1,24.00
ORD-006962,2025-10-18,P014,Scented Candle,1,16.00
ORD-006963,2025-10-18,P003,Linen Tote Bag,1,19.80
ORD-006964,2025-10-18,P001,Ceramic Mug,1,12.00
ORD-006965,2025-10-18,P016,Desk Lamp,1,49.00
ORD-006966,2025-10-18,P035,Umbrella,2,26.00
ORD-006967,2025-10-18,P001,Ceramic Mug,2,12.00
ORD-006967,2025-10-18,P002,Travel Tumbler,1,21.60
ORD-006968,2025-10-18,P001,Ceramic Mug,1,12.00
ORD-006969,2025-10-18,P006,Cotton T-Shirt,1,25.00
ORD-006970,2025-10-18,P001,Ceramic Mug,1,13.20
ORD-006971,2025-10-19,P003,Linen Tote Bag,2,18.00
ORD-006971,2025-10-19,P005,Wool Beanie,2,22.00
ORD-006972,2025-10-19,P001,Ceramic Mug,2,13.20
ORD-006972,2025-10-19,P003,Linen Tote Bag,1,16.20
ORD-006973,2025-10-19,P001,Ceramic Mug,1,12.00
ORD-006974,2025-10-19,P001,Ceramic Mug,1,13.20
ORD-006975,2025-10-19,P001,Ceramic Mug,1,12.00
ORD-006976,2025-10-19,P001,Ceramic Mug,2,12.00
ORD-006976,2025-10-19,P005,Wool Beanie,1,22.00
ORD-006977,2025-10-19,P025,Resistance Bands,3,14.00
ORD-006978,2025-10-19,P001,Ceramic Mug,1,12.00
ORD-006978,2025-10-19,P003,Linen Tote Bag,2,19.80
ORD-006979,2025-10-19,P001,Ceramic Mug,1,13.20
ORD-006979,2025-10-19,P003,Linen Tote Bag,1,16.20
ORD-006979,2025-10-19,P018,Fountain Pen,1,41.80
ORD-006979,2025-10-19,P021,USB-C Cable,1,11.00
ORD-006980,2025-10-19,P004,Canvas Backpack,1,59.00
ORD-006980,2025-10-19,P013,Cast Iron Pan,1,61.60
ORD-006981,2025-10-19,P001,Ceramic Mug,2,12.00
ORD-006982,2025-10-19,P023,Bluetooth Speaker,5,69.00
ORD-006983,2025-10-19,P012,Chef Knife,1,74.00
ORD-006984,2025-10-19,P001,Ceramic Mug,1,12.00
ORD-006984,2025-10-19,P006,Cotton T-Shirt,1,27.50
ORD-006984,2025-10-19,P008,Running Socks,1,12.10
ORD-006985,2025-10-19,P005,Wool Beanie,1,22.00
ORD-006986,2025-10-19,P011,Bamboo Cutting Board,1,32.00
ORD-006987,2025-10-19,P004,Canvas Backpack,1,59.00
ORD-006988,2025-10-19,P001,Ceramic Mug,1,12.00
ORD-006989,2025-10-19,P001,Ceramic Mug,2,12.00
ORD-006990,2025-10-19,P001,Ceramic Mug,1,12.00
ORD-006990,2025-10-19,P005,Wool Beanie,1,22.00
ORD-006990,2025-10-19,P029,Hot Sauce Trio,3,23.00
ORD-006991,2025-10-19,P014,Scented Candle,1,16.00
ORD-006992,2025-10-19,P004,Canvas Backpack,1,64.90
ORD-006993,2025-10-19,P004,Canvas Backpack,1,59.00
ORD-006994,2025-10-19,P018,Fountain Pen,1,38.00
ORD-006995,2025-10-19,P002,Travel Tumbler,1,24.00
ORD-006996,2025-10-19,P009,Leather Wallet,1,45.00
ORD-006996,2025-10-19,P016,Desk Lamp,2,44.10
ORD-006997,2025-10-19,P002,Travel Tumbler,2,24.00
ORD-006997,2025-10-19,P003,Linen Tote Bag,1,19.80
ORD-006997,2025-10-19,P024,Yoga Mat,1,32.40
ORD-006997,2025-10-19,P036,Gift Card Holder,1,7.00
ORD-006998,2025-10-19,P002,Travel Tumbler,1,21.60
ORD-006999,2025-10-19,P005,Wool Beanie,1,22.00
ORD-007000,2025-10-19,P001,Ceramic Mug,1,10.80
ORD-007000,2025-10-19,P002,Travel Tumbler,1,24.00
ORD-007000,2025-10-19,P014,Scented Candle,3,16.00
ORD-007000,2025-10-19,P017,Notebook A5,1,9.00
ORD-007001,2025-10-19,P028,Olive Oil 500ml,1,23.10
ORD-007002,2025-10-19,P001,Ceramic Mug,3,12.00
ORD-007002,2025-10-19,P002,Travel Tumbler,1,24.00
ORD-007003,2025-10-19,P004,Canvas Backpack,2,59.00
ORD-007004,2025-10-19,P001,Ceramic Mug,2,12.00
ORD-007004,2025-10-19,P002,Travel Tumbler,1,26.40
ORD-007005,2025-10-19,P002,Travel Tumbler,1,26.40
ORD-007006,2025-10-19,P001,Ceramic Mug,1,13.20
ORD-007007,2025-10-19,P008,Running Socks,1,11.00
ORD-007008,2025-10-19,P011,Bamboo Cutting Board,1,32.00
ORD-007009,2025-10-19,P015,Soy Wax Candle Set,1,34.00
ORD-007010,2025-10-20,P001,Ceramic Mug,1,12.00
ORD-007011,2025-10-20,P001,Ceramic Mug,2,12.00
ORD-007012,2025-10-20,P001,Ceramic Mug,1,12.00
ORD-007013,2025-10-20,P001,Ceramic Mug,3,10.80
ORD-007014,2025-10-20,P001,Ceramic Mug,1,12.00
ORD-007015,2025-10-20,P001,Ceramic Mug,1,12.00
ORD-007015,2025-10-20,P002,Travel Tumbler,1,24.00
ORD-007016,2025-10-20,P005,Wool Beanie,1,19.80
ORD-007016,2025-10-20,P006,Cotton T-Shirt,1,25.00
ORD-007017,2025-10-20,P001,Ceramic Mug,1,12.00
ORD-007017,2025-10-20,P024,Yoga Mat,3,36.00
ORD-007018,2025-10-20,P001,Ceramic Mug,1,10.80
ORD-007018,2025-10-20,P004,Canvas Backpack,1,59.00
ORD-007018,2025-10-20,P015,Soy Wax Candle Set,1,34.00
ORD-007018,2025-10-20,P016,Desk Lamp,4,49.00
ORD-007019,2025-10-20,P002,Travel Tumbler,1,24.00
ORD-007019,2025-10-20,P005,Wool Beanie,1,22.00
ORD-007020,2025-10-20,P001,Ceramic Mug,2,12.00
ORD-007020,2025-10-20,P005,Wool Beanie,2,24.20
ORD-007021,2025-10-20,P006,Cotton T-Shirt,1,22.50
ORD-007022,2025-10-20,P010,Steel Water Bottle,1,20.00
ORD-007022,2025-10-20,P032,Throw Pillow,1,27.00
ORD-007023,2025-10-20,P003,Linen Tote Bag,1,18.00
ORD-007023,2025-10-20,P036,Gift Card Holder,1,7.00
ORD-007024,2025-10-20,P002,Travel Tumbler,1,24.00
ORD-007025,2025-10-20,P007,Denim Jacket,2,89.00
ORD-007025,2025-10-20,P013,Cast Iron Pan,1,61.60
ORD-007026,2025-10-20,P001,Ceramic Mug,3,12.00
ORD-007027,2025-10-20,P002,Travel Tumbler,1,24.00
ORD-007027,2025-10-20,P013,Cast Iron Pan,1,56.00
ORD-007028,2025-10-20,P008,Running Socks,3,11.00
ORD-007029,2025-10-20,P001,Ceramic Mug,2,12.00
ORD-007030,2025-10-20,P020,Laptop Stand,1,42.00
ORD-007031,2025-10-21,P004,Canvas Backpack,1,59.00
ORD-007031,2025-10-21,P034,Sunglasses,2,46.00
ORD-007032,2025-10-21,P008,Running Socks,1,11.00
ORD-007033,2025-10-21,P016,Desk Lamp,1,49.00
ORD-007034,2025-10-21,P004,Canvas Backpack,1,59.00
ORD-007035,2025-10-21,P007,Denim Jacket,1,80.10
ORD-007036,2025-10-21,P001,Ceramic Mug,1,12.00
ORD-007037,2025-10-21,P002,Travel Tumbler,1,24.00
ORD-007037,2025-10-21,P005,Wool Beanie,3,22.00
ORD-007038,2025-10-21,P001,Ceramic Mug,1,12.00
ORD-007039,2025-10-21,P001,Ceramic Mug,2,13.20
ORD-007040,2025-10-21,P013,Cast Iron Pan,3,56.00
ORD-007041,2025-10-21,P006,Cotton T-Shirt,1,25.00
ORD-007042,2025-10-21,P002,Travel Tumbler,1,24.00
ORD-007043,2025-10-21,P016,Desk Lamp,1,49.00
ORD-007044,2025-10-21,P008,Running Socks,5,11.00
ORD-007045,2025-10-21,P004,Canvas Backpack,1,59.00
ORD-007046,2025-10-21,P008,Running Socks,1,11.00
ORD-007047,2025-10-21,P001,Ceramic Mug,1,10.80
ORD-007048,2025-10-21,P002,Travel Tumbler,1,24.00
ORD-007049,2025-10-21,P007,Denim Jacket,1,89.00
ORD-007050,2025-10-21,P003,Linen Tote Bag,1,18.00
ORD-007051,2025-10-21,P007,Denim Jacket,3,97.90
ORD-007052,2025-10-21,P003,Linen Tote Bag,2,16.20
ORD-007053,2025-10-21,P003,Linen Tote Bag,3,19.80
ORD-007053,2025-10-21,P004,Canvas Backpack,3,59.00
ORD-007054,2025-10-21,P001,Ceramic Mug,1,13.20
ORD-007055,2025-10-22,P017,Notebook A5,1,9.00
ORD-007056,2025-10-22,P002,Travel Tumbler,4,21.60
ORD-007056,2025-10-22,P013,Cast Iron Pan,2,56.00
ORD-007057,2025-10-22,P001,Ceramic Mug,1,12.00
ORD-007058,2025-10-22,P004,Canvas Backpack,2,59.00
ORD-007059,2025-10-22,P001,Ceramic Mug,3,12.00
ORD-007060,2025-10-22,P001,Ceramic Mug,1,12.00
ORD-007061,2025-10-22,P003,Linen Tote Bag,1,18.00
ORD-007061,2025-10-22,P012,Chef Knife,2,66.60
ORD-007062,2025-10-22,P001,Ceramic Mug,1,12.00
ORD-007063,2025-10-22,P004,Canvas Backpack,1,64.90
ORD-007064,2025-10-22,P015,Soy Wax Candle Set,2,37.40
ORD-007065,2025-10-22,P010,Steel Water Bottle,5,20.00
ORD-007066,2025-10-22,P008,Running Socks,1,9.90
ORD-007067,2025-10-22,P001,Ceramic Mug,5,12.00
ORD-007067,2025-10-22,P005,Wool Beanie,5,22.00
ORD-007067,2025-10-22,P008,Running Socks,2,9.90
ORD-007067,2025-10-22,P031,Framed Print,1,57.60
ORD-007068,2025-10-22,P001,Ceramic Mug,2,12.00
ORD-007068,2025-10-22,P005,Wool Beanie,1,22.00
ORD-007068,2025-10-22,P007,Denim Jacket,1,89.00
ORD-007068,2025-10-22,P021,USB-C Cable,1,10.00
ORD-007069,2025-10-22,P001,Ceramic Mug,2,10.80
ORD-007070,2025-10-22,P007,Denim Jacket,1,89.00
ORD-007071,2025-10-22,P015,Soy Wax Candle Set,1,34.00
ORD-007072,2025-10-22,P008,Running Socks,3,9.90
ORD-007073,2025-10-22,P004,Canvas Backpack,2,53.10
ORD-007074,2025-10-22,P004,Canvas Backpack,1,53.10
ORD-007075,2025-10-22,P003,Linen Tote Bag,1,18.00
ORD-007076,2025-10-22,P001,Ceramic Mug,1,10.80
ORD-007076,2025-10-22,P010,Steel Water Bottle,3,20.00
ORD-007076,2025-10-22,P029,Hot Sauce Trio,1,23.00
ORD-007077,2025-10-22,P008,Running Socks,2,11.00
ORD-007078,2025-10-23,P004,Canvas Backpack,2,64.90
ORD-007079,2025-10-23,P002,Travel Tumbler,1,24.00
ORD-007080,2025-10-23,P001,Ceramic Mug,4,12.00
ORD-007080,2025-10-23,P003,Linen Tote Bag,4,16.20
ORD-007080,2025-10-23,P012,Chef Knife,1,66.60
ORD-007081,2025-10-23,P010,Steel Water Bottle,1,22.00
ORD-007082,2025-10-23,P001,Ceramic Mug,1,13.20
ORD-007082,2025-10-23,P002,Travel Tumbler,1,26.40
ORD-007082,2025-10-23,P005,Wool Beanie,2,22.00
ORD-007082,2025-10-23,P008,Running Socks,1,11.00
ORD-007083,2025-10-23,P001,Ceramic Mug,2,12.00
ORD-007083,2025-10-23,P007,Denim Jacket,3,89.00
ORD-007084,2025-10-23,P002,Travel Tumbler,2,24.00
ORD-007084,2025-10-23,P016,Desk Lamp,1,49.00
ORD-007085,2025-10-23,P001,Ceramic Mug,2,12.00
ORD-007085,2025-10-23,P003,Linen Tote Bag,1,18.00
ORD-007085,2025-10-23,P007,Denim Jacket,3,89.00
ORD-007086,2025-10-23,P005,Wool Beanie,1,24.20
ORD-007087,2025-10-23,P001,Ceramic Mug,2,12.00
ORD-007088,2025-10-23,P023,Bluetooth Speaker,2,69.00
ORD-007089,2025-10-23,P005,Wool Beanie,1,22.00
ORD-007090,2025-10-23,P018,Fountain Pen,2,34.20
ORD-007091,2025-10-23,P003,Linen Tote Bag,2,16.20
ORD-007092,2025-10-23,P024,Yoga Mat,2,36.00
ORD-007093,2025-10-23,P009,Leather Wallet,4,45.00
ORD-007094,2025-10-23,P001,Ceramic Mug,1,12.00
ORD-007095,2025-10-23,P001,Ceramic Mug,1,12.00
ORD-007096,2025-10-23,P003,Linen Tote Bag,1,18.00
ORD-007096,2025-10-23,P006,Cotton T-Shirt,1,25.00
ORD-007097,2025-10-23,P026,Herbal Tea Sampler,2,19.00
ORD-007098,2025-10-23,P001,Ceramic Mug,1,10.80
ORD-007098,2025-10-23,P002,Travel Tumbler,3,24.00
ORD-007098,2025-10-23,P011,Bamboo Cutting Board,1,32.00
ORD-007099,2025-10-23,P008,Running Socks,3,11.00
ORD-007100,2025-10-23,P013,Cast Iron Pan,1,56.00
ORD-007101,2025-10-23,P003,Linen Tote Bag,1,18.00
ORD-007102,2025-10-23,P020,Laptop Stand,1,42.00
ORD-007103,2025-10-23,P001,Ceramic Mug,1,12.00
ORD-007104,2025-10-24,P002,Travel Tumbler,1,21.60
ORD-007105,2025-10-24,P023,Bluetooth Speaker,3,69.00
ORD-007106,2025-10-24,P002,Travel Tumbler,3,24.00
ORD-007107,2025-10-24,P001,Ceramic Mug,3,12.00
ORD-007108,2025-10-24,P004,Canvas Backpack,1,64.90
ORD-007109,2025-10-24,P009,Leather Wallet,1,45.00
ORD-007110,2025-10-24,P002,Travel Tumbler,1,24.00
ORD-007111,2025-10-24,P013,Cast Iron Pan,1,56.00
ORD-007112,2025-10-24,P002,Travel Tumbler,1,24.00
ORD-007113,2025-10-24,P003,Linen Tote Bag,2,16.20
ORD-007114,2025-10-24,P001,Ceramic Mug,3,13.20
ORD-007114,2025-10-24,P020,Laptop Stand,1,37.80
ORD-007115,2025-10-24,P004,Canvas Backpack,1,59.00
ORD-007115,2025-10-24,P011,Bamboo Cutting Board,2,32.00
ORD-007116,2025-10-24,P004,Canvas Backpack,5,64.90
ORD-007116,2025-10-24,P010,Steel Water Bottle,1,20.00
ORD-007116,2025-10-24,P021,USB-C Cable,1,10.00
ORD-007117,2025-10-24,P001,Ceramic Mug,1,12.00
ORD-007117,2025-10-24,P033,Wool Blanket,1,79.00
ORD-007118,2025-10-24,P002,Travel Tumbler,1,26.40
ORD-007119,2025-10-24,P001,Ceramic Mug,1,12.00
ORD-007120,2025-10-24,P002,Travel Tumbler,1,24.00
ORD-007121,2025-10-24,P001,Ceramic Mug,1,12.00
ORD-007122,2025-10-24,P001,Ceramic Mug,3,10.80
ORD-007122,2025-10-24,P004,Canvas Backpack,2,64.90
ORD-007122,2025-10-24,P006,Cotton T-Shirt,1,25.00
ORD-007123,2025-10-24,P007,Denim Jacket,1,97.90
ORD-007124,2025-10-24,P001,Ceramic Mug,2,12.00
ORD-007125,2025-10-24,P016,Desk Lamp,4,44.10
ORD-007126,2025-10-24,P018,Fountain Pen,1,38.00
ORD-007127,2025-10-24,P033,Wool Blanket,1,79.00
ORD-007128,2025-10-24,P002,Travel Tumbler,2,21.60
ORD-007128,2025-10-24,P006,Cotton T-Shirt,1,27.50
ORD-007129,2025-10-24,P025,Resistance Bands,1,14.00
ORD-007130,2025-10-24,P023,Bluetooth Speaker,2,69.00
ORD-007131,2025-10-24,P003,Linen Tote Bag,2,18.00
ORD-007132,2025-10-24,P002,Travel Tumbler,4,26.40
ORD-007133,2025-10-24,P004,Canvas Backpack,1,59.00
ORD-007134,2025-10-24,P001,Ceramic Mug,1,12.00
ORD-007134,2025-10-24,P002,Travel Tumbler,2,24.00
ORD-007134,2025-10-24,P020,Laptop Stand,1,37.80
ORD-007134,2025-10-24,P027,Coffee Beans 1kg,1,28.00
ORD-007135,2025-10-24,P005,Wool Beanie,1,22.00
ORD-007136,2025-10-24,P029,Hot Sauce Trio,1,23.00
ORD-007137,2025-10-25,P008,Running Socks,1,11.00
ORD-007138,2025-10-25,P001,Ceramic Mug,1,12.00
ORD-007139,2025-10-25,P009,Leather Wallet,3,49.50
ORD-007140,2025-10-25,P010,Steel Water Bottle,1,20.00
ORD-007141,2025-10-25,P036,Gift Card Holder,2,7.00
ORD-007142,2025-10-25,P001,Ceramic Mug,3,12.00
ORD-007143,2025-10-25,P001,Ceramic Mug,2,12.00
ORD-007143,2025-10-25,P004,Canvas Backpack,1,59.00
ORD-007144,2025-10-25,P001,Ceramic Mug,2,12.00
ORD-007145,2025-10-25,P001,Ceramic Mug,1,12.00
ORD-007145,2025-10-25,P004,Canvas Backpack,2,59.00
ORD-007145,2025-10-25,P009,Leather Wallet,1,45.00
ORD-007146,2025-10-25,P003,Linen Tote Bag,1,18.00
ORD-007147,2025-10-25,P007,Denim Jacket,2,89.00
ORD-007148,2025-10-25,P001,Ceramic Mug,1,13.20
ORD-007149,2025-10-25,P004,Canvas Backpack,1,59.00
ORD-007150,2025-10-25,P004,Canvas Backpack,2,59.00
ORD-007151,2025-10-25,P003,Linen Tote Bag,1,18.00
ORD-007151,2025-10-25,P005,Wool Beanie,1,22.00
ORD-007152,2025-10-25,P003,Linen Tote Bag,1,19.80
ORD-007153,2025-10-25,P004,Canvas Backpack,1,59.00
ORD-007154,2025-10-25,P002,Travel Tumbler,1,24.00
ORD-007154,2025-10-25,P007,Denim Jacket,2,89.00
ORD-007155,2025-10-25,P035,Umbrella,2,26.00
ORD-007156,2025-10-25,P001,Ceramic Mug,2,12.00
ORD-007157,2025-10-25,P009,Leather Wallet,2,49.50
ORD-007157,2025-10-25,P018,Fountain Pen,1,38.00
ORD-007158,2025-10-25,P004,Canvas Backpack,4,59.00
ORD-007159,2025-10-25,P004,Canvas Backpack,1,59.00
ORD-007160,2025-10-25,P002,Travel Tumbler,3,26.40
ORD-007161,2025-10-25,P001,Ceramic Mug,2,12.00
ORD-007161,2025-10-25,P005,Wool Beanie,1,22.00
ORD-007162,2025-10-25,P001,Ceramic Mug,2,12.00
ORD-007163,2025-10-25,P001,Ceramic Mug,1,12.00
ORD-007164,2025-10-25,P007,Denim Jacket,1,89.00
ORD-007165,2025-10-25,P009,Leather Wallet,1,40.50
ORD-007166,2025-10-25,P001,Ceramic Mug,3,12.00
ORD-007167,2025-10-25,P002,Travel Tumbler,2,24.00
ORD-007168,2025-10-25,P002,Travel Tumbler,5,26.40
ORD-007169,2025-10-26,P021,USB-C Cable,1,10.00
ORD-007169,2025-10-26,P024,Yoga Mat,1,36.00
ORD-007170,2025-10-26,P001,Ceramic Mug,1,12.00
ORD-007171,2025-10-26,P001,Ceramic Mug,4,12.00
ORD-007172,2025-10-26,P001,Ceramic Mug,1,12.00
ORD-007173,2025-10-26,P001,Ceramic Mug,3,12.00
ORD-007173,2025-10-26,P005,Wool Beanie,1,24.20
ORD-007174,2025-10-26,P001,Ceramic Mug,1,12.00
ORD-007174,2025-10-26,P002,Travel Tumbler,1,24.00
ORD-007174,2025-10-26,P006,Cotton T-Shirt,1,27.50
ORD-007175,2025-10-26,P014,Scented Candle,3,16.00
ORD-007176,2025-10-26,P018,Fountain Pen,1,38.00
ORD-007177,2025-10-26,P003,Linen Tote Bag,1,18.00
ORD-007178,2025-10-26,P001,Ceramic Mug,1,10.80
ORD-007178,2025-10-26,P008,Running Socks,1,11.00
ORD-007179,2025-10-26,P002,Travel Tumbler,1,24.00
ORD-007180,2025-10-26,P004,Canvas Backpack,1,59.00
ORD-007181,2025-10-26,P003,Linen Tote Bag,2,18.00
ORD-007182,2025-10-26,P003,Linen Tote Bag,1,18.00
ORD-007183,2025-10-26,P022,Phone Case,4,16.50
ORD-007184,2025-10-26,P002,Travel Tumbler,1,24.00
ORD-007184,2025-10-26,P004,Canvas Backpack,1,59.00
ORD-007185,2025-10-26,P002,Travel Tumbler,1,24.00
ORD-007185,2025-10-26,P004,Canvas Backpack,1,53.10
ORD-007186,2025-10-26,P001,Ceramic Mug,1,10.80
ORD-007187,2025-10-26,P006,Cotton T-Shirt,1,25.00
ORD-007187,2025-10-26,P030,Wall Calendar,1,13.00
ORD-007188,2025-10-26,P005,Wool Beanie,1,22.00
ORD-007188,2025-10-26,P024,Yoga Mat,1,36.00
ORD-007189,2025-10-26,P002,Travel Tumbler,2,24.00
ORD-007189,2025-10-26,P012,Chef Knife,3,74.00
ORD-007190,2025-10-26,P001,Ceramic Mug,1,12.00
ORD-007190,2025-10-26,P010,Steel Water Bottle,1,20.00
ORD-007191,2025-10-26,P002,Travel Tumbler,1,24.00
ORD-007191,2025-10-26,P014,Scented Candle,3,16.00
ORD-007192,2025-10-26,P010,Steel Water Bottle,1,20.00
ORD-007192,2025-10-26,P012,Chef Knife,1,74.00
ORD-007192,2025-10-26,P034,Sunglasses,2,46.00
ORD-007193,2025-10-26,P002,Travel Tumbler,1,24.00
ORD-007194,2025-10-26,P023,Bluetooth Speaker,1,69.00
ORD-007195,2025-10-26,P009,Leather Wallet,1,45.00
ORD-007195,2025-10-26,P011,Bamboo Cutting Board,1,32.00
ORD-007196,2025-10-26,P036,Gift Card Holder,3,7.00
ORD-007197,2025-10-26,P001,Ceramic Mug,2,13.20
ORD-007198,2025-10-26,P001,Ceramic Mug,1,12.00
ORD-007198,2025-10-26,P003,Linen Tote Bag,1,18.00
ORD-007199,2025-10-26,P001,Ceramic Mug,1,12.00
ORD-007200,2025-10-27,P001,Ceramic Mug,1,12.00
ORD-007200,2025-10-27,P002,Travel Tumbler,1,21.60
ORD-007200,2025-10-27,P005,Wool Beanie,5,24.20
ORD-007201,2025-10-27,P019,Wireless Mouse,1,31.90
ORD-007202,2025-10-27,P001,Ceramic Mug,3,12.00
ORD-007202,2025-10-27,P010,Steel Water Bottle,1,22.00
ORD-007202,2025-10-27,P028,Olive Oil 500ml,1,18.90
ORD-007203,2025-10-27,P003,Linen Tote Bag,2,18.00
ORD-007204,2025-10-27,P016,Desk Lamp,5,49.00
ORD-007204,2025-10-27,P021,USB-C Cable,1,10.00
ORD-007205,2025-10-27,P006,Cotton T-Shirt,2,22.50
ORD-007206,2025-10-27,P006,Cotton T-Shirt,1,25.00
ORD-007207,2025-10-27,P001,Ceramic Mug,3,12.00
ORD-007208,2025-10-27,P003,Linen Tote Bag,2,19.80
ORD-007209,2025-10-27,P009,Leather Wallet,2,45.00
ORD-007210,2025-10-27,P035,Umbrella,2,26.00
ORD-007211,2025-10-27,P002,Travel Tumbler,1,24.00
ORD-007212,2025-10-27,P006,Cotton T-Shirt,2,25.00
ORD-007213,2025-10-27,P002,Travel Tumbler,1,24.00
ORD-007214,2025-10-27,P021,USB-C Cable,1,11.00
ORD-007215,2025-10-27,P006,Cotton T-Shirt,2,25.00
ORD-007216,2025-10-27,P016,Desk Lamp,2,49.00
ORD-007217,2025-10-27,P002,Travel Tumbler,2,24.00
ORD-007218,2025-10-27,P032,Throw Pillow,1,24.30
ORD-007219,2025-10-27,P004,Canvas Backpack,1,53.10
ORD-007220,2025-10-27,P035,Umbrella,4,26.00
ORD-007221,2025-10-27,P001,Ceramic Mug,1,12.00
ORD-007222,2025-10-27,P012,Chef Knife,3,66.60
ORD-007223,2025-10-27,P001,Ceramic Mug,1,10.80
ORD-007223,2025-10-27,P002,Travel Tumbler,3,24.00
ORD-007224,2025-10-27,P008,Running Socks,1,11.00
ORD-007225,2025-10-27,P001,Ceramic Mug,2,12.00
ORD-007226,2025-10-27,P026,Herbal Tea Sampler,1,19.00
ORD-007227,2025-10-27,P001,Ceramic Mug,1,10.80
ORD-007228,2025-10-27,P025,Resistance Bands,1,15.40
ORD-007229,2025-10-27,P012,Chef Knife,1,74.00
ORD-007230,2025-10-28,P011,Bamboo Cutting Board,2,32.00
ORD-007231,2025-10-28,P003,Linen Tote Bag,3,18.00
ORD-007232,2025-10-28,P001,Ceramic Mug,2,12.00
ORD-007233,2025-10-28,P002,Travel Tumbler,1,26.40
ORD-007234,2025-10-28,P007,Denim Jacket,1,89.00
ORD-007235,2025-10-28,P021,USB-C Cable,1,10.00
ORD-007236,2025-10-28,P003,Linen Tote Bag,3,18.00
ORD-007237,2025-10-28,P008,Running Socks,1,11.00
ORD-007238,2025-10-28,P001,Ceramic Mug,1,12.00
ORD-007238,2025-10-28,P002,Travel Tumbler,2,21.60
ORD-007239,2025-10-28,P003,Linen Tote Bag,1,18.00
ORD-007240,2025-10-28,P004,Canvas Backpack,1,59.00
ORD-007241,2025-10-28,P002,Travel Tumbler,2,24.00
ORD-007242,2025-10-28,P003,Linen Tote Bag,3,16.20
ORD-007243,2025-10-28,P017,Notebook A5,3,8.10
ORD-007244,2025-10-28,P021,USB-C Cable,1,9.00
ORD-007245,2025-10-28,P010,Steel Water Bottle,1,22.00
ORD-007246,2025-10-28,P001,Ceramic Mug,2,12.00
ORD-007247,2025-10-28,P008,Running Socks,1,9.90
ORD-007247,2025-10-28,P025,Resistance Bands,1,12.60
ORD-007248,2025-10-29,P010,Steel Water Bottle,1,20.00
ORD-007249,2025-10-29,P001,Ceramic Mug,2,13.20
ORD-007250,2025-10-29,P001,Ceramic Mug,4,13.20
ORD-007251,2025-10-29,P004,Canvas Backpack,2,59.00
ORD-007252,2025-10-29,P004,Canvas Backpack,3,59.00
ORD-007253,2025-10-29,P014,Scented Candle,1,16.00
ORD-007254,2025-10-29,P001,Ceramic Mug,1,12.00
ORD-007254,2025-10-29,P007,Denim Jacket,1,80.10
ORD-007255,2025-10-29,P001,Ceramic Mug,2,12.00
ORD-007255,2025-10-29,P002,Travel Tumbler,2,26.40
ORD-007256,2025-10-29,P002,Travel Tumbler,1,26.40
ORD-007257,2025-10-29,P004,Canvas Backpack,2,59.00
ORD-007257,2025-10-29,P005,Wool Beanie,4,19.80
ORD-007258,2025-10-29,P026,Herbal Tea Sampler,1,19.00
ORD-007259,2025-10-29,P003,Linen Tote Bag,2,19.80
ORD-007260,2025-10-29,P001,Ceramic Mug,2,12.00
ORD-007261,2025-10-29,P001,Ceramic Mug,2,10.80
ORD-007262,2025-10-29,P001,Ceramic Mug,1,12.00
ORD-007262,2025-10-29,P006,Cotton T-Shirt,2,25.00
ORD-007262,2025-10-29,P008,Running Socks,1,11.00
ORD-007263,2025-10-29,P001,Ceramic Mug,3,12.00
ORD-007264,2025-10-29,P001,Ceramic Mug,2,10.80
ORD-007264,2025-10-29,P018,Fountain Pen,4,38.00
ORD-007265,2025-10-29,P023,Bluetooth Speaker,3,62.10
ORD-007266,2025-10-29,P004,Canvas Backpack,3,59.00
ORD-007267,2025-10-29,P002,Travel Tumbler,1,24.00
ORD-007267,2025-10-29,P018,Fountain Pen,2,38.00
ORD-007268,2025-10-29,P001,Ceramic Mug,1,12.00
ORD-007269,2025-10-29,P002,Travel Tumbler,4,24.00
ORD-007270,2025-10-29,P002,Travel Tumbler,1,26.40
ORD-007271,2025-10-29,P001,Ceramic Mug,4,13.20
ORD-007272,2025-10-29,P002,Travel Tumbler,2,26.40
ORD-007273,2025-10-30,P003,Linen Tote Bag,1,18.00
ORD-007274,2025-10-30,P002,Travel Tumbler,2,24.00
ORD-007274,2025-10-30,P014,Scented Candle,2,16.00
ORD-007275,2025-10-30,P009,Leather Wallet,1,49.50
ORD-007275,2025-10-30,P019,Wireless Mouse,2,29.00
ORD-007276,2025-10-30,P019,Wireless Mouse,1,29.00
ORD-007277,2025-10-30,P007,Denim Jacket,2,89.00
ORD-007278,2025-10-30,P014,Scented Candle,1,16.00
ORD-007279,2025-10-30,P016,Desk Lamp,1,49.00
ORD-007280,2025-10-30,P017,Notebook A5,1,9.00
ORD-007281,2025-10-30,P001,Ceramic Mug,1,12.00
ORD-007282,2025-10-30,P002,Travel Tumbler,1,24.00
ORD-007283,2025-10-30,P027,Coffee Beans 1kg,5,28.00
ORD-007284,2025-10-30,P005,Wool Beanie,2,22.00
ORD-007285,2025-10-30,P007,Denim Jacket,1,89.00
ORD-007286,2025-10-30,P011,Bamboo Cutting Board,1,32.00
ORD-007287,2025-10-30,P020,Laptop Stand,1,42.00
ORD-007288,2025-10-30,P002,Travel Tumbler,1,24.00
ORD-007289,2025-10-30,P004,Canvas Backpack,2,53.10
ORD-007290,2025-10-30,P001,Ceramic Mug,1,12.00
ORD-007290,2025-10-30,P021,USB-C Cable,1,9.00
ORD-007291,2025-10-30,P001,Ceramic Mug,1,13.20
ORD-007291,2025-10-30,P003,Linen Tote Bag,2,18.00
ORD-007292,2025-10-31,P001,Ceramic Mug,1,12.00
ORD-007293,2025-10-31,P023,Bluetooth Speaker,1,75.90
ORD-007294,2025-10-31,P009,Leather Wallet,1,49.50
ORD-007295,2025-10-31,P008,Running Socks,1,9.90
ORD-007296,2025-10-31,P004,Canvas Backpack,1,59.00
ORD-007297,2025-10-31,P019,Wireless Mouse,2,26.10
ORD-007298,2025-10-31,P001,Ceramic Mug,1,12.00
ORD-007299,2025-10-31,P001,Ceramic Mug,2,13.20
ORD-007300,2025-10-31,P002,Travel Tumbler,1,21.60
ORD-007300,2025-10-31,P028,Olive Oil 500ml,4,21.00
ORD-007301,2025-10-31,P002,Travel Tumbler,1,24.00
ORD-007302,2025-10-31,P001,Ceramic Mug,2,10.80
ORD-007303,2025-10-31,P005,Wool Beanie,1,22.00
ORD-007304,2025-10-31,P002,Travel Tumbler,2,24.00
ORD-007305,2025-10-31,P002,Travel Tumbler,1,24.00
ORD-007305,2025-10-31,P003,Linen Tote Bag,1,18.00
ORD-007306,2025-10-31,P001,Ceramic Mug,1,13.20
ORD-007307,2025-10-31,P001,Ceramic Mug,4,12.00
ORD-007308,2025-10-31,P018,Fountain Pen,1,38.00
ORD-007309,2025-10-31,P002,Travel Tumbler,1,24.00
ORD-007310,2025-10-31,P001,Ceramic Mug,1,13.20
ORD-007310,2025-10-31,P004,Canvas Backpack,1,59.00
ORD-007310,2025-10-31,P005,Wool Beanie,4,22.00
ORD-007311,2025-10-31,P021,USB-C Cable,1,10.00
ORD-007312,2025-10-31,P002,Travel Tumbler,4,26.40
ORD-007313,2025-10-31,P002,Travel Tumbler,1,24.00
ORD-007314,2025-10-31,P002,Travel Tumbler,2,24.00
ORD-007315,2025-10-31,P002,Travel Tumbler,1,21.60
ORD-007316,2025-10-31,P003,Linen Tote Bag,1,19.80
ORD-007316,2025-10-31,P004,Canvas Backpack,1,59.00
ORD-007316,2025-10-31,P005,Wool Beanie,1,22.00
ORD-007316,2025-10-31,P026,Herbal Tea Sampler,1,17.10
ORD-007317,2025-10-31,P002,Travel Tumbler,1,26.40
ORD-007317,2025-10-31,P003,Linen Tote Bag,2,19.80
ORD-007317,2025-10-31,P004,Canvas Backpack,3,59.00
ORD-007318,2025-10-31,P001,Ceramic Mug,1,13.20
ORD-007318,2025-10-31,P013,Cast Iron Pan,1,56.00
ORD-007319,2025-10-31,P001,Ceramic Mug,1,10.80
ORD-007320,2025-10-31,P001,Ceramic Mug,5,12.00
ORD-007320,2025-10-31,P029,Hot Sauce Trio,1,23.00
ORD-007320,2025-10-31,P032,Throw Pillow,1,27.00
ORD-007321,2025-10-31,P003,Linen Tote Bag,1,16.20
ORD-007321,2025-10-31,P006,Cotton T-Shirt,1,27.50
ORD-007322,2025-10-31,P001,Ceramic Mug,2,12.00
ORD-007323,2025-10-31,P033,Wool Blanket,1,79.00
ORD-007324,2025-10-31,P001,Ceramic Mug,1,10.80
ORD-007325,2025-10-31,P005,Wool Beanie,1,22.00
ORD-007325,2025-10-31,P031,Framed Print,1,64.00
ORD-007326,2025-10-31,P018,Fountain Pen,2,41.80
ORD-007327,2025-11-01,P001,Ceramic Mug,4,12.00
ORD-007327,2025-11-01,P003,Linen Tote Bag,2,18.00
ORD-007327,2025-11-01,P018,Fountain Pen,1,38.00
ORD-007328,2025-11-01,P010,Steel Water Bottle,1,20.00
ORD-007329,2025-11-01,P001,Ceramic Mug,3,13.20
ORD-007329,2025-11-01,P002,Travel Tumbler,1,24.00
ORD-007329,2025-11-01,P016,Desk Lamp,2,49.00
ORD-007330,2025-11-01,P003,Linen Tote Bag,3,19.80
ORD-007331,2025-11-01,P001,Ceramic Mug,3,13.20
ORD-007331,2025-11-01,P011,Bamboo Cutting Board,2,32.00
ORD-007331,2025-11-01,P026,Herbal Tea Sampler,1,17.10
ORD-007332,2025-11-01,P005,Wool Beanie,1,24.20
ORD-007333,2025-11-01,P006,Cotton T-Shirt,3,25.00
ORD-007334,2025-11-01,P006,Cotton T-Shirt,2,25.00
ORD-007335,2025-11-01,P001,Ceramic Mug,1,12.00
ORD-007335,2025-11-01,P004,Canvas Backpack,2,59.00
ORD-007335,2025-11-01,P012,Chef Knife,1,66.60
ORD-007336,2025-11-01,P005,Wool Beanie,2,22.00
ORD-007337,2025-11-01,P023,Bluetooth Speaker,2,69.00
ORD-007338,2025-11-01,P017,Notebook A5,1,8.10
ORD-007339,2025-11-01,P001,Ceramic Mug,1,12.00
ORD-007339,2025-11-01,P014,Scented Candle,3,16.00
ORD-007340,2025-11-01,P011,Bamboo Cutting Board,1,32.00
ORD-007340,2025-11-01,P027,Coffee Beans 1kg,1,28.00
ORD-007341,2025-11-01,P003,Linen Tote Bag,1,18.00
ORD-007342,2025-11-01,P001,Ceramic Mug,1,12.00
ORD-007343,2025-11-01,P004,Canvas Backpack,1,59.00
ORD-007344,2025-11-01,P019,Wireless Mouse,1,29.00
ORD-007345,2025-11-01,P018,Fountain Pen,2,38.00
ORD-007346,2025-11-01,P004,Canvas Backpack,1,64.90
ORD-007347,2025-11-01,P001,Ceramic Mug,3,12.00
ORD-007347,2025-11-01,P004,Canvas Backpack,3,59.00
ORD-007347,2025-11-01,P020,Laptop Stand,3,37.80
ORD-007347,2025-11-01,P021,USB-C Cable,2,10.00
ORD-007348,2025-11-01,P002,Travel Tumbler,1,24.00
ORD-007348,2025-11-01,P012,Chef Knife,2,74.00
ORD-007349,2025-11-01,P001,Ceramic Mug,1,12.00
ORD-007349,2025-11-01,P002,Travel Tumbler,3,24.00
ORD-007349,2025-11-01,P003,Linen Tote Bag,2,16.20
ORD-007349,2025-11-01,P008,Running Socks,1,12.10
ORD-007350,2025-11-01,P022,Phone Case,1,15.00
ORD-007351,2025-11-01,P001,Ceramic Mug,1,12.00
ORD-007352,2025-11-01,P001,Ceramic Mug,2,12.00
ORD-007353,2025-11-01,P015,Soy Wax Candle Set,2,34.00
ORD-007354,2025-11-01,P010,Steel Water Bottle,2,18.00
ORD-007355,2025-11-01,P003,Linen Tote Bag,1,18.00
ORD-007355,2025-11-01,P006,Cotton T-Shirt,1,25.00
ORD-007355,2025-11-01,P008,Running Socks,3,11.00
ORD-007356,2025-11-01,P002,Travel Tumbler,1,24.00
ORD-007357,2025-11-01,P001,Ceramic Mug,1,12.00
ORD-007357,2025-11-01,P006,Cotton T-Shirt,5,25.00
ORD-007358,2025-11-01,P001,Ceramic Mug,1,12.00
ORD-007358,2025-11-01,P010,Steel Water Bottle,1,20.00
ORD-007358,2025-11-01,P013,Cast Iron Pan,2,56.00
ORD-007358,2025-11-01,P019,Wireless Mouse,2,29.00
ORD-007359,2025-11-01,P002,Travel Tumbler,5,26.40
ORD-007360,2025-11-01,P016,Desk Lamp,4,53.90
ORD-007361,2025-11-01,P030,Wall Calendar,1,13.00
ORD-007362,2025-11-01,P003,Linen Tote Bag,2,18.00
ORD-007363,2025-11-01,P003,Linen Tote Bag,1,18.00
ORD-007364,2025-11-01,P002,Travel Tumbler,1,24.00
ORD-007365,2025-11-01,P002,Travel Tumbler,3,26.40
ORD-007366,2025-11-01,P001,Ceramic Mug,3,12.00
ORD-007367,2025-11-01,P002,Travel Tumbler,2,24.00
ORD-007368,2025-11-01,P002,Travel Tumbler,1,24.00
ORD-007369,2025-11-01,P001,Ceramic Mug,1,12.00
ORD-007369,2025-11-01,P007,Denim Jacket,2,97.90
ORD-007370,2025-11-01,P010,Steel Water Bottle,1,20.00
ORD-007370,2025-11-01,P012,Chef Knife,1,74.00
ORD-007370,2025-11-01,P013,Cast Iron Pan,1,56.00
ORD-007370,2025-11-01,P034,Sunglasses,1,46.00
ORD-007371,2025-11-01,P003,Linen Tote Bag,1,16.20
ORD-007371,2025-11-01,P013,Cast Iron Pan,1,56.00
ORD-007371,2025-11-01,P024,Yoga Mat,1,32.40
ORD-007372,2025-11-01,P001,Ceramic Mug,1,12.00
ORD-007372,2025-11-01,P002,Travel Tumbler,2,24.00
ORD-007372,2025-11-01,P007,Denim Jacket,2,89.00
ORD-007373,2025-11-01,P014,Scented Candle,1,14.40
ORD-007374,2025-11-01,P002,Travel Tumbler,1,24.00
ORD-007375,2025-11-01,P009,Leather Wallet,1,45.00
ORD-007376,2025-11-02,P001,Ceramic Mug,1,12.00
ORD-007377,2025-11-02,P015,Soy Wax Candle Set,1,34.00
ORD-007378,2025-11-02,P001,Ceramic Mug,2,12.00
ORD-007378,2025-11-02,P003,Linen Tote Bag,1,19.80
ORD-007379,2025-11-02,P003,Linen Tote Bag,1,18.00
ORD-007380,2025-11-02,P014,Scented Candle,1,16.00
ORD-007380,2025-11-02,P021,USB-C Cable,2,10.00
ORD-007381,2025-11-02,P019,Wireless Mouse,2,29.00
ORD-007381,2025-11-02,P022,Phone Case,1,15.00
ORD-007382,2025-11-02,P010,Steel Water Bottle,3,20.00
ORD-007383,2025-11-02,P016,Desk Lamp,1,49.00
ORD-007383,2025-11-02,P017,Notebook A5,1,9.00
ORD-007384,2025-11-02,P001,Ceramic Mug,3,13.20
ORD-007384,2025-11-02,P003,Linen Tote Bag,1,18.00
ORD-007384,2025-11-02,P004,Canvas Backpack,1,59.00
ORD-007385,2025-11-02,P006,Cotton T-Shirt,1,27.50
ORD-007386,2025-11-02,P001,Ceramic Mug,1,12.00
ORD-007387,2025-11-02,P006,Cotton T-Shirt,4,25.00
ORD-007388,2025-11-02,P027,Coffee Beans 1kg,1,28.00
ORD-007389,2025-11-02,P006,Cotton T-Shirt,1,25.00
ORD-007390,2025-11-02,P001,Ceramic Mug,2,12.00
ORD-007390,2025-11-02,P002,Travel Tumbler,1,21.60
ORD-007390,2025-11-02,P024,Yoga Mat,1,36.00
ORD-007391,2025-11-02,P003,Linen Tote Bag,4,18.00
ORD-007391,2025-11-02,P036,Gift Card Holder,1,7.70
ORD-007392,2025-11-02,P014,Scented Candle,2,17.60
ORD-007393,2025-11-02,P002,Travel Tumbler,1,24.00
ORD-007394,2025-11-02,P001,Ceramic Mug,5,13.20
ORD-007395,2025-11-02,P007,Denim Jacket,2,80.10
ORD-007395,2025-11-02,P026,Herbal Tea Sampler,1,19.00
ORD-007396,2025-11-02,P002,Travel Tumbler,1,26.40
ORD-007397,2025-11-02,P001,Ceramic Mug,2,10.80
ORD-007398,2025-11-02,P001,Ceramic Mug,1,12.00
ORD-007399,2025-11-02,P001,Ceramic Mug,2,12.00
ORD-007400,2025-11-02,P001,Ceramic Mug,1,10.80
ORD-007400,2025-11-02,P007,Denim Jacket,1,97.90
ORD-007400,2025-11-02,P022,Phone Case,1,13.50
ORD-007401,2025-11-02,P003,Linen Tote Bag,1,18.00
ORD-007402,2025-11-02,P006,Cotton T-Shirt,1,22.50
ORD-007403,2025-11-02,P001,Ceramic Mug,3,12.00
ORD-007403,2025-11-02,P003,Linen Tote Bag,1,18.00
ORD-007403,2025-11-02,P013,Cast Iron Pan,1,61.60
ORD-007404,2025-11-02,P002,Travel Tumbler,1,24.00
ORD-007405,2025-11-02,P001,Ceramic Mug,1,12.00
ORD-007405,2025-11-02,P015,Soy Wax Candle Set,2,34.00
ORD-007406,2025-11-02,P007,Denim Jacket,2,89.00
ORD-007407,2025-11-02,P002,Travel Tumbler,2,21.60
ORD-007408,2025-11-02,P001,Ceramic Mug,1,12.00
ORD-007409,2025-11-02,P001,Ceramic Mug,1,13.20
ORD-007410,2025-11-02,P005,Wool Beanie,4,24.20
ORD-007411,2025-11-02,P012,Chef Knife,1,74.00
ORD-007412,2025-11-02,P008,Running Socks,1,12.10
ORD-007413,2025-11-02,P001,Ceramic Mug,1,12.00
ORD-007414,2025-11-02,P007,Denim Jacket,4,97.90
ORD-007415,2025-11-02,P001,Ceramic Mug,2,12.00
ORD-007416,2025-11-02,P001,Ceramic Mug,1,12.00
ORD-007417,2025-11-02,P001,Ceramic Mug,1,12.00
ORD-007417,2025-11-02,P002,Travel Tumbler,1,26.40
ORD-007417,2025-11-02,P009,Leather Wallet,1,45.00
ORD-007417,2025-11-02,P025,Resistance Bands,2,14.00
ORD-007418,2025-11-02,P011,Bamboo Cutting Board,1,32.00
ORD-007418,2025-11-02,P013,Cast Iron Pan,3,56.00
ORD-007419,2025-11-02,P005,Wool Beanie,4,24.20
ORD-007420,2025-11-02,P001,Ceramic Mug,2,12.00
ORD-007421,2025-11-02,P025,Resistance Bands,5,14.00
ORD-007422,2025-11-02,P002,Travel Tumbler,1,24.00
ORD-007423,2025-11-02,P001,Ceramic Mug,1,13.20
ORD-007424,2025-11-02,P001,Ceramic Mug,1,10.80
ORD-007424,2025-11-02,P002,Travel Tumbler,1,24.00
ORD-007424,2025-11-02,P017,Notebook A5,1,9.00
ORD-007424,2025-11-02,P022,Phone Case,1,15.00
ORD-007425,2025-11-02,P016,Desk Lamp,5,49.00
ORD-007426,2025-11-02,P005,Wool Beanie,2,19.80
ORD-007426,2025-11-02,P006,Cotton T-Shirt,1,22.50
ORD-007426,2025-11-02,P009,Leather Wallet,2,40.50
ORD-007427,2025-11-02,P003,Linen Tote Bag,1,16.20
ORD-007428,2025-11-02,P002,Travel Tumbler,2,24.00
ORD-007429,2025-11-02,P003,Linen Tote Bag,1,19.80
ORD-007430,2025-11-02,P002,Travel Tumbler,2,21.60
ORD-007430,2025-11-02,P004,Canvas Backpack,5,59.00
ORD-007430,2025-11-02,P011,Bamboo Cutting Board,1,32.00
ORD-007431,2025-11-03,P004,Canvas Backpack,1,59.00
ORD-007432,2025-11-03,P001,Ceramic Mug,1,12.00
ORD-007433,2025-11-03,P015,Soy Wax Candle Set,1,34.00
ORD-007433,2025-11-03,P033,Wool Blanket,1,79.00
ORD-007434,2025-11-03,P010,Steel Water Bottle,2,22.00
ORD-007435,2025-11-03,P010,Steel Water Bottle,1,20.00
ORD-007435,2025-11-03,P013,Cast Iron Pan,1,56.00
ORD-007436,2025-11-03,P001,Ceramic Mug,1,12.00
ORD-007437,2025-11-03,P007,Denim Jacket,1,89.00
ORD-007438,2025-11-03,P011,Bamboo Cutting Board,1,28.80
ORD-007439,2025-11-03,P002,Travel Tumbler,1,24.00
ORD-007440,2025-11-03,P001,Ceramic Mug,1,12.00
ORD-007440,2025-11-03,P011,Bamboo Cutting Board,2,32.00
ORD-007440,2025-11-03,P019,Wireless Mouse,2,29.00
ORD-007441,2025-11-03,P001,Ceramic Mug,1,12.00
ORD-007441,2025-11-03,P010,Steel Water Bottle,3,20.00
ORD-007442,2025-11-03,P028,Olive Oil 500ml,2,21.00
ORD-007443,2025-11-03,P003,Linen Tote Bag,2,16.20
ORD-007444,2025-11-03,P016,Desk Lamp,3,49.00
ORD-007444,2025-11-03,P034,Sunglasses,1,41.40
ORD-007445,2025-11-03,P002,Travel Tumbler,1,26.40
ORD-007446,2025-11-03,P001,Ceramic Mug,2,10.80
ORD-007447,2025-11-03,P001,Ceramic Mug,3,13.20
ORD-007447,2025-11-03,P003,Linen Tote Bag,1,18.00
ORD-007447,2025-11-03,P009,Leather Wallet,1,45.00
ORD-007448,2025-11-03,P001,Ceramic Mug,2,12.00
ORD-007449,2025-11-03,P001,Ceramic Mug,2,12.00
ORD-007450,2025-11-03,P027,Coffee Beans 1kg,1,28.00
ORD-007451,2025-11-03,P002,Travel Tumbler,2,24.00
ORD-007451,2025-11-03,P009,Leather Wallet,3,45.00
ORD-007451,2025-11-03,P022,Phone Case,1,15.00
ORD-007452,2025-11-03,P003,Linen Tote Bag,1,18.00
ORD-007453,2025-11-03,P001,Ceramic Mug,3,13.20
ORD-007454,2025-11-03,P016,Desk Lamp,1,49.00
ORD-007455,2025-11-03,P002,Travel Tumbler,1,24.00
ORD-007456,2025-11-03,P005,Wool Beanie,2,19.80
ORD-007457,2025-11-03,P001,Ceramic Mug,1,12.00
ORD-007458,2025-11-03,P001,Ceramic Mug,2,12.00
ORD-007459,2025-11-03,P020,Laptop Stand,2,46.20
ORD-007460,2025-11-03,P010,Steel Water Bottle,1,20.00
ORD-007461,2025-11-03,P004,Canvas Backpack,1,59.00
ORD-007462,2025-11-03,P001,Ceramic Mug,3,12.00
ORD-007462,2025-11-03,P002,Travel Tumbler,1,24.00
ORD-007462,2025-11-03,P008,Running Socks,5,12.10
ORD-007463,2025-11-03,P014,Scented Candle,3,16.00
ORD-007464,2025-11-03,P001,Ceramic Mug,2,10.80
ORD-007465,2025-11-03,P001,Ceramic Mug,2,10.80
ORD-007465,2025-11-03,P003,Linen Tote Bag,1,19.80
ORD-007465,2025-11-03,P006,Cotton T-Shirt,3,22.50
ORD-007466,2025-11-03,P009,Leather Wallet,1,40.50
ORD-007467,2025-11-03,P006,Cotton T-Shirt,1,25.00
ORD-007468,2025-11-03,P002,Travel Tumbler,1,24.00
ORD-007469,2025-11-04,P002,Travel Tumbler,1,24.00
ORD-007470,2025-11-04,P003,Linen Tote Bag,1,18.00
ORD-007470,2025-11-04,P006,Cotton T-Shirt,1,25.00
ORD-007471,2025-11-04,P008,Running Socks,1,11.00
ORD-007472,2025-11-04,P001,Ceramic Mug,1,12.00
ORD-007472,2025-11-04,P005,Wool Beanie,2,22.00
ORD-007473,2025-11-04,P008,Running Socks,3,11.00
ORD-007473,2025-11-04,P025,Resistance Bands,3,14.00
ORD-007474,2025-11-04,P007,Denim Jacket,2,89.00
ORD-007475,2025-11-04,P004,Canvas Backpack,1,53.10
ORD-007476,2025-11-04,P014,Scented Candle,1,16.00
ORD-007477,2025-11-04,P002,Travel Tumbler,2,24.00
ORD-007477,2025-11-04,P014,Scented Candle,1,16.00
ORD-007477,2025-11-04,P024,Yoga Mat,2,36.00
ORD-007478,2025-11-04,P004,Canvas Backpack,1,53.10
ORD-007479,2025-11-04,P002,Travel Tumbler,1,26.40
ORD-007479,2025-11-04,P006,Cotton T-Shirt,1,25.00
ORD-007480,2025-11-04,P004,Canvas Backpack,2,59.00
ORD-007480,2025-11-04,P013,Cast Iron Pan,4,56.00
ORD-007481,2025-11-04,P001,Ceramic Mug,2,10.80
ORD-007482,2025-11-04,P002,Travel Tumbler,1,24.00
ORD-007482,2025-11-04,P022,Phone Case,1,13.50
ORD-007483,2025-11-04,P015,Soy Wax Candle Set,1,34.00
ORD-007484,2025-11-04,P001,Ceramic Mug,1,12.00
ORD-007485,2025-11-04,P016,Desk Lamp,1,49.00
ORD-007486,2025-11-04,P001,Ceramic Mug,1,10.80
ORD-007487,2025-11-04,P006,Cotton T-Shirt,2,25.00
ORD-007488,2025-11-04,P002,Travel Tumbler,1,26.40
ORD-007489,2025-11-04,P001,Ceramic Mug,1,13.20
ORD-007490,2025-11-04,P019,Wireless Mouse,1,31.90
ORD-007491,2025-11-04,P001,Ceramic Mug,1,12.00
ORD-007492,2025-11-04,P001,Ceramic Mug,1,12.00
ORD-007493,2025-11-04,P001,Ceramic Mug,3,12.00
ORD-007494,2025-11-04,P003,Linen Tote Bag,3,18.00
ORD-007494,2025-11-04,P006,Cotton T-Shirt,1,27.50
ORD-007495,2025-11-04,P001,Ceramic Mug,1,12.00
ORD-007496,2025-11-04,P001,Ceramic Mug,3,12.00
ORD-007497,2025-11-04,P010,Steel Water Bottle,2,22.00
ORD-007498,2025-11-04,P009,Leather Wallet,2,45.00
ORD-007498,2025-11-04,P032,Throw Pillow,1,27.00
ORD-007499,2025-11-04,P003,Linen Tote Bag,1,18.00
ORD-007500,2025-11-04,P005,Wool Beanie,2,22.00
ORD-007500,2025-11-04,P012,Chef Knife,2,66.60
ORD-007501,2025-11-04,P006,Cotton T-Shirt,3,22.50
ORD-007502,2025-11-04,P002,Travel Tumbler,2,21.60
ORD-007503,2025-11-04,P002,Travel Tumbler,2,24.00
ORD-007503,2025-11-04,P004,Canvas Backpack,1,64.90
ORD-007503,2025-11-04,P017,Notebook A5,1,9.00
ORD-007504,2025-11-04,P001,Ceramic Mug,1,12.00
ORD-007504,2025-11-04,P003,Linen Tote Bag,1,19.80
ORD-007505,2025-11-05,P001,Ceramic Mug,1,13.20
ORD-007505,2025-11-05,P009,Leather Wallet,1,45.00
ORD-007506,2025-11-05,P004,Canvas Backpack,3,53.10
ORD-007507,2025-11-05,P001,Ceramic Mug,2,12.00
ORD-007507,2025-11-05,P008,Running Socks,1,12.10
ORD-007507,2025-11-05,P014,Scented Candle,1,14.40
ORD-007508,2025-11-05,P001,Ceramic Mug,2,12.00
ORD-007509,2025-11-05,P008,Running Socks,2,11.00
ORD-007509,2025-11-05,P009,Leather Wallet,1,45.00
ORD-007510,2025-11-05,P023,Bluetooth Speaker,1,69.00
ORD-007511,2025-11-05,P001,Ceramic Mug,1,12.00
ORD-007512,2025-11-05,P006,Cotton T-Shirt,1,25.00
ORD-007513,2025-11-05,P001,Ceramic Mug,1,12.00
ORD-007513,2025-11-05,P029,Hot Sauce Trio,1,23.00
ORD-007514,2025-11-05,P002,Travel Tumbler,2,24.00
ORD-007515,2025-11-05,P001,Ceramic Mug,1,13.20
ORD-007515,2025-11-05,P017,Notebook A5,4,9.00
ORD-007516,2025-11-05,P001,Ceramic Mug,3,12.00
ORD-007517,2025-11-05,P003,Linen Tote Bag,2,19.80
ORD-007518,2025-11-05,P012,Chef Knife,2,66.60
ORD-007519,2025-11-05,P002,Travel Tumbler,1,24.00
ORD-007520,2025-11-05,P003,Linen Tote Bag,1,18.00
ORD-007520,2025-11-05,P004,Canvas Backpack,1,53.10
ORD-007521,2025-11-05,P002,Travel Tumbler,1,24.00
ORD-007521,2025-11-05,P010,Steel Water Bottle,1,20.00
ORD-007522,2025-11-05,P001,Ceramic Mug,1,13.20
ORD-007522,2025-11-05,P030,Wall Calendar,1,14.30
ORD-007523,2025-11-05,P017,Notebook A5,2,9.00
ORD-007524,2025-11-05,P004,Canvas Backpack,5,59.00
ORD-007524,2025-11-05,P034,Sunglasses,1,46.00
ORD-007525,2025-11-05,P002,Travel Tumbler,2,21.60
ORD-007525,2025-11-05,P003,Linen Tote Bag,1,18.00
ORD-007525,2025-11-05,P017,Notebook A5,2,9.00
ORD-007526,2025-11-05,P001,Ceramic Mug,1,13.20
ORD-007526,2025-11-05,P002,Travel Tumbler,1,26.40
ORD-007526,2025-11-05,P011,Bamboo Cutting Board,3,32.00
ORD-007527,2025-11-05,P015,Soy Wax Candle Set,1,34.00
ORD-007528,2025-11-05,P001,Ceramic Mug,3,12.00
ORD-007528,2025-11-05,P003,Linen Tote Bag,1,18.00
ORD-007528,2025-11-05,P015,Soy Wax Candle Set,1,34.00
ORD-007529,2025-11-05,P036,Gift Card Holder,1,7.00
ORD-007530,2025-11-05,P001,Ceramic Mug,1,12.00
ORD-007531,2025-11-05,P001,Ceramic Mug,1,13.20
ORD-007532,2025-11-05,P001,Ceramic Mug,2,12.00
ORD-007533,2025-11-05,P002,Travel Tumbler,2,24.00
ORD-007533,2025-11-05,P004,Canvas Backpack,2,59.00
ORD-007534,2025-11-05,P014,Scented Candle,1,16.00
ORD-007535,2025-11-05,P005,Wool Beanie,2,22.00
ORD-007536,2025-11-05,P004,Canvas Backpack,1,59.00
ORD-007537,2025-11-05,P001,Ceramic Mug,1,13.20
ORD-007537,2025-11-05,P002,Travel Tumbler,1,24.00
ORD-007537,2025-11-05,P004,Canvas Backpack,1,59.00
ORD-007537,2025-11-05,P005,Wool Beanie,2,19.80
ORD-007538,2025-11-05,P002,Travel Tumbler,1,21.60
ORD-007539,2025-11-05,P001,Ceramic Mug,3,13.20
ORD-007539,2025-11-05,P010,Steel Water Bottle,1,20.00
ORD-007539,2025-11-05,P012,Chef Knife,3,74.00
ORD-007540,2025-11-05,P004,Canvas Backpack,1,59.00
ORD-007541,2025-11-05,P001,Ceramic Mug,1,13.20
ORD-007541,2025-11-05,P002,Travel Tumbler,1,21.60
ORD-007541,2025-11-05,P003,Linen Tote Bag,1,18.00
ORD-007542,2025-11-05,P005,Wool Beanie,1,22.00
ORD-007542,2025-11-05,P007,Denim Jacket,1,97.90
ORD-007543,2025-11-05,P003,Linen Tote Bag,5,18.00
ORD-007544,2025-11-05,P001,Ceramic Mug,1,13.20
ORD-007544,2025-11-05,P004,Canvas Backpack,1,59.00
ORD-007545,2025-11-05,P005,Wool Beanie,2,22.00
ORD-007546,2025-11-06,P003,Linen Tote Bag,2,18.00
ORD-007547,2025-11-06,P001,Ceramic Mug,1,12.00
ORD-007547,2025-11-06,P002,Travel Tumbler,2,24.00
ORD-007547,2025-11-06,P009,Leather Wallet,1,40.50
ORD-007548,2025-11-06,P006,Cotton T-Shirt,2,27.50
ORD-007548,2025-11-06,P032,Throw Pillow,1,24.30
ORD-007549,2025-11-06,P003,Linen Tote Bag,2,18.00
ORD-007549,2025-11-06,P022,Phone Case,1,15.00
ORD-007550,2025-11-06,P001,Ceramic Mug,1,13.20
ORD-007550,2025-11-06,P004,Canvas Backpack,1,64.90
ORD-007550,2025-11-06,P011,Bamboo Cutting Board,1,28.80
ORD-007551,2025-11-06,P001,Ceramic Mug,2,12.00
ORD-007552,2025-11-06,P004,Canvas Backpack,1,59.00
ORD-007553,2025-11-06,P001,Ceramic Mug,3,13.20
ORD-007553,2025-11-06,P017,Notebook A5,1,9.00
ORD-007554,2025-11-06,P001,Ceramic Mug,1,10.80
ORD-007555,2025-11-06,P011,Bamboo Cutting Board,1,28.80
ORD-007556,2025-11-06,P002,Travel Tumbler,1,24.00
ORD-007557,2025-11-06,P001,Ceramic Mug,3,13.20
ORD-007557,2025-11-06,P002,Travel Tumbler,1,21.60
ORD-007557,2025-11-06,P003,Linen Tote Bag,2,16.20
ORD-007557,2025-11-06,P026,Herbal Tea Sampler,1,20.90
ORD-007558,2025-11-06,P004,Canvas Backpack,1,59.00
ORD-007559,2025-11-06,P001,Ceramic Mug,1,12.00
ORD-007560,2025-11-06,P001,Ceramic Mug,3,12.00
ORD-007560,2025-11-06,P020,Laptop Stand,3,37.80
ORD-007560,2025-11-06,P035,Umbrella,1,26.00
ORD-007561,2025-11-06,P001,Ceramic Mug,1,12.00
ORD-007562,2025-11-06,P003,Linen Tote Bag,1,18.00
ORD-007563,2025-11-06,P023,Bluetooth Speaker,2,69.00
ORD-007564,2025-11-06,P006,Cotton T-Shirt,1,22.50
ORD-007565,2025-11-06,P006,Cotton T-Shirt,2,25.00
ORD-007565,2025-11-06,P009,Leather Wallet,1,49.50
ORD-007566,2025-11-06,P001,Ceramic Mug,1,12.00
ORD-007567,2025-11-06,P001,Ceramic Mug,1,12.00
ORD-007567,2025-11-06,P003,Linen Tote Bag,1,16.20
ORD-007568,2025-11-06,P013,Cast Iron Pan,1,56.00
ORD-007569,2025-11-06,P004,Canvas Backpack,3,53.10
ORD-007570,2025-11-06,P002,Travel Tumbler,1,24.00
ORD-007571,2025-11-06,P003,Linen Tote Bag,3,18.00
ORD-007572,2025-11-06,P002,Travel Tumbler,2,21.60
ORD-007572,2025-11-06,P033,Wool Blanket,1,79.00
ORD-007573,2025-11-06,P003,Linen Tote Bag,1,18.00
ORD-007574,2025-11-06,P002,Travel Tumbler,3,24.00
ORD-007575,2025-11-06,P003,Linen Tote Bag,1,18.00
ORD-007576,2025-11-06,P001,Ceramic Mug,1,13.20
ORD-007577,2025-11-06,P009,Leather Wallet,2,45.00
ORD-007577,2025-11-06,P019,Wireless Mouse,1,29.00
ORD-007578,2025-11-06,P007,Denim Jacket,1,89.00
ORD-007579,2025-11-06,P016,Desk Lamp,1,49.00
ORD-007580,2025-11-06,P001,Ceramic Mug,1,12.00
ORD-007580,2025-11-06,P002,Travel Tumbler,1,24.00
ORD-007580,2025-11-06,P005,Wool Beanie,1,24.20
ORD-007581,2025-11-06,P001,Ceramic Mug,1,12.00
ORD-007581,2025-11-06,P009,Leather Wallet,3,49.50
ORD-007582,2025-11-06,P001,Ceramic Mug,2,12.00
ORD-007583,2025-11-06,P002,Travel Tumbler,2,24.00
ORD-007584,2025-11-06,P004,Canvas Backpack,1,53.10
ORD-007584,2025-11-06,P008,Running Socks,2,11.00
ORD-007585,2025-11-06,P001,Ceramic Mug,1,13.20
ORD-007586,2025-11-07,P005,Wool Beanie,4,22.00
ORD-007587,2025-11-07,P003,Linen Tote Bag,1,18.00
ORD-007587,2025-11-07,P019,Wireless Mouse,1,29.00
ORD-007588,2025-11-07,P006,Cotton T-Shirt,1,25.00
ORD-007589,2025-11-07,P004,Canvas Backpack,4,64.90
ORD-007590,2025-11-07,P029,Hot Sauce Trio,1,23.00
ORD-007591,2025-11-07,P023,Bluetooth Speaker,1,69.00
ORD-007592,2025-11-07,P005,Wool Beanie,1,22.00
ORD-007592,2025-11-07,P006,Cotton T-Shirt,3,27.50
ORD-007593,2025-11-07,P009,Leather Wallet,1,40.50
ORD-007594,2025-11-07,P001,Ceramic Mug,1,10.80
ORD-007595,2025-11-07,P006,Cotton T-Shirt,2,25.00
ORD-007596,2025-11-07,P005,Wool Beanie,1,22.00
ORD-007597,2025-11-07,P030,Wall Calendar,3,13.00
ORD-007598,2025-11-07,P008,Running Socks,1,11.00
ORD-007599,2025-11-07,P018,Fountain Pen,1,38.00
ORD-007600,2025-11-07,P006,Cotton T-Shirt,3,25.00
ORD-007601,2025-11-07,P003,Linen Tote Bag,3,18.00
ORD-007601,2025-11-07,P005,Wool Beanie,1,19.80
ORD-007601,2025-11-07,P007,Denim Jacket,4,97.90
ORD-007602,2025-11-07,P023,Bluetooth Speaker,3,69.00
ORD-007603,2025-11-07,P001,Ceramic Mug,1,12.00
ORD-007603,2025-11-07,P012,Chef Knife,1,74.00
ORD-007603,2025-11-07,P033,Wool Blanket,1,79.00
ORD-007604,2025-11-07,P001,Ceramic Mug,2,12.00
ORD-007605,2025-11-07,P004,Canvas Backpack,1,59.00
ORD-007606,2025-11-07,P021,USB-C Cable,2,10.00
ORD-007607,2025-11-07,P008,Running Socks,3,11.00
ORD-007608,2025-11-07,P019,Wireless Mouse,2,29.00
ORD-007609,2025-11-07,P013,Cast Iron Pan,1,61.60
ORD-007610,2025-11-07,P001,Ceramic Mug,1,10.80
ORD-007611,2025-11-07,P001,Ceramic Mug,1,12.00
ORD-007611,2025-11-07,P009,Leather Wallet,1,40.50
ORD-007612,2025-11-07,P002,Travel Tumbler,1,24.00
ORD-007613,2025-11-07,P007,Denim Jacket,4,89.00
ORD-007614,2025-11-07,P008,Running Socks,1,11.00
ORD-007615,2025-11-07,P001,Ceramic Mug,1,12.00
ORD-007616,2025-11-07,P001,Ceramic Mug,2,12.00
ORD-007617,2025-11-07,P001,Ceramic Mug,3,13.20
ORD-007618,2025-11-07,P002,Travel Tumbler,1,24.00
ORD-007619,2025-11-07,P013,Cast Iron Pan,1,61.60
ORD-007620,2025-11-07,P011,Bamboo Cutting Board,5,32.00
ORD-007621,2025-11-07,P001,Ceramic Mug,3,13.20
ORD-007622,2025-11-07,P002,Travel Tumbler,1,24.00
ORD-007623,2025-11-07,P001,Ceramic Mug,1,12.00
ORD-007623,2025-11-07,P002,Travel Tumbler,3,24.00
ORD-007623,2025-11-07,P019,Wireless Mouse,1,31.90
ORD-007624,2025-11-07,P003,Linen Tote Bag,1,18.00
ORD-007625,2025-11-07,P002,Travel Tumbler,1,21.60
ORD-007625,2025-11-07,P011,Bamboo Cutting Board,3,35.20
ORD-007626,2025-11-07,P001,Ceramic Mug,1,12.00
ORD-007626,2025-11-07,P005,Wool Beanie,3,24.20
ORD-007626,2025-11-07,P007,Denim Jacket,2,89.00
ORD-007627,2025-11-07,P005,Wool Beanie,4,22.00
ORD-007628,2025-11-07,P001,Ceramic Mug,1,12.00
ORD-007629,2025-11-07,P002,Travel Tumbler,1,24.00
ORD-007630,2025-11-07,P003,Linen Tote Bag,5,18.00
ORD-007631,2025-11-07,P001,Ceramic Mug,2,10.80
ORD-007631,2025-11-07,P002,Travel Tumbler,1,24.00
ORD-007631,2025-11-07,P003,Linen Tote Bag,1,18.00
ORD-007631,2025-11-07,P020,Laptop Stand,2,42.00
ORD-007632,2025-11-07,P002,Travel Tumbler,2,24.00
ORD-007633,2025-11-07,P001,Ceramic Mug,1,12.00
ORD-007633,2025-11-07,P003,Linen Tote Bag,1,18.00
ORD-007634,2025-11-08,P004,Canvas Backpack,2,59.00
ORD-007635,2025-11-08,P003,Linen Tote Bag,2,18.00
ORD-007636,2025-11-08,P001,Ceramic Mug,2,12.00
ORD-007637,2025-11-08,P005,Wool Beanie,1,22.00
ORD-007638,2025-11-08,P003,Linen Tote Bag,5,16.20
ORD-007639,2025-11-08,P015,Soy Wax Candle Set,4,30.60
ORD-007640,2025-11-08,P003,Linen Tote Bag,1,19.80
ORD-007641,2025-11-08,P002,Travel Tumbler,1,24.00
ORD-007641,2025-11-08,P004,Canvas Backpack,1,59.00
ORD-007641,2025-11-08,P006,Cotton T-Shirt,1,25.00
ORD-007642,2025-11-08,P011,Bamboo Cutting Board,2,32.00
ORD-007643,2025-11-08,P018,Fountain Pen,2,38.00
ORD-007644,2025-11-08,P002,Travel Tumbler,1,26.40
ORD-007644,2025-11-08,P036,Gift Card Holder,1,6.30
ORD-007645,2025-11-08,P003,Linen Tote Bag,2,19.80
ORD-007646,2025-11-08,P001,Ceramic Mug,1,12.00
ORD-007646,2025-11-08,P011,Bamboo Cutting Board,2,32.00
ORD-007647,2025-11-08,P001,Ceramic Mug,4,12.00
ORD-007647,2025-11-08,P002,Travel Tumbler,1,21.60
ORD-007648,2025-11-08,P030,Wall Calendar,1,13.00
ORD-007649,2025-11-08,P002,Travel Tumbler,1,21.60
ORD-007650,2025-11-08,P001,Ceramic Mug,1,12.00
ORD-007650,2025-11-08,P014,Scented Candle,1,16.00
ORD-007650,2025-11-08,P026,Herbal Tea Sampler,1,19.00
ORD-007651,2025-11-08,P007,Denim Jacket,1,89.00
ORD-007652,2025-11-08,P001,Ceramic Mug,1,12.00
ORD-007653,2025-11-08,P001,Ceramic Mug,1,12.00
ORD-007653,2025-11-08,P022,Phone Case,1,13.50
ORD-007654,2025-11-08,P003,Linen Tote Bag,3,18.00
ORD-007655,2025-11-08,P003,Linen Tote Bag,1,18.00
ORD-007656,2025-11-08,P001,Ceramic Mug,1,12.00
ORD-007656,2025-11-08,P002,Travel Tumbler,1,24.00
ORD-007656,2025-11-08,P004,Canvas Backpack,4,59.00
ORD-007656,2025-11-08,P005,Wool Beanie,2,19.80
ORD-007657,2025-11-08,P025,Resistance Bands,2,14.00
ORD-007658,2025-11-08,P001,Ceramic Mug,1,12.00
ORD-007658,2025-11-08,P024,Yoga Mat,1,36.00
ORD-007659,2025-11-08,P017,Notebook A5,1,8.10
ORD-007660,2025-11-08,P016,Desk Lamp,1,44.10
ORD-007661,2025-11-08,P009,Leather Wallet,2,45.00
ORD-007662,2025-11-08,P007,Denim Jacket,1,89.00
ORD-007663,2025-11-08,P015,Soy Wax Candle Set,2,34.00
ORD-007663,2025-11-08,P018,Fountain Pen,1,38.00
ORD-007664,2025-11-08,P006,Cotton T-Shirt,1,25.00
ORD-007665,2025-11-08,P004,Canvas Backpack,1,59.00
ORD-007666,2025-11-08,P001,Ceramic Mug,4,12.00
ORD-007666,2025-11-08,P002,Travel Tumbler,1,24.00
ORD-007667,2025-11-08,P033,Wool Blanket,2,79.00
ORD-007668,2025-11-08,P007,Denim Jacket,3,89.00
ORD-007668,2025-11-08,P020,Laptop Stand,1,42.00
ORD-007669,2025-11-08,P001,Ceramic Mug,2,12.00
ORD-007669,2025-11-08,P022,Phone Case,4,15.00
ORD-007670,2025-11-08,P021,USB-C Cable,1,11.00
ORD-007671,2025-11-08,P001,Ceramic Mug,1,12.00
ORD-007672,2025-11-08,P001,Ceramic Mug,1,12.00
ORD-007672,2025-11-08,P002,Travel Tumbler,2,24.00
ORD-007673,2025-11-08,P023,Bluetooth Speaker,1,75.90
ORD-007674,2025-11-08,P002,Travel Tumbler,1,24.00
ORD-007674,2025-11-08,P022,Phone Case,2,15.00
ORD-007675,2025-11-08,P007,Denim Jacket,1,80.10
ORD-007676,2025-11-08,P001,Ceramic Mug,5,13.20
ORD-007677,2025-11-08,P004,Canvas Backpack,1,59.00
ORD-007678,2025-11-08,P001,Ceramic Mug,2,12.00
ORD-007679,2025-11-08,P001,Ceramic Mug,1,12.00
ORD-007679,2025-11-08,P002,Travel Tumbler,1,21.60
ORD-007680,2025-11-08,P008,Running Socks,1,11.00
ORD-007681,2025-11-08,P001,Ceramic Mug,1,12.00
ORD-007681,2025-11-08,P014,Scented Candle,1,16.00
ORD-007682,2025-11-08,P025,Resistance Bands,1,12.60
ORD-007683,2025-11-08,P001,Ceramic Mug,1,13.20
ORD-007683,2025-11-08,P003,Linen Tote Bag,1,18.00
ORD-007684,2025-11-08,P005,Wool Beanie,1,19.80
ORD-007684,2025-11-08,P006,Cotton T-Shirt,1,25.00
ORD-007684,2025-11-08,P014,Scented Candle,2,16.00
ORD-007685,2025-11-08,P022,Phone Case,2,15.00
ORD-007686,2025-11-08,P001,Ceramic Mug,1,12.00
ORD-007686,2025-11-08,P003,Linen Tote Bag,1,18.00
ORD-007687,2025-11-08,P004,Canvas Backpack,1,59.00
ORD-007688,2025-11-08,P024,Yoga Mat,1,39.60
ORD-007689,2025-11-08,P036,Gift Card Holder,1,7.00
ORD-007690,2025-11-08,P006,Cotton T-Shirt,1,25.00
ORD-007691,2025-11-08,P008,Running Socks,3,12.10
ORD-007692,2025-11-08,P001,Ceramic Mug,2,13.20
ORD-007692,2025-11-08,P028,Olive Oil 500ml,3,21.00
ORD-007693,2025-11-08,P004,Canvas Backpack,3,59.00
ORD-007694,2025-11-09,P013,Cast Iron Pan,1,56.00
ORD-007695,2025-11-09,P001,Ceramic Mug,2,10.80
ORD-007695,2025-11-09,P002,Travel Tumbler,1,24.00
ORD-007695,2025-11-09,P007,Denim Jacket,1,89.00
ORD-007695,2025-11-09,P029,Hot Sauce Trio,1,23.00
ORD-007696,2025-11-09,P001,Ceramic Mug,1,12.00
ORD-007697,2025-11-09,P002,Travel Tumbler,3,21.60
ORD-007698,2025-11-09,P012,Chef Knife,2,74.00
ORD-007699,2025-11-09,P001,Ceramic Mug,3,12.00
ORD-007700,2025-11-09,P006,Cotton T-Shirt,1,22.50
ORD-007701,2025-11-09,P007,Denim Jacket,1,89.00
ORD-007702,2025-11-09,P004,Canvas Backpack,2,59.00
ORD-007703,2025-11-09,P001,Ceramic Mug,1,10.80
ORD-007703,2025-11-09,P004,Canvas Backpack,2,59.00
ORD-007704,2025-11-09,P010,Steel Water Bottle,2,20.00
ORD-007705,2025-11-09,P035,Umbrella,2,26.00
ORD-007706,2025-11-09,P001,Ceramic Mug,2,12.00
ORD-007706,2025-11-09,P012,Chef Knife,1,74.00
ORD-007707,2025-11-09,P032,Throw Pillow,3,27.00
ORD-007708,2025-11-09,P001,Ceramic Mug,1,12.00
ORD-007708,2025-11-09,P002,Travel Tumbler,2,26.40
ORD-007708,2025-11-09,P013,Cast Iron Pan,4,56.00
ORD-007709,2025-11-09,P001,Ceramic Mug,2,12.00
ORD-007710,2025-11-09,P001,Ceramic Mug,1,13.20
ORD-007710,2025-11-09,P002,Travel Tumbler,3,24.00
ORD-007711,2025-11-09,P001,Ceramic Mug,2,12.00
ORD-007712,2025-11-09,P002,Travel Tumbler,1,24.00
ORD-007713,2025-11-09,P003,Linen Tote Bag,2,18.00
ORD-007714,2025-11-09,P004,Canvas Backpack,1,59.00
ORD-007714,2025-11-09,P006,Cotton T-Shirt,1,25.00
ORD-007715,2025-11-09,P001,Ceramic Mug,1,12.00
ORD-007715,2025-11-09,P002,Travel Tumbler,1,24.00
ORD-007715,2025-11-09,P016,Desk Lamp,1,49.00
ORD-007716,2025-11-09,P004,Canvas Backpack,3,59.00
ORD-007717,2025-11-09,P002,Travel Tumbler,5,24.00
ORD-007718,2025-11-09,P013,Cast Iron Pan,2,56.00
ORD-007719,2025-11-09,P001,Ceramic Mug,4,12.00
ORD-007720,2025-11-09,P001,Ceramic Mug,2,10.80
ORD-007721,2025-11-09,P031,Framed Print,2,64.00
ORD-007722,2025-11-09,P001,Ceramic Mug,1,12.00
ORD-007722,2025-11-09,P003,Linen Tote Bag,1,16.20
ORD-007722,2025-11-09,P005,Wool Beanie,2,22.00
ORD-007723,2025-11-09,P001,Ceramic Mug,1,10.80
ORD-007723,2025-11-09,P008,Running Socks,2,11.00
ORD-007723,2025-11-09,P011,Bamboo Cutting Board,1,28.80
ORD-007724,2025-11-09,P001,Ceramic Mug,5,13.20
ORD-007724,2025-11-09,P004,Canvas Backpack,2,59.00
ORD-007724,2025-11-09,P005,Wool Beanie,1,22.00
ORD-007725,2025-11-09,P001,Ceramic Mug,1,12.00
ORD-007725,2025-11-09,P009,Leather Wallet,1,45.00
ORD-007725,2025-11-09,P014,Scented Candle,1,17.60
ORD-007726,2025-11-09,P004,Canvas Backpack,1,59.00
ORD-007727,2025-11-09,P001,Ceramic Mug,1,12.00
ORD-007728,2025-11-09,P021,USB-C Cable,3,9.00
ORD-007729,2025-11-09,P003,Linen Tote Bag,1,18.00
ORD-007730,2025-11-09,P002,Travel Tumbler,1,24.00
ORD-007730,2025-11-09,P006,Cotton T-Shirt,4,27.50
ORD-007731,2025-11-09,P022,Phone Case,2,15.00
ORD-007732,2025-11-09,P016,Desk Lamp,2,53.90
ORD-007733,2025-11-09,P003,Linen Tote Bag,1,19.80
ORD-007733,2025-11-09,P029,Hot Sauce Trio,1,23.00
ORD-007734,2025-11-09,P001,Ceramic Mug,1,10.80
ORD-007735,2025-11-09,P001,Ceramic Mug,1,13.20
ORD-007736,2025-11-09,P023,Bluetooth Speaker,1,69.00
ORD-007737,2025-11-09,P001,Ceramic Mug,1,13.20
ORD-007737,2025-11-09,P003,Linen Tote Bag,1,18.00
ORD-007738,2025-11-09,P023,Bluetooth Speaker,2,69.00
ORD-007739,2025-11-09,P006,Cotton T-Shirt,2,25.00
ORD-007740,2025-11-09,P015,Soy Wax Candle Set,2,37.40
ORD-007741,2025-11-09,P009,Leather Wallet,3,45.00
ORD-007742,2025-11-10,P002,Travel Tumbler,1,24.00
ORD-007743,2025-11-10,P014,Scented Candle,1,16.00
ORD-007744,2025-11-10,P006,Cotton T-Shirt,1,27.50
ORD-007745,2025-11-10,P001,Ceramic Mug,1,10.80
ORD-007745,2025-11-10,P020,Laptop Stand,1,37.80
ORD-007746,2025-11-10,P005,Wool Beanie,1,22.00
ORD-007747,2025-11-10,P001,Ceramic Mug,4,12.00
ORD-007748,2025-11-10,P003,Linen Tote Bag,1,18.00
ORD-007748,2025-11-10,P004,Canvas Backpack,1,59.00
ORD-007748,2025-11-10,P006,Cotton T-Shirt,1,27.50
ORD-007749,2025-11-10,P001,Ceramic Mug,1,13.20
ORD-007749,2025-11-10,P005,Wool Beanie,1,19.80
ORD-007749,2025-11-10,P008,Running Socks,1,11.00
ORD-007750,2025-11-10,P004,Canvas Backpack,1,64.90
ORD-007751,2025-11-10,P006,Cotton T-Shirt,1,27.50
ORD-007751,2025-11-10,P035,Umbrella,1,26.00
ORD-007752,2025-11-10,P008,Running Socks,2,11.00
ORD-007753,2025-11-10,P001,Ceramic Mug,2,12.00
ORD-007753,2025-11-10,P002,Travel Tumbler,3,24.00
ORD-007753,2025-11-10,P024,Yoga Mat,2,36.00
ORD-007754,2025-11-10,P001,Ceramic Mug,2,12.00
ORD-007755,2025-11-10,P020,Laptop Stand,2,42.00
ORD-007756,2025-11-10,P020,Laptop Stand,1,42.00
ORD-007757,2025-11-10,P003,Linen Tote Bag,1,18.00
ORD-007758,2025-11-10,P008,Running Socks,2,12.10
ORD-007758,2025-11-10,P033,Wool Blanket,1,86.90
ORD-007759,2025-11-10,P028,Olive Oil 500ml,1,21.00
ORD-007760,2025-11-10,P001,Ceramic Mug,2,12.00
ORD-007761,2025-11-10,P003,Linen Tote Bag,1,18.00
ORD-007762,2025-11-10,P002,Travel Tumbler,1,24.00
ORD-007763,2025-11-10,P002,Travel Tumbler,5,24.00
ORD-007763,2025-11-10,P017,Notebook A5,1,9.00
ORD-007764,2025-11-10,P015,Soy Wax Candle Set,1,34.00
ORD-007765,2025-11-10,P007,Denim Jacket,1,89.00
ORD-007766,2025-11-10,P001,Ceramic Mug,2,10.80
ORD-007767,2025-11-10,P001,Ceramic Mug,1,10.80
ORD-007767,2025-11-10,P002,Travel Tumbler,3,26.40
ORD-007767,2025-11-10,P006,Cotton T-Shirt,5,22.50
ORD-007767,2025-11-10,P029,Hot Sauce Trio,1,23.00
ORD-007768,2025-11-10,P014,Scented Candle,2,16.00
ORD-007769,2025-11-10,P001,Ceramic Mug,2,13.20
ORD-007770,2025-11-10,P001,Ceramic Mug,1,12.00
ORD-007770,2025-11-10,P002,Travel Tumbler,2,24.00
ORD-007771,2025-11-10,P002,Travel Tumbler,1,24.00
ORD-007772,2025-11-10,P007,Denim Jacket,1,89.00
ORD-007773,2025-11-10,P012,Chef Knife,1,74.00
ORD-007774,2025-11-10,P005,Wool Beanie,3,22.00
ORD-007775,2025-11-10,P020,Laptop Stand,1,42.00
ORD-007776,2025-11-10,P023,Bluetooth Speaker,2,62.10
ORD-007777,2025-11-10,P001,Ceramic Mug,1,13.20
ORD-007778,2025-11-10,P004,Canvas Backpack,1,59.00
ORD-007779,2025-11-10,P021,USB-C Cable,2,11.00
ORD-007780,2025-11-10,P021,USB-C Cable,1,10.00
ORD-007780,2025-11-10,P022,Phone Case,1,15.00
ORD-007780,2025-11-10,P031,Framed Print,5,64.00
ORD-007781,2025-11-10,P010,Steel Water Bottle,1,22.00
ORD-007782,2025-11-11,P002,Travel Tumbler,4,24.00
ORD-007782,2025-11-11,P006,Cotton T-Shirt,1,22.50
ORD-007782,2025-11-11,P022,Phone Case,1,13.50
ORD-007783,2025-11-11,P002,Travel Tumbler,5,26.40
ORD-007784,2025-11-11,P002,Travel Tumbler,2,24.00
ORD-007785,2025-11-11,P008,Running Socks,1,11.00
ORD-007786,2025-11-11,P021,USB-C Cable,1,10.00
ORD-007786,2025-11-11,P036,Gift Card Holder,1,6.30
ORD-007787,2025-11-11,P001,Ceramic Mug,4,12.00
ORD-007787,2025-11-11,P007,Denim Jacket,1,89.00
ORD-007788,2025-11-11,P015,Soy Wax Candle Set,1,34.00
ORD-007789,2025-11-11,P001,Ceramic Mug,1,12.00
ORD-007789,2025-11-11,P003,Linen Tote Bag,1,18.00
ORD-007790,2025-11-11,P020,Laptop Stand,1,42.00
ORD-007791,2025-11-11,P022,Phone Case,1,15.00
ORD-007792,2025-11-11,P001,Ceramic Mug,1,12.00
ORD-007793,2025-11-11,P008,Running Socks,5,11.00
ORD-007794,2025-11-11,P001,Ceramic Mug,1,13.20
ORD-007795,2025-11-11,P002,Travel Tumbler,1,24.00
ORD-007796,2025-11-11,P013,Cast Iron Pan,1,61.60
ORD-007797,2025-11-11,P001,Ceramic Mug,1,12.00
ORD-007798,2025-11-11,P001,Ceramic Mug,1,12.00
ORD-007798,2025-11-11,P002,Travel Tumbler,1,21.60
ORD-007798,2025-11-11,P003,Linen Tote Bag,3,18.00
ORD-007798,2025-11-11,P013,Cast Iron Pan,1,56.00
ORD-007799,2025-11-11,P017,Notebook A5,2,9.90
ORD-007800,2025-11-11,P031,Framed Print,2,64.00
ORD-007801,2025-11-11,P002,Travel Tumbler,1,24.00
ORD-007801,2025-11-11,P005,Wool Beanie,1,19.80
ORD-007802,2025-11-11,P014,Scented Candle,1,16.00
ORD-007803,2025-11-11,P015,Soy Wax Candle Set,2,34.00
ORD-007804,2025-11-11,P001,Ceramic Mug,1,12.00
ORD-007804,2025-11-11,P008,Running Socks,1,9.90
ORD-007804,2025-11-11,P017,Notebook A5,4,9.00
ORD-007805,2025-11-11,P001,Ceramic Mug,2,10.80
ORD-007806,2025-11-11,P002,Travel Tumbler,1,24.00
ORD-007807,2025-11-11,P004,Canvas Backpack,1,59.00
ORD-007808,2025-11-11,P001,Ceramic Mug,1,12.00
ORD-007808,2025-11-11,P002,Travel Tumbler,1,26.40
ORD-007809,2025-11-11,P002,Travel Tumbler,2,26.40
ORD-007809,2025-11-11,P003,Linen Tote Bag,3,18.00
ORD-007809,2025-11-11,P005,Wool Beanie,3,22.00
ORD-007810,2025-11-11,P005,Wool Beanie,1,24.20
ORD-007810,2025-11-11,P015,Soy Wax Candle Set,5,37.40
ORD-007810,2025-11-11,P017,Notebook A5,2,9.00
ORD-007811,2025-11-11,P001,Ceramic Mug,3,12.00
ORD-007812,2025-11-12,P001,Ceramic Mug,3,12.00
ORD-007812,2025-11-12,P002,Travel Tumbler,1,24.00
ORD-007812,2025-11-12,P005,Wool Beanie,1,22.00
ORD-007813,2025-11-12,P004,Canvas Backpack,1,59.00
ORD-007814,2025-11-12,P002,Travel Tumbler,2,24.00
ORD-007814,2025-11-12,P023,Bluetooth Speaker,1,69.00
ORD-007815,2025-11-12,P003,Linen Tote Bag,4,19.80
ORD-007816,2025-11-12,P001,Ceramic Mug,1,12.00
ORD-007816,2025-11-12,P005,Wool Beanie,1,22.00
ORD-007817,2025-11-12,P003,Linen Tote Bag,1,18.00
ORD-007818,2025-11-12,P029,Hot Sauce Trio,1,23.00
ORD-007819,2025-11-12,P001,Ceramic Mug,5,12.00
ORD-007820,2025-11-12,P001,Ceramic Mug,1,12.00
ORD-007821,2025-11-12,P001,Ceramic Mug,2,12.00
ORD-007821,2025-11-12,P014,Scented Candle,1,14.40
ORD-007822,2025-11-12,P001,Ceramic Mug,2,10.80
ORD-007823,2025-11-12,P002,Travel Tumbler,1,24.00
ORD-007824,2025-11-12,P002,Travel Tumbler,1,24.00
ORD-007824,2025-11-12,P004,Canvas Backpack,1,59.00
ORD-007824,2025-11-12,P006,Cotton T-Shirt,1,25.00
ORD-007825,2025-11-12,P001,Ceramic Mug,1,13.20
ORD-007826,2025-11-12,P002,Travel Tumbler,1,24.00
ORD-007826,2025-11-12,P006,Cotton T-Shirt,2,25.00
ORD-007827,2025-11-12,P001,Ceramic Mug,1,10.80
ORD-007828,2025-11-12,P001,Ceramic Mug,2,13.20
ORD-007829,2025-11-12,P002,Travel Tumbler,2,24.00
ORD-007830,2025-11-12,P006,Cotton T-Shirt,1,25.00
ORD-007830,2025-11-12,P027,Coffee Beans 1kg,1,25.20
ORD-007831,2025-11-12,P007,Denim Jacket,3,89.00
ORD-007831,2025-11-12,P026,Herbal Tea Sampler,5,19.00
ORD-007832,2025-11-12,P002,Travel Tumbler,1,26.40
ORD-007833,2025-11-12,P001,Ceramic Mug,1,12.00
ORD-007834,2025-11-12,P001,Ceramic Mug,1,10.80
ORD-007834,2025-11-12,P003,Linen Tote Bag,2,18.00
ORD-007834,2025-11-12,P007,Denim Jacket,1,80.10
ORD-007834,2025-11-12,P017,Notebook A5,2,9.00
ORD-007835,2025-11-12,P001,Ceramic Mug,2,12.00
ORD-007836,2025-11-12,P011,Bamboo Cutting Board,3,32.00
ORD-007837,2025-11-12,P010,Steel Water Bottle,1,20.00
ORD-007838,2025-11-12,P009,Leather Wallet,1,45.00
ORD-007839,2025-11-12,P001,Ceramic Mug,5,12.00
ORD-007840,2025-11-12,P003,Linen Tote Bag,1,16.20
ORD-007840,2025-11-12,P017,Notebook A5,1,9.00
ORD-007841,2025-11-12,P013,Cast Iron Pan,2,56.00
ORD-007842,2025-11-12,P024,Yoga Mat,2,36.00
ORD-007843,2025-11-12,P002,Travel Tumbler,1,24.00
ORD-007844,2025-11-12,P001,Ceramic Mug,1,12.00
ORD-007845,2025-11-12,P004,Canvas Backpack,1,64.90
ORD-007846,2025-11-12,P002,Travel Tumbler,1,24.00
ORD-007846,2025-11-12,P034,Sunglasses,2,46.00
ORD-007847,2025-11-13,P012,Chef Knife,1,74.00
ORD-007847,2025-11-13,P015,Soy Wax Candle Set,1,37.40
ORD-007848,2025-11-13,P013,Cast Iron Pan,1,56.00
ORD-007849,2025-11-13,P002,Travel Tumbler,1,21.60
ORD-007850,2025-11-13,P001,Ceramic Mug,2,12.00
ORD-007850,2025-11-13,P005,Wool Beanie,1,22.00
ORD-007851,2025-11-13,P001,Ceramic Mug,4,12.00
ORD-007851,2025-11-13,P005,Wool Beanie,3,22.00
ORD-007852,2025-11-13,P001,Ceramic Mug,1,12.00
ORD-007852,2025-11-13,P017,Notebook A5,2,8.10
ORD-007853,2025-11-13,P001,Ceramic Mug,1,12.00
ORD-007853,2025-11-13,P003,Linen Tote Bag,1,18.00
ORD-007853,2025-11-13,P034,Sunglasses,1,41.40
ORD-007854,2025-11-13,P034,Sunglasses,1,46.00
ORD-007855,2025-11-13,P001,Ceramic Mug,1,12.00
ORD-007856,2025-11-13,P002,Travel Tumbler,2,24.00
ORD-007857,2025-11-13,P001,Ceramic Mug,3,12.00
ORD-007858,2025-11-13,P008,Running Socks,5,11.00
ORD-007859,2025-11-13,P007,Denim Jacket,1,89.00
ORD-007860,2025-11-13,P001,Ceramic Mug,1,12.00
ORD-007861,2025-11-13,P004,Canvas Backpack,1,59.00
ORD-007862,2025-11-13,P002,Travel Tumbler,1,21.60
ORD-007862,2025-11-13,P033,Wool Blanket,1,79.00
ORD-007863,2025-11-13,P021,USB-C Cable,1,11.00
ORD-007864,2025-11-13,P003,Linen Tote Bag,5,16.20
ORD-007865,2025-11-13,P001,Ceramic Mug,3,12.00
ORD-007865,2025-11-13,P015,Soy Wax Candle Set,2,34.00
ORD-007866,2025-11-13,P002,Travel Tumbler,1,24.00
ORD-007866,2025-11-13,P006,Cotton T-Shirt,3,25.00
ORD-007866,2025-11-13,P028,Olive Oil 500ml,1,18.90
ORD-007866,2025-11-13,P029,Hot Sauce Trio,3,23.00
ORD-007867,2025-11-13,P011,Bamboo Cutting Board,1,32.00
ORD-007868,2025-11-13,P007,Denim Jacket,5,89.00
ORD-007869,2025-11-13,P001,Ceramic Mug,2,12.00
ORD-007870,2025-11-13,P001,Ceramic Mug,1,12.00
ORD-007871,2025-11-13,P001,Ceramic Mug,1,12.00
ORD-007872,2025-11-13,P002,Travel Tumbler,3,24.00
ORD-007873,2025-11-13,P005,Wool Beanie,1,22.00
ORD-007874,2025-11-13,P001,Ceramic Mug,2,10.80
ORD-007874,2025-11-13,P007,Denim Jacket,2,89.00
ORD-007875,2025-11-13,P017,Notebook A5,1,9.00
ORD-007876,2025-11-14,P001,Ceramic Mug,2,12.00
ORD-007877,2025-11-14,P005,Wool Beanie,1,22.00
ORD-007878,2025-11-14,P031,Framed Print,1,57.60
ORD-007879,2025-11-14,P002,Travel Tumbler,2,24.00
ORD-007879,2025-11-14,P022,Phone Case,1,15.00
ORD-007879,2025-11-14,P026,Herbal Tea Sampler,3,17.10
ORD-007880,2025-11-14,P002,Travel Tumbler,1,24.00
ORD-007880,2025-11-14,P006,Cotton T-Shirt,1,27.50
ORD-007881,2025-11-14,P001,Ceramic Mug,1,12.00
ORD-007882,2025-11-14,P003,Linen Tote Bag,4,16.20
ORD-007882,2025-11-14,P009,Leather Wallet,3,45.00
ORD-007883,2025-11-14,P008,Running Socks,1,11.00
ORD-007884,2025-11-14,P006,Cotton T-Shirt,2,22.50
ORD-007885,2025-11-14,P001,Ceramic Mug,1,12.00
ORD-007886,2025-11-14,P002,Travel Tumbler,2,24.00
ORD-007886,2025-11-14,P004,Canvas Backpack,4,64.90
ORD-007886,2025-11-14,P035,Umbrella,2,26.00
ORD-007887,2025-11-14,P001,Ceramic Mug,1,13.20
ORD-007887,2025-11-14,P003,Linen Tote Bag,1,19.80
ORD-007887,2025-11-14,P005,Wool Beanie,2,22.00
ORD-007888,2025-11-14,P002,Travel Tumbler,1,24.00
ORD-007889,2025-11-14,P001,Ceramic Mug,1,12.00
ORD-007890,2025-11-14,P001,Ceramic Mug,3,13.20
ORD-007891,2025-11-14,P001,Ceramic Mug,4,12.00
ORD-007891,2025-11-14,P016,Desk Lamp,2,49.00
ORD-007892,2025-11-14,P013,Cast Iron Pan,2,56.00
ORD-007893,2025-11-14,P003,Linen Tote Bag,2,16.20
ORD-007894,2025-11-14,P001,Ceramic Mug,1,12.00
ORD-007895,2025-11-14,P001,Ceramic Mug,1,12.00
ORD-007896,2025-11-14,P001,Ceramic Mug,1,10.80
ORD-007897,2025-11-14,P003,Linen Tote Bag,2,18.00
ORD-007898,2025-11-14,P004,Canvas Backpack,1,59.00
ORD-007899,2025-11-14,P001,Ceramic Mug,3,12.00
ORD-007900,2025-11-14,P009,Leather Wallet,4,45.00
ORD-007901,2025-11-14,P001,Ceramic Mug,2,12.00
ORD-007902,2025-11-14,P001,Ceramic Mug,1,10.80
ORD-007902,2025-11-14,P007,Denim Jacket,1,89.00
ORD-007903,2025-11-14,P001,Ceramic Mug,4,10.80
ORD-007903,2025-11-14,P002,Travel Tumbler,1,24.00
ORD-007903,2025-11-14,P003,Linen Tote Bag,3,16.20
ORD-007903,2025-11-14,P012,Chef Knife,1,74.00
ORD-007904,2025-11-14,P001,Ceramic Mug,4,12.00
ORD-007905,2025-11-14,P001,Ceramic Mug,1,12.00
ORD-007905,2025-11-14,P014,Scented Candle,2,16.00
ORD-007906,2025-11-14,P002,Travel Tumbler,1,21.60
ORD-007906,2025-11-14,P014,Scented Candle,1,17.60
ORD-007907,2025-11-14,P005,Wool Beanie,1,22.00
ORD-007908,2025-11-14,P024,Yoga Mat,1,39.60
ORD-007909,2025-11-14,P006,Cotton T-Shirt,1,27.50
ORD-007910,2025-11-15,P013,Cast Iron Pan,3,61.60
ORD-007911,2025-11-15,P001,Ceramic Mug,1,12.00
ORD-007912,2025-11-15,P001,Ceramic Mug,4,10.80
ORD-007913,2025-11-15,P010,Steel Water Bottle,3,20.00
ORD-007914,2025-11-15,P001,Ceramic Mug,2,12.00
ORD-007914,2025-11-15,P006,Cotton T-Shirt,1,25.00
ORD-007914,2025-11-15,P036,Gift Card Holder,2,7.00
ORD-007915,2025-11-15,P014,Scented Candle,1,16.00
ORD-007916,2025-11-15,P001,Ceramic Mug,1,12.00
ORD-007917,2025-11-15,P012,Chef Knife,1,74.00
ORD-007918,2025-11-15,P001,Ceramic Mug,3,13.20
ORD-007919,2025-11-15,P006,Cotton T-Shirt,1,25.00
ORD-007920,2025-11-15,P001,Ceramic Mug,1,12.00
ORD-007920,2025-11-15,P008,Running Socks,1,11.00
ORD-007921,2025-11-15,P002,Travel Tumbler,5,24.00
ORD-007922,2025-11-15,P019,Wireless Mouse,1,29.00
ORD-007923,2025-11-15,P007,Denim Jacket,1,89.00
ORD-007924,2025-11-15,P009,Leather Wallet,1,40.50
ORD-007925,2025-11-15,P012,Chef Knife,1,81.40
ORD-007926,2025-11-15,P001,Ceramic Mug,1,12.00
ORD-007926,2025-11-15,P005,Wool Beanie,1,24.20
ORD-007927,2025-11-15,P010,Steel Water Bottle,2,20.00
ORD-007928,2025-11-15,P017,Notebook A5,3,9.00
ORD-007928,2025-11-15,P024,Yoga Mat,1,39.60
ORD-007929,2025-11-15,P006,Cotton T-Shirt,2,25.00
ORD-007930,2025-11-15,P027,Coffee Beans 1kg,1,28.00
ORD-007931,2025-11-15,P009,Leather Wallet,1,45.00
ORD-007931,2025-11-15,P025,Resistance Bands,1,14.00
ORD-007932,2025-11-15,P028,Olive Oil 500ml,1,21.00
ORD-007933,2025-11-15,P001,Ceramic Mug,1,12.00
ORD-007933,2025-11-15,P004,Canvas Backpack,1,53.10
ORD-007934,2025-11-15,P006,Cotton T-Shirt,5,25.00
ORD-007934,2025-11-15,P029,Hot Sauce Trio,1,23.00
ORD-007934,2025-11-15,P030,Wall Calendar,1,13.00
ORD-007935,2025-11-15,P008,Running Socks,2,11.00
ORD-007936,2025-11-15,P001,Ceramic Mug,1,12.00
ORD-007937,2025-11-15,P001,Ceramic Mug,3,10.80
ORD-007937,2025-11-15,P020,Laptop Stand,1,42.00
ORD-007938,2025-11-15,P001,Ceramic Mug,1,10.80
ORD-007938,2025-11-15,P002,Travel Tumbler,1,24.00
ORD-007938,2025-11-15,P029,Hot Sauce Trio,1,23.00
ORD-007939,2025-11-15,P006,Cotton T-Shirt,1,25.00
ORD-007939,2025-11-15,P008,Running Socks,1,12.10
ORD-007939,2025-11-15,P012,Chef Knife,1,81.40
ORD-007940,2025-11-15,P001,Ceramic Mug,1,12.00
ORD-007941,2025-11-15,P003,Linen Tote Bag,2,18.00
ORD-007942,2025-11-15,P001,Ceramic Mug,2,10.80
ORD-007943,2025-11-15,P002,Travel Tumbler,1,24.00
ORD-007943,2025-11-15,P003,Linen Tote Bag,2,19.80
ORD-007944,2025-11-15,P021,USB-C Cable,3,11.00
ORD-007945,2025-11-15,P003,Linen Tote Bag,5,18.00
ORD-007945,2025-11-15,P013,Cast Iron Pan,1,56.00
ORD-007946,2025-11-15,P003,Linen Tote Bag,1,18.00
ORD-007947,2025-11-15,P022,Phone Case,1,15.00
ORD-007948,2025-11-15,P011,Bamboo Cutting Board,1,32.00
ORD-007949,2025-11-15,P003,Linen Tote Bag,1,18.00
ORD-007950,2025-11-15,P001,Ceramic Mug,2,12.00
ORD-007950,2025-11-15,P002,Travel Tumbler,1,24.00
ORD-007950,2025-11-15,P008,Running Socks,1,9.90
ORD-007951,2025-11-15,P008,Running Socks,1,11.00
ORD-007952,2025-11-15,P001,Ceramic Mug,1,13.20
ORD-007952,2025-11-15,P005,Wool Beanie,1,22.00
ORD-007953,2025-11-15,P001,Ceramic Mug,1,12.00
ORD-007954,2025-11-15,P001,Ceramic Mug,1,12.00
ORD-007955,2025-11-15,P006,Cotton T-Shirt,1,25.00
ORD-007956,2025-11-15,P006,Cotton T-Shirt,2,27.50
ORD-007957,2025-11-15,P002,Travel Tumbler,1,24.00
ORD-007957,2025-11-15,P013,Cast Iron Pan,1,56.00
ORD-007958,2025-11-15,P005,Wool Beanie,1,22.00
ORD-007959,2025-11-15,P003,Linen Tote Bag,1,19.80
ORD-007959,2025-11-15,P015,Soy Wax Candle Set,1,34.00
ORD-007960,2025-11-15,P003,Linen Tote Bag,2,18.00
ORD-007960,2025-11-15,P007,Denim Jacket,2,89.00
ORD-007960,2025-11-15,P030,Wall Calendar,3,14.30
ORD-007961,2025-11-15,P017,Notebook A5,2,9.00
ORD-007962,2025-11-15,P001,Ceramic Mug,1,10.80
ORD-007962,2025-11-15,P003,Linen Tote Bag,1,16.20
ORD-007962,2025-11-15,P015,Soy Wax Candle Set,1,34.00
ORD-007962,2025-11-15,P017,Notebook A5,1,9.00
ORD-007963,2025-11-15,P007,Denim Jacket,1,89.00
ORD-007964,2025-11-15,P002,Travel Tumbler,1,24.00
ORD-007964,2025-11-15,P004,Canvas Backpack,1,59.00
ORD-007964,2025-11-15,P017,Notebook A5,3,8.10
ORD-007965,2025-11-15,P001,Ceramic Mug,1,12.00
ORD-007965,2025-11-15,P034,Sunglasses,1,46.00
ORD-007966,2025-11-15,P025,Resistance Bands,1,15.40
ORD-007967,2025-11-15,P023,Bluetooth Speaker,1,69.00
ORD-007968,2025-11-15,P001,Ceramic Mug,1,13.20
ORD-007968,2025-11-15,P019,Wireless Mouse,1,31.90
ORD-007969,2025-11-15,P005,Wool Beanie,2,22.00
ORD-007970,2025-11-15,P001,Ceramic Mug,1,12.00
ORD-007970,2025-11-15,P002,Travel Tumbler,1,24.00
ORD-007970,2025-11-15,P006,Cotton T-Shirt,1,25.00
ORD-007971,2025-11-15,P005,Wool Beanie,1,24.20
ORD-007972,2025-11-15,P001,Ceramic Mug,1,12.00
ORD-007973,2025-11-15,P019,Wireless Mouse,1,26.10
ORD-007974,2025-11-15,P001,Ceramic Mug,2,12.00
ORD-007975,2025-11-16,P002,Travel Tumbler,1,24.00
ORD-007975,2025-11-16,P003,Linen Tote Bag,2,19.80
ORD-007975,2025-11-16,P005,Wool Beanie,1,22.00
ORD-007975,2025-11-16,P030,Wall Calendar,1,11.70
ORD-007976,2025-11-16,P031,Framed Print,1,64.00
ORD-007977,2025-11-16,P012,Chef Knife,1,74.00
ORD-007978,2025-11-16,P001,Ceramic Mug,1,12.00
ORD-007978,2025-11-16,P015,Soy Wax Candle Set,1,34.00
ORD-007979,2025-11-16,P001,Ceramic Mug,5,12.00
ORD-007980,2025-11-16,P008,Running Socks,1,11.00
ORD-007981,2025-11-16,P027,Coffee Beans 1kg,1,28.00
ORD-007982,2025-11-16,P004,Canvas Backpack,2,59.00
ORD-007983,2025-11-16,P001,Ceramic Mug,1,12.00
ORD-007984,2025-11-16,P001,Ceramic Mug,1,12.00
ORD-007985,2025-11-16,P001,Ceramic Mug,1,12.00
ORD-007986,2025-11-16,P016,Desk Lamp,1,49.00
ORD-007987,2025-11-16,P005,Wool Beanie,2,24.20
ORD-007987,2025-11-16,P012,Chef Knife,2,74.00
ORD-007988,2025-11-16,P001,Ceramic Mug,3,12.00
ORD-007989,2025-11-16,P002,Travel Tumbler,1,24.00
ORD-007990,2025-11-16,P005,Wool Beanie,1,24.20
ORD-007991,2025-11-16,P002,Travel Tumbler,2,24.00
ORD-007992,2025-11-16,P001,Ceramic Mug,2,12.00
ORD-007993,2025-11-16,P001,Ceramic Mug,3,12.00
ORD-007993,2025-11-16,P003,Linen Tote Bag,1,18.00
ORD-007994,2025-11-16,P001,Ceramic Mug,1,12.00
ORD-007994,2025-11-16,P002,Travel Tumbler,5,24.00
ORD-007995,2025-11-16,P001,Ceramic Mug,1,12.00
ORD-007995,2025-11-16,P022,Phone Case,2,15.00
ORD-007996,2025-11-16,P001,Ceramic Mug,2,12.00
ORD-007996,2025-11-16,P014,Scented Candle,1,16.00
ORD-007997,2025-11-16,P004,Canvas Backpack,1,59.00
ORD-007997,2025-11-16,P019,Wireless Mouse,5,29.00
ORD-007997,2025-11-16,P022,Phone Case,5,15.00
ORD-007998,2025-11-16,P001,Ceramic Mug,1,12.00
ORD-007999,2025-11-16,P006,Cotton T-Shirt,1,25.00
ORD-007999,2025-11-16,P019,Wireless Mouse,5,29.00
ORD-008000,2025-11-16,P018,Fountain Pen,2,41.80
ORD-008001,2025-11-16,P031,Framed Print,2,57.60
ORD-008002,2025-11-16,P004,Canvas Backpack,2,59.00
ORD-008002,2025-11-16,P005,Wool Beanie,2,22.00
ORD-008003,2025-11-16,P001,Ceramic Mug,1,12.00
ORD-008003,2025-11-16,P016,Desk Lamp,3,49.00
ORD-008004,2025-11-16,P004,Canvas Backpack,1,59.00
ORD-008004,2025-11-16,P011,Bamboo Cutting Board,2,28.80
ORD-008004,2025-11-16,P017,Notebook A5,1,9.90
ORD-008004,2025-11-16,P028,Olive Oil 500ml,2,21.00
ORD-008005,2025-11-16,P001,Ceramic Mug,5,12.00
ORD-008006,2025-11-16,P004,Canvas Backpack,4,64.90
ORD-008006,2025-11-16,P035,Umbrella,2,26.00
ORD-008007,2025-11-16,P002,Travel Tumbler,3,24.00
ORD-008008,2025-11-16,P023,Bluetooth Speaker,2,69.00
ORD-008009,2025-11-16,P001,Ceramic Mug,1,12.00
ORD-008009,2025-11-16,P007,Denim Jacket,1,80.10
ORD-008010,2025-11-16,P023,Bluetooth Speaker,2,62.10
ORD-008011,2025-11-16,P005,Wool Beanie,3,22.00
ORD-008012,2025-11-16,P035,Umbrella,1,26.00
ORD-008013,2025-11-16,P001,Ceramic Mug,1,12.00
ORD-008013,2025-11-16,P007,Denim Jacket,1,89.00
ORD-008013,2025-11-16,P018,Fountain Pen,1,38.00
ORD-008014,2025-11-16,P004,Canvas Backpack,1,59.00
ORD-008015,2025-11-16,P002,Travel Tumbler,1,24.00
ORD-008016,2025-11-16,P001,Ceramic Mug,1,13.20
ORD-008017,2025-11-16,P004,Canvas Backpack,3,59.00
ORD-008018,2025-11-16,P004,Canvas Backpack,2,59.00
ORD-008019,2025-11-16,P001,Ceramic Mug,1,12.00
ORD-008019,2025-11-16,P002,Travel Tumbler,3,24.00
ORD-008020,2025-11-16,P001,Ceramic Mug,3,12.00
ORD-008020,2025-11-16,P002,Travel Tumbler,1,24.00
ORD-008020,2025-11-16,P005,Wool Beanie,5,19.80
ORD-008020,2025-11-16,P018,Fountain Pen,2,38.00
ORD-008021,2025-11-16,P001,Ceramic Mug,1,12.00
ORD-008022,2025-11-16,P006,Cotton T-Shirt,1,25.00
ORD-008023,2025-11-16,P001,Ceramic Mug,4,12.00
ORD-008024,2025-11-16,P002,Travel Tumbler,2,24.00
ORD-008025,2025-11-16,P004,Canvas Backpack,2,59.00
ORD-008025,2025-11-16,P009,Leather Wallet,2,49.50
ORD-008026,2025-11-16,P001,Ceramic Mug,1,12.00
ORD-008026,2025-11-16,P005,Wool Beanie,2,22.00
ORD-008026,2025-11-16,P009,Leather Wallet,2,45.00
ORD-008027,2025-11-16,P006,Cotton T-Shirt,1,25.00
ORD-008028,2025-11-16,P004,Canvas Backpack,2,59.00
ORD-008029,2025-11-16,P001,Ceramic Mug,2,12.00
ORD-008029,2025-11-16,P005,Wool Beanie,3,19.80
ORD-008029,2025-11-16,P022,Phone Case,1,16.50
ORD-008030,2025-11-17,P001,Ceramic Mug,1,12.00
ORD-008030,2025-11-17,P030,Wall Calendar,1,13.00
ORD-008031,2025-11-17,P001,Ceramic Mug,2,12.00
ORD-008031,2025-11-17,P003,Linen Tote Bag,5,18.00
ORD-008031,2025-11-17,P004,Canvas Backpack,2,59.00
ORD-008032,2025-11-17,P012,Chef Knife,2,81.40
ORD-008033,2025-11-17,P011,Bamboo Cutting Board,2,32.00
ORD-008034,2025-11-17,P001,Ceramic Mug,1,12.00
ORD-008035,2025-11-17,P001,Ceramic Mug,1,12.00
ORD-008036,2025-11-17,P002,Travel Tumbler,1,24.00
ORD-008036,2025-11-17,P014,Scented Candle,1,16.00
ORD-008036,2025-11-17,P022,Phone Case,1,15.00
ORD-008037,2025-11-17,P003,Linen Tote Bag,1,16.20
ORD-008038,2025-11-17,P002,Travel Tumbler,1,24.00
ORD-008039,2025-11-17,P014,Scented Candle,2,14.40
ORD-008040,2025-11-17,P001,Ceramic Mug,1,10.80
ORD-008041,2025-11-17,P001,Ceramic Mug,4,12.00
ORD-008041,2025-11-17,P026,Herbal Tea Sampler,1,19.00
ORD-008042,2025-11-17,P005,Wool Beanie,2,22.00
ORD-008043,2025-11-17,P013,Cast Iron Pan,3,56.00
ORD-008044,2025-11-17,P002,Travel Tumbler,1,21.60
ORD-008044,2025-11-17,P003,Linen Tote Bag,2,18.00
ORD-008045,2025-11-17,P003,Linen Tote Bag,1,16.20
ORD-008046,2025-11-17,P023,Bluetooth Speaker,1,62.10
ORD-008046,2025-11-17,P029,Hot Sauce Trio,2,23.00
ORD-008047,2025-11-17,P001,Ceramic Mug,3,10.80
ORD-008048,2025-11-17,P001,Ceramic Mug,2,12.00
ORD-008048,2025-11-17,P010,Steel Water Bottle,2,20.00
ORD-008049,2025-11-17,P002,Travel Tumbler,1,24.00
ORD-008050,2025-11-17,P001,Ceramic Mug,1,12.00
ORD-008051,2025-11-17,P011,Bamboo Cutting Board,1,32.00
ORD-008052,2025-11-17,P001,Ceramic Mug,5,12.00
ORD-008053,2025-11-17,P001,Ceramic Mug,5,12.00
ORD-008053,2025-11-17,P016,Desk Lamp,1,49.00
ORD-008054,2025-11-17,P001,Ceramic Mug,1,12.00
ORD-008055,2025-11-17,P002,Travel Tumbler,2,26.40
ORD-008056,2025-11-17,P003,Linen Tote Bag,1,18.00
ORD-008056,2025-11-17,P021,USB-C Cable,2,11.00
ORD-008057,2025-11-17,P004,Canvas Backpack,1,53.10
ORD-008058,2025-11-17,P024,Yoga Mat,1,39.60
ORD-008059,2025-11-17,P001,Ceramic Mug,1,13.20
ORD-008059,2025-11-17,P015,Soy Wax Candle Set,2,34.00
ORD-008060,2025-11-17,P001,Ceramic Mug,1,12.00
ORD-008061,2025-11-17,P003,Linen Tote Bag,1,18.00
ORD-008062,2025-11-17,P001,Ceramic Mug,1,12.00
ORD-008063,2025-11-17,P001,Ceramic Mug,1,10.80
ORD-008063,2025-11-17,P003,Linen Tote Bag,2,16.20
ORD-008063,2025-11-17,P019,Wireless Mouse,1,26.10
ORD-008064,2025-11-17,P028,Olive Oil 500ml,1,21.00
ORD-008065,2025-11-17,P001,Ceramic Mug,4,10.80
ORD-008066,2025-11-17,P006,Cotton T-Shirt,5,25.00
ORD-008067,2025-11-17,P016,Desk Lamp,2,49.00
ORD-008067,2025-11-17,P031,Framed Print,1,64.00
ORD-008068,2025-11-17,P001,Ceramic Mug,1,12.00
ORD-008069,2025-11-18,P012,Chef Knife,1,81.40
ORD-008070,2025-11-18,P003,Linen Tote Bag,1,18.00
ORD-008071,2025-11-18,P018,Fountain Pen,1,41.80
ORD-008071,2025-11-18,P019,Wireless Mouse,1,29.00
ORD-008072,2025-11-18,P001,Ceramic Mug,1,13.20
ORD-008073,2025-11-18,P005,Wool Beanie,1,22.00
ORD-008074,2025-11-18,P001,Ceramic Mug,1,12.00
ORD-008075,2025-11-18,P004,Canvas Backpack,1,64.90
ORD-008076,2025-11-18,P014,Scented Candle,3,16.00
ORD-008077,2025-11-18,P031,Framed Print,1,70.40
ORD-008078,2025-11-18,P001,Ceramic Mug,1,12.00
ORD-008079,2025-11-18,P005,Wool Beanie,2,22.00
ORD-008080,2025-11-18,P016,Desk Lamp,1,44.10
ORD-008081,2025-11-18,P015,Soy Wax Candle Set,3,37.40
ORD-008082,2025-11-18,P003,Linen Tote Bag,1,19.80
ORD-008083,2025-11-18,P023,Bluetooth Speaker,1,69.00
ORD-008084,2025-11-18,P001,Ceramic Mug,2,12.00
ORD-008085,2025-11-18,P005,Wool Beanie,3,19.80
ORD-008086,2025-11-18,P001,Ceramic Mug,2,12.00
ORD-008087,2025-11-18,P001,Ceramic Mug,1,13.20
ORD-008088,2025-11-18,P001,Ceramic Mug,3,12.00
ORD-008088,2025-11-18,P003,Linen Tote Bag,1,16.20
ORD-008089,2025-11-18,P001,Ceramic Mug,1,12.00
ORD-008089,2025-11-18,P002,Travel Tumbler,1,24.00
ORD-008089,2025-11-18,P004,Canvas Backpack,2,59.00
ORD-008089,2025-11-18,P014,Scented Candle,2,16.00
ORD-008090,2025-11-18,P001,Ceramic Mug,4,12.00
ORD-008091,2025-11-18,P028,Olive Oil 500ml,2,23.10
ORD-008092,2025-11-18,P008,Running Socks,1,9.90
ORD-008093,2025-11-18,P020,Laptop Stand,1,37.80
ORD-008094,2025-11-18,P006,Cotton T-Shirt,2,25.00
ORD-008094,2025-11-18,P009,Leather Wallet,2,49.50
ORD-008095,2025-11-18,P004,Canvas Backpack,1,59.00
ORD-008096,2025-11-18,P015,Soy Wax Candle Set,2,34.00
ORD-008096,2025-11-18,P020,Laptop Stand,3,42.00
ORD-008096,2025-11-18,P035,Umbrella,1,26.00
ORD-008097,2025-11-18,P003,Linen Tote Bag,3,18.00
ORD-008097,2025-11-18,P024,Yoga Mat,2,36.00
ORD-008098,2025-11-18,P002,Travel Tumbler,1,24.00
ORD-008098,2025-11-18,P005,Wool Beanie,1,24.20
ORD-008099,2025-11-18,P002,Travel Tumbler,1,24.00
ORD-008099,2025-11-18,P013,Cast Iron Pan,1,56.00
ORD-008100,2025-11-18,P001,Ceramic Mug,4,12.00
ORD-008100,2025-11-18,P006,Cotton T-Shirt,1,25.00
ORD-008100,2025-11-18,P029,Hot Sauce Trio,1,23.00
ORD-008101,2025-11-18,P001,Ceramic Mug,2,12.00
ORD-008102,2025-11-19,P001,Ceramic Mug,4,10.80
ORD-008102,2025-11-19,P021,USB-C Cable,2,11.00
ORD-008103,2025-11-19,P004,Canvas Backpack,1,59.00
ORD-008104,2025-11-19,P015,Soy Wax Candle Set,3,34.00
ORD-008105,2025-11-19,P004,Canvas Backpack,1,59.00
ORD-008106,2025-11-19,P001,Ceramic Mug,4,12.00
ORD-008106,2025-11-19,P002,Travel Tumbler,1,24.00
ORD-008106,2025-11-19,P013,Cast Iron Pan,2,56.00
ORD-008107,2025-11-19,P008,Running Socks,2,11.00
ORD-008107,2025-11-19,P035,Umbrella,1,28.60
ORD-008108,2025-11-19,P008,Running Socks,4,11.00
ORD-008109,2025-11-19,P030,Wall Calendar,4,13.00
ORD-008110,2025-11-19,P012,Chef Knife,1,81.40
ORD-008111,2025-11-19,P002,Travel Tumbler,2,24.00
ORD-008112,2025-11-19,P002,Travel Tumbler,1,24.00
ORD-008113,2025-11-19,P001,Ceramic Mug,1,12.00
ORD-008113,2025-11-19,P005,Wool Beanie,2,24.20
ORD-008114,2025-11-19,P004,Canvas Backpack,1,59.00
ORD-008115,2025-11-19,P002,Travel Tumbler,1,26.40
ORD-008115,2025-11-19,P020,Laptop Stand,1,42.00
ORD-008116,2025-11-19,P009,Leather Wallet,2,45.00
ORD-008117,2025-11-19,P003,Linen Tote Bag,1,18.00
ORD-008118,2025-11-19,P019,Wireless Mouse,3,29.00
ORD-008119,2025-11-19,P014,Scented Candle,1,16.00
ORD-008120,2025-11-19,P002,Travel Tumbler,2,24.00
ORD-008120,2025-11-19,P003,Linen Tote Bag,2,18.00
ORD-008120,2025-11-19,P008,Running Socks,5,12.10
ORD-008120,2025-11-19,P023,Bluetooth Speaker,1,62.10
ORD-008121,2025-11-19,P001,Ceramic Mug,2,10.80
ORD-008122,2025-11-19,P036,Gift Card Holder,1,7.00
ORD-008123,2025-11-19,P025,Resistance Bands,1,15.40
ORD-008124,2025-11-19,P002,Travel Tumbler,1,24.00
ORD-008124,2025-11-19,P003,Linen Tote Bag,1,18.00
ORD-008124,2025-11-19,P032,Throw Pillow,5,27.00
ORD-008125,2025-11-19,P006,Cotton T-Shirt,4,25.00
ORD-008126,2025-11-19,P015,Soy Wax Candle Set,1,34.00
ORD-008127,2025-11-19,P003,Linen Tote Bag,2,18.00
ORD-008128,2025-11-20,P001,Ceramic Mug,1,12.00
ORD-008129,2025-11-20,P006,Cotton T-Shirt,3,25.00
ORD-008130,2025-11-20,P001,Ceramic Mug,1,12.00
ORD-008130,2025-11-20,P020,Laptop Stand,3,42.00
ORD-008131,2025-11-20,P001,Ceramic Mug,5,12.00
ORD-008131,2025-11-20,P011,Bamboo Cutting Board,5,32.00
ORD-008132,2025-11-20,P001,Ceramic Mug,2,12.00
ORD-008133,2025-11-20,P001,Ceramic Mug,1,12.00
ORD-008133,2025-11-20,P010,Steel Water Bottle,2,20.00
ORD-008134,2025-11-20,P001,Ceramic Mug,1,12.00
ORD-008134,2025-11-20,P007,Denim Jacket,1,80.10
ORD-008135,2025-11-20,P006,Cotton T-Shirt,1,25.00
ORD-008136,2025-11-20,P012,Chef Knife,3,74.00
ORD-008136,2025-11-20,P030,Wall Calendar,1,13.00
ORD-008137,2025-11-20,P001,Ceramic Mug,4,12.00
ORD-008138,2025-11-20,P001,Ceramic Mug,1,12.00
ORD-008138,2025-11-20,P011,Bamboo Cutting Board,1,28.80
ORD-008139,2025-11-20,P001,Ceramic Mug,1,12.00
ORD-008139,2025-11-20,P019,Wireless Mouse,1,29.00
ORD-008140,2025-11-20,P014,Scented Candle,1,16.00
ORD-008141,2025-11-20,P003,Linen Tote Bag,3,18.00
ORD-008141,2025-11-20,P005,Wool Beanie,2,24.20
ORD-008142,2025-11-20,P008,Running Socks,2,11.00
ORD-008143,2025-11-20,P001,Ceramic Mug,1,12.00
ORD-008144,2025-11-20,P007,Denim Jacket,2,89.00
ORD-008145,2025-11-20,P019,Wireless Mouse,1,29.00
ORD-008146,2025-11-20,P028,Olive Oil 500ml,1,21.00
ORD-008147,2025-11-20,P001,Ceramic Mug,2,12.00
ORD-008147,2025-11-20,P002,Travel Tumbler,4,24.00
ORD-008148,2025-11-20,P009,Leather Wallet,3,45.00
ORD-008149,2025-11-20,P021,USB-C Cable,1,10.00
ORD-008150,2025-11-20,P002,Travel Tumbler,1,24.00
ORD-008150,2025-11-20,P003,Linen Tote Bag,2,18.00
ORD-008151,2025-11-20,P001,Ceramic Mug,1,12.00
ORD-008152,2025-11-20,P001,Ceramic Mug,1,12.00
ORD-008153,2025-11-20,P001,Ceramic Mug,2,10.80
ORD-008153,2025-11-20,P014,Scented Candle,1,14.40
ORD-008154,2025-11-20,P006,Cotton T-Shirt,1,25.00
ORD-008155,2025-11-20,P022,Phone Case,1,15.00
ORD-008156,2025-11-20,P001,Ceramic Mug,2,13.20
ORD-008157,2025-11-20,P001,Ceramic Mug,1,10.80
ORD-008158,2025-11-20,P002,Travel Tumbler,3,24.00
ORD-008159,2025-11-20,P021,USB-C Cable,1,10.00
ORD-008160,2025-11-20,P020,Laptop Stand,1,46.20
ORD-008161,2025-11-20,P001,Ceramic Mug,1,12.00
ORD-008162,2025-11-20,P001,Ceramic Mug,2,12.00
ORD-008162,2025-11-20,P009,Leather Wallet,1,45.00
ORD-008163,2025-11-20,P001,Ceramic Mug,2,13.20
ORD-008164,2025-11-20,P001,Ceramic Mug,3,10.80
ORD-008164,2025-11-20,P024,Yoga Mat,1,36.00
ORD-008165,2025-11-20,P001,Ceramic Mug,2,10.80
ORD-008166,2025-11-20,P002,Travel Tumbler,1,21.60
ORD-008167,2025-11-20,P002,Travel Tumbler,1,24.00
ORD-008168,2025-11-20,P001,Ceramic Mug,5,12.00
ORD-008169,2025-11-20,P001,Ceramic Mug,1,12.00
ORD-008170,2025-11-21,P003,Linen Tote Bag,2,16.20
ORD-008171,2025-11-21,P005,Wool Beanie,1,24.20
ORD-008172,2025-11-21,P006,Cotton T-Shirt,1,25.00
ORD-008173,2025-11-21,P003,Linen Tote Bag,2,18.00
ORD-008174,2025-11-21,P002,Travel Tumbler,2,24.00
ORD-008175,2025-11-21,P007,Denim Jacket,1,89.00
ORD-008175,2025-11-21,P018,Fountain Pen,2,41.80
ORD-008176,2025-11-21,P011,Bamboo Cutting Board,1,35.20
ORD-008177,2025-11-21,P002,Travel Tumbler,1,24.00
ORD-008178,2025-11-21,P007,Denim Jacket,2,89.00
ORD-008179,2025-11-21,P001,Ceramic Mug,2,10.80
ORD-008180,2025-11-21,P001,Ceramic Mug,1,12.00
ORD-008180,2025-11-21,P006,Cotton T-Shirt,1,25.00
ORD-008181,2025-11-21,P003,Linen Tote Bag,1,18.00
ORD-008182,2025-11-21,P025,Resistance Bands,1,14.00
ORD-008183,2025-11-21,P001,Ceramic Mug,5,10.80
ORD-008183,2025-11-21,P005,Wool Beanie,1,22.00
ORD-008183,2025-11-21,P011,Bamboo Cutting Board,1,28.80
ORD-008183,2025-11-21,P012,Chef Knife,5,81.40
ORD-008184,2025-11-21,P001,Ceramic Mug,5,10.80
ORD-008185,2025-11-21,P006,Cotton T-Shirt,1,25.00
ORD-008185,2025-11-21,P014,Scented Candle,1,16.00
ORD-008185,2025-11-21,P022,Phone Case,1,15.00
ORD-008186,2025-11-21,P001,Ceramic Mug,4,12.00
ORD-008187,2025-11-21,P001,Ceramic Mug,2,12.00
ORD-008188,2025-11-21,P009,Leather Wallet,1,45.00
ORD-008188,2025-11-21,P021,USB-C Cable,1,9.00
ORD-008189,2025-11-21,P001,Ceramic Mug,3,12.00
ORD-008190,2025-11-21,P001,Ceramic Mug,1,12.00
ORD-008191,2025-11-21,P002,Travel Tumbler,2,24.00
ORD-008191,2025-11-21,P035,Umbrella,1,26.00
ORD-008192,2025-11-21,P004,Canvas Backpack,1,59.00
ORD-008193,2025-11-21,P001,Ceramic Mug,4,13.20
ORD-008194,2025-11-21,P003,Linen Tote Bag,1,19.80
ORD-008195,2025-11-21,P001,Ceramic Mug,1,12.00
ORD-008196,2025-11-21,P008,Running Socks,1,9.90
ORD-008197,2025-11-21,P001,Ceramic Mug,5,12.00
ORD-008198,2025-11-21,P027,Coffee Beans 1kg,3,28.00
ORD-008199,2025-11-21,P001,Ceramic Mug,1,12.00
ORD-008199,2025-11-21,P007,Denim Jacket,1,89.00
ORD-008199,2025-11-21,P009,Leather Wallet,2,45.00
ORD-008200,2025-11-21,P011,Bamboo Cutting Board,1,32.00
ORD-008201,2025-11-21,P004,Canvas Backpack,2,59.00
ORD-008202,2025-11-21,P001,Ceramic Mug,1,13.20
ORD-008202,2025-11-21,P005,Wool Beanie,1,22.00
ORD-008203,2025-11-21,P010,Steel Water Bottle,4,20.00
ORD-008204,2025-11-21,P014,Scented Candle,1,16.00
ORD-008205,2025-11-21,P001,Ceramic Mug,1,10.80
ORD-008206,2025-11-21,P023,Bluetooth Speaker,1,69.00
ORD-008207,2025-11-21,P002,Travel Tumbler,2,24.00
ORD-008207,2025-11-21,P024,Yoga Mat,1,32.40
ORD-008208,2025-11-21,P001,Ceramic Mug,1,12.00
ORD-008208,2025-11-21,P002,Travel Tumbler,4,24.00
ORD-008208,2025-11-21,P034,Sunglasses,1,46.00
ORD-008209,2025-11-21,P001,Ceramic Mug,1,12.00
ORD-008209,2025-11-21,P002,Travel Tumbler,2,24.00
ORD-008209,2025-11-21,P011,Bamboo Cutting Board,1,32.00
ORD-008209,2025-11-21,P033,Wool Blanket,1,79.00
ORD-008210,2025-11-21,P001,Ceramic Mug,1,12.00
ORD-008210,2025-11-21,P002,Travel Tumbler,1,24.00
ORD-008211,2025-11-21,P001,Ceramic Mug,1,10.80
ORD-008212,2025-11-21,P003,Linen Tote Bag,2,18.00
ORD-008213,2025-11-21,P002,Travel Tumbler,3,24.00
ORD-008214,2025-11-21,P007,Denim Jacket,2,97.90
ORD-008215,2025-11-21,P005,Wool Beanie,1,22.00
ORD-008216,2025-11-22,P013,Cast Iron Pan,1,56.00
ORD-008217,2025-11-22,P004,Canvas Backpack,1,59.00
ORD-008218,2025-11-22,P014,Scented Candle,2,16.00
ORD-008219,2025-11-22,P001,Ceramic Mug,2,12.00
ORD-008219,2025-11-22,P003,Linen Tote Bag,1,18.00
ORD-008219,2025-11-22,P005,Wool Beanie,2,24.20
ORD-008220,2025-11-22,P001,Ceramic Mug,2,12.00
ORD-008221,2025-11-22,P008,Running Socks,1,11.00
ORD-008222,2025-11-22,P006,Cotton T-Shirt,1,25.00
ORD-008223,2025-11-22,P003,Linen Tote Bag,1,16.20
ORD-008223,2025-11-22,P022,Phone Case,1,15.00
ORD-008224,2025-11-22,P016,Desk Lamp,1,49.00
ORD-008225,2025-11-22,P014,Scented Candle,1,17.60
ORD-008226,2025-11-22,P013,Cast Iron Pan,1,56.00
ORD-008227,2025-11-22,P022,Phone Case,1,15.00
ORD-008228,2025-11-22,P016,Desk Lamp,3,49.00
ORD-008229,2025-11-22,P027,Coffee Beans 1kg,3,28.00
ORD-008230,2025-11-22,P002,Travel Tumbler,2,24.00
ORD-008230,2025-11-22,P008,Running Socks,1,12.10
ORD-008231,2025-11-22,P001,Ceramic Mug,1,12.00
ORD-008231,2025-11-22,P003,Linen Tote Bag,1,18.00
ORD-008231,2025-11-22,P004,Canvas Backpack,2,59.00
ORD-008231,2025-11-22,P025,Resistance Bands,1,14.00
ORD-008232,2025-11-22,P002,Travel Tumbler,1,24.00
ORD-008233,2025-11-22,P021,USB-C Cable,1,10.00
ORD-008234,2025-11-22,P003,Linen Tote Bag,1,18.00
ORD-008235,2025-11-22,P002,Travel Tumbler,1,24.00
ORD-008236,2025-11-22,P001,Ceramic Mug,2,12.00
ORD-008236,2025-11-22,P004,Canvas Backpack,1,53.10
ORD-008237,2025-11-22,P001,Ceramic Mug,1,12.00
ORD-008238,2025-11-22,P002,Travel Tumbler,2,24.00
ORD-008238,2025-11-22,P005,Wool Beanie,3,22.00
ORD-008239,2025-11-22,P002,Travel Tumbler,1,24.00
ORD-008240,2025-11-22,P001,Ceramic Mug,3,12.00
ORD-008241,2025-11-22,P003,Linen Tote Bag,1,16.20
ORD-008242,2025-11-22,P003,Linen Tote Bag,3,18.00
ORD-008243,2025-11-22,P003,Linen Tote Bag,1,18.00
ORD-008243,2025-11-22,P016,Desk Lamp,1,49.00
ORD-008243,2025-11-22,P030,Wall Calendar,1,13.00
ORD-008244,2025-11-22,P022,Phone Case,3,15.00
ORD-008245,2025-11-22,P008,Running Socks,1,11.00
ORD-008246,2025-11-22,P004,Canvas Backpack,2,53.10
ORD-008247,2025-11-22,P002,Travel Tumbler,1,26.40
ORD-008248,2025-11-22,P002,Travel Tumbler,1,26.40
ORD-008249,2025-11-22,P033,Wool Blanket,1,79.00
ORD-008250,2025-11-22,P002,Travel Tumbler,1,26.40
ORD-008251,2025-11-22,P001,Ceramic Mug,1,12.00
ORD-008252,2025-11-22,P001,Ceramic Mug,2,12.00
ORD-008252,2025-11-22,P023,Bluetooth Speaker,1,69.00
ORD-008253,2025-11-22,P008,Running Socks,3,11.00
ORD-008254,2025-11-22,P012,Chef Knife,1,74.00
ORD-008255,2025-11-22,P001,Ceramic Mug,2,12.00
ORD-008256,2025-11-22,P008,Running Socks,1,11.00
ORD-008257,2025-11-22,P010,Steel Water Bottle,2,20.00
ORD-008258,2025-11-22,P003,Linen Tote Bag,1,18.00
ORD-008259,2025-11-22,P001,Ceramic Mug,3,10.80
ORD-008260,2025-11-22,P005,Wool Beanie,1,24.20
ORD-008261,2025-11-22,P001,Ceramic Mug,1,12.00
ORD-008262,2025-11-22,P001,Ceramic Mug,3,10.80
ORD-008262,2025-11-22,P015,Soy Wax Candle Set,1,34.00
ORD-008263,2025-11-22,P026,Herbal Tea Sampler,2,19.00
ORD-008264,2025-11-22,P002,Travel Tumbler,2,24.00
ORD-008265,2025-11-22,P013,Cast Iron Pan,1,61.60
ORD-008266,2025-11-22,P003,Linen Tote Bag,1,18.00
ORD-008267,2025-11-22,P008,Running Socks,2,11.00
ORD-008268,2025-11-22,P001,Ceramic Mug,2,12.00
ORD-008269,2025-11-22,P002,Travel Tumbler,1,24.00
ORD-008269,2025-11-22,P003,Linen Tote Bag,2,18.00
ORD-008270,2025-11-22,P028,Olive Oil 500ml,1,21.00
ORD-008271,2025-11-22,P004,Canvas Backpack,3,59.00
ORD-008272,2025-11-22,P001,Ceramic Mug,1,13.20
ORD-008272,2025-11-22,P002,Travel Tumbler,2,26.40
ORD-008273,2025-11-22,P010,Steel Water Bottle,1,20.00
ORD-008273,2025-11-22,P030,Wall Calendar,1,13.00
ORD-008274,2025-11-22,P002,Travel Tumbler,1,24.00
ORD-008275,2025-11-23,P001,Ceramic Mug,1,12.00
ORD-008276,2025-11-23,P001,Ceramic Mug,4,12.00
ORD-008276,2025-11-23,P002,Travel Tumbler,3,24.00
ORD-008276,2025-11-23,P015,Soy Wax Candle Set,1,30.60
ORD-008276,2025-11-23,P016,Desk Lamp,1,49.00
ORD-008277,2025-11-23,P001,Ceramic Mug,1,12.00
ORD-008278,2025-11-23,P022,Phone Case,1,15.00
ORD-008279,2025-11-23,P012,Chef Knife,1,66.60
ORD-008280,2025-11-23,P001,Ceramic Mug,1,12.00
ORD-008280,2025-11-23,P015,Soy Wax Candle Set,3,34.00
ORD-008281,2025-11-23,P001,Ceramic Mug,1,10.80
ORD-008282,2025-11-23,P001,Ceramic Mug,2,12.00
ORD-008283,2025-11-23,P004,Canvas Backpack,3,64.90
ORD-008284,2025-11-23,P021,USB-C Cable,1,11.00
ORD-008285,2025-11-23,P002,Travel Tumbler,1,26.40
ORD-008286,2025-11-23,P002,Travel Tumbler,1,24.00
ORD-008287,2025-11-23,P010,Steel Water Bottle,1,20.00
ORD-008288,2025-11-23,P004,Canvas Backpack,1,59.00
ORD-008288,2025-11-23,P005,Wool Beanie,4,22.00
ORD-008289,2025-11-23,P001,Ceramic Mug,1,12.00
ORD-008289,2025-11-23,P009,Leather Wallet,1,45.00
ORD-008289,2025-11-23,P016,Desk Lamp,1,49.00
ORD-008289,2025-11-23,P027,Coffee Beans 1kg,1,28.00
ORD-008290,2025-11-23,P008,Running Socks,1,11.00
ORD-008291,2025-11-23,P001,Ceramic Mug,1,10.80
ORD-008291,2025-11-23,P015,Soy Wax Candle Set,1,34.00
ORD-008291,2025-11-23,P030,Wall Calendar,2,13.00
ORD-008292,2025-11-23,P023,Bluetooth Speaker,2,62.10
ORD-008293,2025-11-23,P002,Travel Tumbler,1,26.40
ORD-008294,2025-11-23,P004,Canvas Backpack,1,59.00
ORD-008294,2025-11-23,P013,Cast Iron Pan,2,56.00
ORD-008295,2025-11-23,P001,Ceramic Mug,1,10.80
ORD-008295,2025-11-23,P022,Phone Case,2,15.00
ORD-008296,2025-11-23,P001,Ceramic Mug,1,13.20
ORD-008296,2025-11-23,P019,Wireless Mouse,1,29.00
ORD-008297,2025-11-23,P001,Ceramic Mug,4,13.20
ORD-008298,2025-11-23,P005,Wool Beanie,2,22.00
ORD-008299,2025-11-23,P007,Denim Jacket,1,89.00
ORD-008300,2025-11-23,P002,Travel Tumbler,2,26.40
ORD-008300,2025-11-23,P005,Wool Beanie,1,24.20
ORD-008301,2025-11-23,P001,Ceramic Mug,2,10.80
ORD-008302,2025-11-23,P002,Travel Tumbler,1,26.40
ORD-008302,2025-11-23,P024,Yoga Mat,3,36.00
ORD-008303,2025-11-23,P001,Ceramic Mug,1,12.00
ORD-008303,2025-11-23,P005,Wool Beanie,1,22.00
ORD-008303,2025-11-23,P010,Steel Water Bottle,1,18.00
ORD-008304,2025-11-23,P001,Ceramic Mug,1,12.00
ORD-008304,2025-11-23,P002,Travel Tumbler,1,24.00
ORD-008304,2025-11-23,P034,Sunglasses,1,46.00
ORD-008305,2025-11-23,P001,Ceramic Mug,1,12.00
ORD-008305,2025-11-23,P016,Desk Lamp,1,49.00
ORD-008306,2025-11-23,P004,Canvas Backpack,2,59.00
ORD-008307,2025-11-23,P031,Framed Print,4,70.40
ORD-008308,2025-11-23,P002,Travel Tumbler,3,24.00
ORD-008309,2025-11-23,P036,Gift Card Holder,4,7.00
ORD-008310,2025-11-23,P001,Ceramic Mug,1,12.00
ORD-008310,2025-11-23,P028,Olive Oil 500ml,5,23.10
ORD-008311,2025-11-23,P007,Denim Jacket,1,89.00
ORD-008312,2025-11-23,P001,Ceramic Mug,1,10.80
ORD-008313,2025-11-23,P002,Travel Tumbler,1,21.60
ORD-008313,2025-11-23,P003,Linen Tote Bag,1,18.00
ORD-008313,2025-11-23,P006,Cotton T-Shirt,1,25.00
ORD-008314,2025-11-23,P001,Ceramic Mug,1,12.00
ORD-008314,2025-11-23,P002,Travel Tumbler,1,24.00
ORD-008315,2025-11-23,P035,Umbrella,2,28.60
ORD-008316,2025-11-23,P001,Ceramic Mug,1,12.00
ORD-008316,2025-11-23,P005,Wool Beanie,1,24.20
ORD-008317,2025-11-23,P001,Ceramic Mug,2,10.80
ORD-008318,2025-11-23,P002,Travel Tumbler,1,24.00
ORD-008319,2025-11-23,P002,Travel Tumbler,1,26.40
ORD-008320,2025-11-23,P001,Ceramic Mug,2,12.00
ORD-008320,2025-11-23,P019,Wireless Mouse,1,29.00
ORD-008321,2025-11-23,P002,Travel Tumbler,2,24.00
ORD-008322,2025-11-23,P001,Ceramic Mug,2,13.20
ORD-008323,2025-11-23,P001,Ceramic Mug,1,12.00
ORD-008324,2025-11-23,P002,Travel Tumbler,1,26.40
ORD-008325,2025-11-23,P006,Cotton T-Shirt,1,25.00
ORD-008326,2025-11-23,P002,Travel Tumbler,2,24.00
ORD-008327,2025-11-23,P003,Linen Tote Bag,1,16.20
ORD-008328,2025-11-23,P011,Bamboo Cutting Board,4,28.80
ORD-008329,2025-11-23,P002,Travel Tumbler,1,24.00
ORD-008330,2025-11-23,P011,Bamboo Cutting Board,1,32.00
ORD-008330,2025-11-23,P017,Notebook A5,1,9.00
ORD-008331,2025-11-23,P002,Travel Tumbler,1,24.00
ORD-008332,2025-11-23,P001,Ceramic Mug,4,12.00
ORD-008333,2025-11-24,P008,Running Socks,5,12.10
ORD-008334,2025-11-24,P003,Linen Tote Bag,2,18.00
ORD-008334,2025-11-24,P004,Canvas Backpack,1,59.00
ORD-008335,2025-11-24,P009,Leather Wallet,2,45.00
ORD-008336,2025-11-24,P002,Travel Tumbler,2,21.60
ORD-008337,2025-11-24,P004,Canvas Backpack,2,59.00
ORD-008338,2025-11-24,P002,Travel Tumbler,2,24.00
ORD-008338,2025-11-24,P003,Linen Tote Bag,1,18.00
ORD-008338,2025-11-24,P004,Canvas Backpack,1,64.90
ORD-008339,2025-11-24,P025,Resistance Bands,2,12.60
ORD-008339,2025-11-24,P026,Herbal Tea Sampler,3,17.10
ORD-008340,2025-11-24,P001,Ceramic Mug,2,13.20
ORD-008341,2025-11-24,P001,Ceramic Mug,2,12.00
ORD-008341,2025-11-24,P005,Wool Beanie,2,22.00
ORD-008342,2025-11-24,P002,Travel Tumbler,2,24.00
ORD-008342,2025-11-24,P019,Wireless Mouse,1,26.10
ORD-008343,2025-11-24,P001,Ceramic Mug,2,12.00
ORD-008343,2025-11-24,P015,Soy Wax Candle Set,1,34.00
ORD-008344,2025-11-24,P005,Wool Beanie,1,24.20
ORD-008344,2025-11-24,P006,Cotton T-Shirt,1,25.00
ORD-008345,2025-11-24,P003,Linen Tote Bag,1,18.00
ORD-008346,2025-11-24,P034,Sunglasses,1,46.00
ORD-008347,2025-11-24,P001,Ceramic Mug,1,12.00
ORD-008347,2025-11-24,P007,Denim Jacket,4,89.00
ORD-008348,2025-11-24,P002,Travel Tumbler,1,24.00
ORD-008348,2025-11-24,P023,Bluetooth Speaker,1,62.10
ORD-008349,2025-11-24,P010,Steel Water Bottle,1,22.00
ORD-008350,2025-11-24,P001,Ceramic Mug,2,12.00
ORD-008350,2025-11-24,P010,Steel Water Bottle,1,20.00
ORD-008350,2025-11-24,P022,Phone Case,1,16.50
ORD-008350,2025-11-24,P034,Sunglasses,1,46.00
ORD-008351,2025-11-24,P001,Ceramic Mug,1,12.00
ORD-008351,2025-11-24,P003,Linen Tote Bag,1,16.20
ORD-008351,2025-11-24,P029,Hot Sauce Trio,1,23.00
ORD-008352,2025-11-24,P002,Travel Tumbler,1,24.00
ORD-008353,2025-11-24,P006,Cotton T-Shirt,1,25.00
ORD-008354,2025-11-24,P001,Ceramic Mug,1,12.00
ORD-008355,2025-11-24,P008,Running Socks,1,11.00
ORD-008356,2025-11-24,P001,Ceramic Mug,4,12.00
ORD-008357,2025-11-24,P001,Ceramic Mug,2,13.20
ORD-008358,2025-11-24,P006,Cotton T-Shirt,1,25.00
ORD-008359,2025-11-24,P001,Ceramic Mug,2,10.80
ORD-008360,2025-11-24,P001,Ceramic Mug,1,12.00
ORD-008361,2025-11-24,P001,Ceramic Mug,1,12.00
ORD-008361,2025-11-24,P016,Desk Lamp,1,49.00
ORD-008362,2025-11-24,P004,Canvas Backpack,1,59.00
ORD-008363,2025-11-24,P001,Ceramic Mug,1,12.00
ORD-008364,2025-11-24,P001,Ceramic Mug,1,12.00
ORD-008364,2025-11-24,P002,Travel Tumbler,1,24.00
ORD-008364,2025-11-24,P011,Bamboo Cutting Board,3,32.00
ORD-008364,2025-11-24,P019,Wireless Mouse,1,26.10
ORD-008365,2025-11-24,P005,Wool Beanie,2,19.80
ORD-008366,2025-11-24,P002,Travel Tumbler,1,24.00
ORD-008367,2025-11-24,P036,Gift Card Holder,1,7.00
ORD-008368,2025-11-24,P001,Ceramic Mug,2,12.00
ORD-008369,2025-11-24,P012,Chef Knife,2,66.60
ORD-008370,2025-11-25,P012,Chef Knife,2,74.00
ORD-008370,2025-11-25,P034,Sunglasses,2,50.60
ORD-008371,2025-11-25,P002,Travel Tumbler,5,26.40
ORD-008372,2025-11-25,P005,Wool Beanie,1,22.00
ORD-008373,2025-11-25,P002,Travel Tumbler,2,21.60
ORD-008373,2025-11-25,P005,Wool Beanie,1,24.20
ORD-008373,2025-11-25,P007,Denim Jacket,2,89.00
ORD-008374,2025-11-25,P002,Travel Tumbler,1,24.00
ORD-008375,2025-11-25,P014,Scented Candle,4,17.60
ORD-008376,2025-11-25,P009,Leather Wallet,1,45.00
ORD-008377,2025-11-25,P003,Linen Tote Bag,1,18.00
ORD-008377,2025-11-25,P005,Wool Beanie,2,19.80
ORD-008378,2025-11-25,P001,Ceramic Mug,1,12.00
ORD-008378,2025-11-25,P024,Yoga Mat,5,36.00
ORD-008379,2025-11-25,P001,Ceramic Mug,2,12.00
ORD-008379,2025-11-25,P008,Running Socks,1,11.00
ORD-008379,2025-11-25,P017,Notebook A5,1,9.00
ORD-008380,2025-11-25,P004,Canvas Backpack,4,59.00
ORD-008381,2025-11-25,P002,Travel Tumbler,1,24.00
ORD-008381,2025-11-25,P010,Steel Water Bottle,4,22.00
ORD-008381,2025-11-25,P013,Cast Iron Pan,1,56.00
ORD-008382,2025-11-25,P001,Ceramic Mug,1,12.00
ORD-008382,2025-11-25,P006,Cotton T-Shirt,1,22.50
ORD-008383,2025-11-25,P010,Steel Water Bottle,1,22.00
ORD-008384,2025-11-25,P001,Ceramic Mug,1,12.00
ORD-008384,2025-11-25,P002,Travel Tumbler,2,24.00
ORD-008384,2025-11-25,P007,Denim Jacket,1,89.00
ORD-008384,2025-11-25,P012,Chef Knife,2,74.00
ORD-008385,2025-11-25,P023,Bluetooth Speaker,1,69.00
ORD-008386,2025-11-25,P004,Canvas Backpack,1,64.90
ORD-008387,2025-11-25,P001,Ceramic Mug,1,10.80
ORD-008387,2025-11-25,P004,Canvas Backpack,3,59.00
ORD-008388,2025-11-25,P001,Ceramic Mug,1,12.00
ORD-008388,2025-11-25,P003,Linen Tote Bag,1,19.80
ORD-008389,2025-11-25,P008,Running Socks,3,12.10
ORD-008390,2025-11-25,P004,Canvas Backpack,3,59.00
ORD-008391,2025-11-25,P011,Bamboo Cutting Board,2,32.00
ORD-008392,2025-11-25,P002,Travel Tumbler,1,24.00
ORD-008392,2025-11-25,P007,Denim Jacket,1,89.00
ORD-008393,2025-11-25,P001,Ceramic Mug,1,12.00
ORD-008394,2025-11-25,P001,Ceramic Mug,2,12.00
ORD-008395,2025-11-25,P004,Canvas Backpack,1,59.00
ORD-008396,2025-11-25,P001,Ceramic Mug,1,12.00
ORD-008396,2025-11-25,P024,Yoga Mat,2,39.60
ORD-008397,2025-11-25,P003,Linen Tote Bag,1,16.20
ORD-008397,2025-11-25,P020,Laptop Stand,1,42.00
ORD-008398,2025-11-25,P009,Leather Wallet,2,45.00
ORD-008399,2025-11-25,P002,Travel Tumbler,5,24.00
ORD-008399,2025-11-25,P026,Herbal Tea Sampler,1,19.00
ORD-008400,2025-11-25,P010,Steel Water Bottle,1,20.00
ORD-008401,2025-11-25,P001,Ceramic Mug,1,13.20
ORD-008401,2025-11-25,P007,Denim Jacket,1,97.90
ORD-008401,2025-11-25,P025,Resistance Bands,1,12.60
ORD-008402,2025-11-25,P007,Denim Jacket,4,89.00
ORD-008402,2025-11-25,P013,Cast Iron Pan,1,61.60
ORD-008403,2025-11-25,P001,Ceramic Mug,1,12.00
ORD-008403,2025-11-25,P002,Travel Tumbler,1,24.00
ORD-008403,2025-11-25,P006,Cotton T-Shirt,1,25.00
ORD-008403,2025-11-25,P007,Denim Jacket,1,89.00
ORD-008404,2025-11-26,P002,Travel Tumbler,1,21.60
ORD-008405,2025-11-26,P001,Ceramic Mug,1,12.00
ORD-008406,2025-11-26,P010,Steel Water Bottle,1,20.00
ORD-008407,2025-11-26,P005,Wool Beanie,1,22.00
ORD-008407,2025-11-26,P013,Cast Iron Pan,1,56.00
ORD-008408,2025-11-26,P001,Ceramic Mug,1,12.00
ORD-008408,2025-11-26,P003,Linen Tote Bag,4,16.20
ORD-008408,2025-11-26,P004,Canvas Backpack,2,59.00
ORD-008408,2025-11-26,P009,Leather Wallet,1,45.00
ORD-008409,2025-11-26,P001,Ceramic Mug,2,12.00
ORD-008410,2025-11-26,P014,Scented Candle,1,16.00
ORD-008411,2025-11-26,P001,Ceramic Mug,1,12.00
ORD-008411,2025-11-26,P006,Cotton T-Shirt,1,25.00
ORD-008412,2025-11-26,P021,USB-C Cable,2,10.00
ORD-008413,2025-11-26,P005,Wool Beanie,1,22.00
ORD-008414,2025-11-26,P001,Ceramic Mug,1,12.00
ORD-008415,2025-11-26,P001,Ceramic Mug,5,12.00
ORD-008415,2025-11-26,P002,Travel Tumbler,1,24.00
ORD-008416,2025-11-26,P008,Running Socks,4,11.00
ORD-008417,2025-11-26,P004,Canvas Backpack,2,59.00
ORD-008418,2025-11-26,P004,Canvas Backpack,2,59.00
ORD-008419,2025-11-26,P001,Ceramic Mug,3,12.00
ORD-008420,2025-11-26,P002,Travel Tumbler,2,24.00
ORD-008421,2025-11-26,P014,Scented Candle,1,16.00
ORD-008421,2025-11-26,P017,Notebook A5,3,9.00
ORD-008422,2025-11-26,P003,Linen Tote Bag,2,19.80
ORD-008423,2025-11-26,P001,Ceramic Mug,1,12.00
ORD-008423,2025-11-26,P003,Linen Tote Bag,1,18.00
ORD-008423,2025-11-26,P030,Wall Calendar,1,13.00
ORD-008424,2025-11-26,P006,Cotton T-Shirt,1,25.00
ORD-008425,2025-11-26,P002,Travel Tumbler,1,24.00
ORD-008426,2025-11-26,P005,Wool Beanie,1,24.20
ORD-008427,2025-11-26,P008,Running Socks,1,11.00
ORD-008428,2025-11-26,P002,Travel Tumbler,2,24.00
ORD-008428,2025-11-26,P011,Bamboo Cutting Board,1,35.20
ORD-008429,2025-11-26,P007,Denim Jacket,1,89.00
ORD-008429,2025-11-26,P014,Scented Candle,1,16.00
ORD-008430,2025-11-26,P001,Ceramic Mug,2,10.80
ORD-008431,2025-11-27,P002,Travel Tumbler,2,24.00
ORD-008432,2025-11-27,P007,Denim Jacket,1,97.90
ORD-008433,2025-11-27,P021,USB-C Cable,1,10.00
ORD-008434,2025-11-27,P008,Running Socks,4,11.00
ORD-008435,2025-11-27,P001,Ceramic Mug,1,13.20
ORD-008436,2025-11-27,P001,Ceramic Mug,1,12.00
ORD-008437,2025-11-27,P001,Ceramic Mug,1,12.00
ORD-008438,2025-11-27,P004,Canvas Backpack,1,59.00
ORD-008438,2025-11-27,P005,Wool Beanie,2,22.00
ORD-008438,2025-11-27,P015,Soy Wax Candle Set,1,34.00
ORD-008439,2025-11-27,P003,Linen Tote Bag,2,18.00
ORD-008439,2025-11-27,P004,Canvas Backpack,2,59.00
ORD-008439,2025-11-27,P012,Chef Knife,5,74.00
ORD-008440,2025-11-27,P025,Resistance Bands,1,14.00
ORD-008441,2025-11-27,P002,Travel Tumbler,5,24.00
ORD-008441,2025-11-27,P006,Cotton T-Shirt,2,22.50
ORD-008441,2025-11-27,P008,Running Socks,1,11.00
ORD-008442,2025-11-27,P001,Ceramic Mug,1,12.00
ORD-008442,2025-11-27,P005,Wool Beanie,1,22.00
ORD-008442,2025-11-27,P008,Running Socks,1,11.00
ORD-008442,2025-11-27,P023,Bluetooth Speaker,1,62.10
ORD-008443,2025-11-27,P002,Travel Tumbler,1,24.00
ORD-008444,2025-11-27,P001,Ceramic Mug,1,13.20
ORD-008445,2025-11-27,P018,Fountain Pen,1,38.00
ORD-008446,2025-11-27,P003,Linen Tote Bag,2,16.20
ORD-008446,2025-11-27,P020,Laptop Stand,1,42.00
ORD-008447,2025-11-27,P004,Canvas Backpack,3,59.00
ORD-008448,2025-11-27,P001,Ceramic Mug,1,10.80
ORD-008448,2025-11-27,P025,Resistance Bands,2,15.40
ORD-008449,2025-11-27,P003,Linen Tote Bag,2,16.20
ORD-008450,2025-11-27,P001,Ceramic Mug,3,13.20
ORD-008450,2025-11-27,P016,Desk Lamp,1,49.00
ORD-008451,2025-11-27,P006,Cotton T-Shirt,1,22.50
ORD-008452,2025-11-27,P001,Ceramic Mug,5,10.80
ORD-008453,2025-11-27,P001,Ceramic Mug,1,12.00
ORD-008453,2025-11-27,P005,Wool Beanie,1,22.00
ORD-008454,2025-11-27,P005,Wool Beanie,2,22.00
ORD-008455,2025-11-27,P010,Steel Water Bottle,1,18.00
ORD-008456,2025-11-27,P002,Travel Tumbler,2,24.00
ORD-008457,2025-11-27,P002,Travel Tumbler,1,26.40
ORD-008458,2025-11-28,P002,Travel Tumbler,2,24.00
ORD-008459,2025-11-28,P021,USB-C Cable,1,10.00
ORD-008459,2025-11-28,P036,Gift Card Holder,1,7.00
ORD-008460,2025-11-28,P034,Sunglasses,1,46.00
ORD-008461,2025-11-28,P007,Denim Jacket,1,89.00
ORD-008462,2025-11-28,P004,Canvas Backpack,1,59.00
ORD-008463,2025-11-28,P001,Ceramic Mug,4,12.00
ORD-008464,2025-11-28,P003,Linen Tote Bag,3,18.00
ORD-008465,2025-11-28,P001,Ceramic Mug,5,12.00
ORD-008466,2025-11-28,P010,Steel Water Bottle,1,18.00
ORD-008467,2025-11-28,P007,Denim Jacket,2,80.10
ORD-008467,2025-11-28,P020,Laptop Stand,1,37.80
ORD-008467,2025-11-28,P036,Gift Card Holder,1,7.00
ORD-008468,2025-11-28,P008,Running Socks,1,9.90
ORD-008469,2025-11-28,P021,USB-C Cable,3,11.00
ORD-008470,2025-11-28,P001,Ceramic Mug,1,12.00
ORD-008471,2025-11-28,P002,Travel Tumbler,1,24.00
ORD-008472,2025-11-28,P012,Chef Knife,1,74.00
ORD-008473,2025-11-28,P002,Travel Tumbler,1,24.00
ORD-008474,2025-11-28,P002,Travel Tumbler,1,24.00
ORD-008474,2025-11-28,P005,Wool Beanie,2,22.00
ORD-008474,2025-11-28,P025,Resistance Bands,4,15.40
ORD-008475,2025-11-28,P006,Cotton T-Shirt,2,25.00
ORD-008476,2025-11-28,P021,USB-C Cable,3,10.00
ORD-008476,2025-11-28,P024,Yoga Mat,2,36.00
ORD-008477,2025-11-28,P004,Canvas Backpack,1,59.00
ORD-008478,2025-11-28,P004,Canvas Backpack,4,59.00
ORD-008479,2025-11-28,P015,Soy Wax Candle Set,1,34.00
ORD-008480,2025-11-28,P002,Travel Tumbler,1,26.40
ORD-008481,2025-11-28,P002,Travel Tumbler,2,24.00
ORD-008482,2025-11-28,P004,Canvas Backpack,5,59.00
ORD-008483,2025-11-28,P006,Cotton T-Shirt,1,25.00
ORD-008483,2025-11-28,P007,Denim Jacket,1,89.00
ORD-008484,2025-11-28,P005,Wool Beanie,5,24.20
ORD-008485,2025-11-28,P013,Cast Iron Pan,3,56.00
ORD-008486,2025-11-28,P001,Ceramic Mug,1,12.00
ORD-008486,2025-11-28,P004,Canvas Backpack,2,59.00
ORD-008487,2025-11-28,P001,Ceramic Mug,4,12.00
ORD-008487,2025-11-28,P002,Travel Tumbler,2,24.00
ORD-008487,2025-11-28,P007,Denim Jacket,2,89.00
ORD-008488,2025-11-28,P001,Ceramic Mug,2,12.00
ORD-008489,2025-11-28,P001,Ceramic Mug,3,12.00
ORD-008490,2025-11-28,P004,Canvas Backpack,1,59.00
ORD-008490,2025-11-28,P005,Wool Beanie,2,19.80
ORD-008490,2025-11-28,P008,Running Socks,1,11.00
ORD-008490,2025-11-28,P009,Leather Wallet,3,49.50
ORD-008491,2025-11-28,P001,Ceramic Mug,1,12.00
ORD-008491,2025-11-28,P033,Wool Blanket,3,79.00
ORD-008492,2025-11-28,P019,Wireless Mouse,2,29.00
ORD-008493,2025-11-28,P018,Fountain Pen,3,34.20
ORD-008494,2025-11-28,P005,Wool Beanie,3,22.00
ORD-008495,2025-11-28,P015,Soy Wax Candle Set,1,34.00
ORD-008496,2025-11-28,P001,Ceramic Mug,2,10.80
ORD-008496,2025-11-28,P002,Travel Tumbler,1,24.00
ORD-008496,2025-11-28,P007,Denim Jacket,2,89.00
ORD-008497,2025-11-28,P002,Travel Tumbler,2,26.40
ORD-008497,2025-11-28,P006,Cotton T-Shirt,1,25.00
ORD-008497,2025-11-28,P036,Gift Card Holder,1,6.30
ORD-008498,2025-11-28,P001,Ceramic Mug,2,10.80
ORD-008499,2025-11-28,P007,Denim Jacket,1,89.00
ORD-008500,2025-11-28,P008,Running Socks,2,11.00
ORD-008501,2025-11-28,P001,Ceramic Mug,1,12.00
ORD-008501,2025-11-28,P009,Leather Wallet,1,45.00
ORD-008502,2025-11-28,P004,Canvas Backpack,2,53.10
ORD-008503,2025-11-28,P001,Ceramic Mug,1,12.00
ORD-008503,2025-11-28,P002,Travel Tumbler,1,21.60
ORD-008504,2025-11-28,P006,Cotton T-Shirt,1,25.00
ORD-008505,2025-11-28,P001,Ceramic Mug,1,12.00
ORD-008505,2025-11-28,P005,Wool Beanie,1,22.00
ORD-008505,2025-11-28,P009,Leather Wallet,3,45.00
ORD-008505,2025-11-28,P014,Scented Candle,1,17.60
ORD-008506,2025-11-28,P002,Travel Tumbler,3,24.00
ORD-008506,2025-11-28,P003,Linen Tote Bag,4,18.00
ORD-008506,2025-11-28,P030,Wall Calendar,1,13.00
ORD-008507,2025-11-28,P001,Ceramic Mug,1,12.00
ORD-008508,2025-11-28,P004,Canvas Backpack,1,59.00
ORD-008509,2025-11-28,P011,Bamboo Cutting Board,1,28.80
ORD-008510,2025-11-29,P024,Yoga Mat,4,32.40
ORD-008511,2025-11-29,P017,Notebook A5,1,9.00
ORD-008512,2025-11-29,P002,Travel Tumbler,1,24.00
ORD-008513,2025-11-29,P001,Ceramic Mug,1,10.80
ORD-008514,2025-11-29,P001,Ceramic Mug,1,12.00
ORD-008514,2025-11-29,P013,Cast Iron Pan,1,56.00
ORD-008514,2025-11-29,P017,Notebook A5,3,9.90
ORD-008515,2025-11-29,P019,Wireless Mouse,1,29.00
ORD-008516,2025-11-29,P002,Travel Tumbler,1,21.60
ORD-008516,2025-11-29,P022,Phone Case,2,15.00
ORD-008517,2025-11-29,P001,Ceramic Mug,2,12.00
ORD-008518,2025-11-29,P002,Travel Tumbler,1,24.00
ORD-008519,2025-11-29,P025,Resistance Bands,1,15.40
ORD-008520,2025-11-29,P003,Linen Tote Bag,1,18.00
ORD-008521,2025-11-29,P001,Ceramic Mug,3,12.00
ORD-008521,2025-11-29,P026,Herbal Tea Sampler,1,20.90
ORD-008522,2025-11-29,P007,Denim Jacket,2,80.10
ORD-008523,2025-11-29,P015,Soy Wax Candle Set,3,34.00
ORD-008524,2025-11-29,P001,Ceramic Mug,1,12.00
ORD-008524,2025-11-29,P011,Bamboo Cutting Board,1,32.00
ORD-008525,2025-11-29,P001,Ceramic Mug,1,12.00
ORD-008526,2025-11-29,P005,Wool Beanie,1,24.20
ORD-008527,2025-11-29,P003,Linen Tote Bag,2,18.00
ORD-008528,2025-11-29,P003,Linen Tote Bag,2,18.00
ORD-008529,2025-11-29,P001,Ceramic Mug,2,12.00
ORD-008529,2025-11-29,P029,Hot Sauce Trio,1,23.00
ORD-008530,2025-11-29,P005,Wool Beanie,3,22.00
ORD-008531,2025-11-29,P002,Travel Tumbler,5,26.40
ORD-008532,2025-11-29,P014,Scented Candle,1,17.60
ORD-008533,2025-11-29,P001,Ceramic Mug,1,13.20
ORD-008533,2025-11-29,P002,Travel Tumbler,3,26.40
ORD-008533,2025-11-29,P003,Linen Tote Bag,1,18.00
ORD-008533,2025-11-29,P016,Desk Lamp,1,49.00
ORD-008534,2025-11-29,P003,Linen Tote Bag,4,16.20
ORD-008534,2025-11-29,P010,Steel Water Bottle,2,18.00
ORD-008535,2025-11-29,P001,Ceramic Mug,1,12.00
ORD-008536,2025-11-29,P003,Linen Tote Bag,1,18.00
ORD-008536,2025-11-29,P020,Laptop Stand,1,37.80
ORD-008537,2025-11-29,P003,Linen Tote Bag,1,18.00
ORD-008538,2025-11-29,P001,Ceramic Mug,1,12.00
ORD-008538,2025-11-29,P007,Denim Jacket,2,89.00
ORD-008539,2025-11-29,P001,Ceramic Mug,1,12.00
ORD-008540,2025-11-29,P002,Travel Tumbler,1,24.00
ORD-008540,2025-11-29,P011,Bamboo Cutting Board,4,28.80
ORD-008540,2025-11-29,P018,Fountain Pen,3,38.00
ORD-008541,2025-11-29,P002,Travel Tumbler,1,24.00
ORD-008541,2025-11-29,P005,Wool Beanie,2,22.00
ORD-008542,2025-11-29,P002,Travel Tumbler,2,24.00
ORD-008542,2025-11-29,P005,Wool Beanie,4,19.80
ORD-008543,2025-11-29,P008,Running Socks,1,11.00
ORD-008543,2025-11-29,P020,Laptop Stand,1,42.00
ORD-008544,2025-11-29,P001,Ceramic Mug,1,12.00
ORD-008544,2025-11-29,P002,Travel Tumbler,1,24.00
ORD-008545,2025-11-29,P001,Ceramic Mug,3,10.80
ORD-008546,2025-11-29,P001,Ceramic Mug,4,13.20
ORD-008547,2025-11-29,P033,Wool Blanket,1,79.00
ORD-008548,2025-11-29,P001,Ceramic Mug,2,12.00
ORD-008548,2025-11-29,P002,Travel Tumbler,1,24.00
ORD-008548,2025-11-29,P003,Linen Tote Bag,2,18.00
ORD-008548,2025-11-29,P011,Bamboo Cutting Board,1,32.00
ORD-008549,2025-11-29,P001,Ceramic Mug,1,13.20
ORD-008549,2025-11-29,P026,Herbal Tea Sampler,1,19.00
ORD-008550,2025-11-29,P017,Notebook A5,3,8.10
ORD-008550,2025-11-29,P020,Laptop Stand,1,42.00
ORD-008551,2025-11-29,P013,Cast Iron Pan,2,56.00
ORD-008552,2025-11-29,P005,Wool Beanie,1,22.00
ORD-008552,2025-11-29,P020,Laptop Stand,2,42.00
ORD-008553,2025-11-29,P002,Travel Tumbler,2,24.00
ORD-008554,2025-11-29,P004,Canvas Backpack,1,59.00
ORD-008555,2025-11-29,P001,Ceramic Mug,1,12.00
ORD-008555,2025-11-29,P010,Steel Water Bottle,1,20.00
ORD-008556,2025-11-29,P002,Travel Tumbler,1,24.00
ORD-008557,2025-11-29,P030,Wall Calendar,1,14.30
ORD-008558,2025-11-29,P001,Ceramic Mug,1,12.00
ORD-008558,2025-11-29,P009,Leather Wallet,1,40.50
ORD-008559,2025-11-29,P001,Ceramic Mug,1,12.00
ORD-008559,2025-11-29,P008,Running Socks,1,12.10
ORD-008560,2025-11-29,P007,Denim Jacket,1,89.00
ORD-008561,2025-11-29,P001,Ceramic Mug,1,12.00
ORD-008561,2025-11-29,P002,Travel Tumbler,1,21.60
ORD-008561,2025-11-29,P009,Leather Wallet,2,45.00
ORD-008561,2025-11-29,P020,Laptop Stand,2,46.20
ORD-008562,2025-11-29,P003,Linen Tote Bag,1,18.00
ORD-008562,2025-11-29,P015,Soy Wax Candle Set,1,30.60
ORD-008563,2025-11-29,P001,Ceramic Mug,4,12.00
ORD-008563,2025-11-29,P002,Travel Tumbler,4,24.00
ORD-008563,2025-11-29,P029,Hot Sauce Trio,5,23.00
ORD-008564,2025-11-29,P008,Running Socks,1,11.00
ORD-008565,2025-11-29,P001,Ceramic Mug,1,10.80
ORD-008566,2025-11-29,P003,Linen Tote Bag,1,18.00
ORD-008567,2025-11-30,P001,Ceramic Mug,3,12.00
ORD-008567,2025-11-30,P003,Linen Tote Bag,2,19.80
ORD-008567,2025-11-30,P004,Canvas Backpack,1,59.00
ORD-008567,2025-11-30,P031,Framed Print,1,64.00
ORD-008568,2025-11-30,P009,Leather Wallet,1,40.50
ORD-008569,2025-11-30,P002,Travel Tumbler,1,24.00
ORD-008570,2025-11-30,P016,Desk Lamp,1,49.00
ORD-008571,2025-11-30,P007,Denim Jacket,1,89.00
ORD-008572,2025-11-30,P009,Leather Wallet,2,45.00
ORD-008573,2025-11-30,P005,Wool Beanie,3,22.00
ORD-008573,2025-11-30,P029,Hot Sauce Trio,2,20.70
ORD-008574,2025-11-30,P001,Ceramic Mug,2,12.00
ORD-008575,2025-11-30,P007,Denim Jacket,2,89.00
ORD-008575,2025-11-30,P018,Fountain Pen,1,38.00
ORD-008576,2025-11-30,P010,Steel Water Bottle,3,20.00
ORD-008577,2025-11-30,P014,Scented Candle,2,16.00
ORD-008578,2025-11-30,P001,Ceramic Mug,2,12.00
ORD-008578,2025-11-30,P006,Cotton T-Shirt,1,22.50
ORD-008579,2025-11-30,P020,Laptop Stand,3,42.00
ORD-008580,2025-11-30,P003,Linen Tote Bag,1,18.00
ORD-008580,2025-11-30,P010,Steel Water Bottle,5,20.00
ORD-008580,2025-11-30,P019,Wireless Mouse,1,31.90
ORD-008581,2025-11-30,P011,Bamboo Cutting Board,2,32.00
ORD-008581,2025-11-30,P015,Soy Wax Candle Set,1,37.40
ORD-008582,2025-11-30,P001,Ceramic Mug,1,10.80
ORD-008582,2025-11-30,P004,Canvas Backpack,1,53.10
ORD-008583,2025-11-30,P004,Canvas Backpack,1,53.10
ORD-008584,2025-11-30,P003,Linen Tote Bag,1,18.00
ORD-008585,2025-11-30,P001,Ceramic Mug,1,12.00
ORD-008586,2025-11-30,P005,Wool Beanie,1,22.00
ORD-008587,2025-11-30,P002,Travel Tumbler,5,24.00
ORD-008587,2025-11-30,P005,Wool Beanie,1,19.80
ORD-008587,2025-11-30,P025,Resistance Bands,2,14.00
ORD-008588,2025-11-30,P002,Travel Tumbler,1,24.00
ORD-008589,2025-11-30,P021,USB-C Cable,4,9.00
ORD-008590,2025-11-30,P001,Ceramic Mug,1,12.00
ORD-008590,2025-11-30,P005,Wool Beanie,1,22.00
ORD-008591,2025-11-30,P001,Ceramic Mug,1,12.00
ORD-008592,2025-11-30,P001,Ceramic Mug,1,12.00
ORD-008593,2025-11-30,P002,Travel Tumbler,1,24.00
ORD-008594,2025-11-30,P001,Ceramic Mug,1,12.00
ORD-008595,2025-11-30,P001,Ceramic Mug,3,10.80
ORD-008596,2025-11-30,P003,Linen Tote Bag,1,18.00
ORD-008596,2025-11-30,P017,Notebook A5,1,9.00
ORD-008597,2025-11-30,P001,Ceramic Mug,1,13.20
ORD-008598,2025-11-30,P001,Ceramic Mug,5,12.00
ORD-008599,2025-11-30,P001,Ceramic Mug,2,12.00
ORD-008600,2025-11-30,P001,Ceramic Mug,1,12.00
ORD-008600,2025-11-30,P012,Chef Knife,1,74.00
ORD-008600,2025-11-30,P013,Cast Iron Pan,1,61.60
ORD-008600,2025-11-30,P032,Throw Pillow,1,27.00
ORD-008601,2025-11-30,P005,Wool Beanie,1,22.00
ORD-008602,2025-11-30,P005,Wool Beanie,2,22.00
ORD-008603,2025-11-30,P005,Wool Beanie,1,22.00
ORD-008603,2025-11-30,P020,Laptop Stand,2,46.20
ORD-008604,2025-11-30,P021,USB-C Cable,2,10.00
ORD-008605,2025-11-30,P001,Ceramic Mug,2,12.00
ORD-008606,2025-11-30,P021,USB-C Cable,1,10.00
ORD-008607,2025-11-30,P001,Ceramic Mug,4,10.80
ORD-008608,2025-11-30,P014,Scented Candle,1,16.00
ORD-008609,2025-11-30,P004,Canvas Backpack,1,59.00
ORD-008610,2025-12-01,P002,Travel Tumbler,2,24.00
ORD-008611,2025-12-01,P001,Ceramic Mug,4,12.00
ORD-008612,2025-12-01,P003,Linen Tote Bag,2,18.00
ORD-008613,2025-12-01,P006,Cotton T-Shirt,1,25.00
ORD-008613,2025-12-01,P019,Wireless Mouse,2,29.00
ORD-008614,2025-12-01,P008,Running Socks,1,11.00
ORD-008615,2025-12-01,P030,Wall Calendar,1,13.00
ORD-008616,2025-12-01,P001,Ceramic Mug,3,12.00
ORD-008617,2025-12-01,P002,Travel Tumbler,2,24.00
ORD-008618,2025-12-01,P002,Travel Tumbler,1,24.00
ORD-008619,2025-12-01,P002,Travel Tumbler,2,26.40
ORD-008620,2025-12-01,P001,Ceramic Mug,1,12.00
ORD-008620,2025-12-01,P003,Linen Tote Bag,1,19.80
ORD-008621,2025-12-01,P001,Ceramic Mug,1,12.00
ORD-008622,2025-12-01,P008,Running Socks,1,11.00
ORD-008622,2025-12-01,P019,Wireless Mouse,1,26.10
ORD-008623,2025-12-01,P001,Ceramic Mug,1,12.00
ORD-008624,2025-12-01,P008,Running Socks,1,11.00
ORD-008625,2025-12-01,P003,Linen Tote Bag,1,18.00
ORD-008626,2025-12-01,P010,Steel Water Bottle,1,20.00
ORD-008626,2025-12-01,P030,Wall Calendar,2,13.00
ORD-008627,2025-12-01,P034,Sunglasses,1,46.00
ORD-008628,2025-12-01,P009,Leather Wallet,1,45.00
ORD-008629,2025-12-01,P007,Denim Jacket,1,89.00
ORD-008630,2025-12-01,P011,Bamboo Cutting Board,1,28.80
ORD-008630,2025-12-01,P019,Wireless Mouse,1,29.00
ORD-008631,2025-12-01,P004,Canvas Backpack,1,59.00
ORD-008631,2025-12-01,P005,Wool Beanie,1,24.20
ORD-008632,2025-12-01,P001,Ceramic Mug,1,10.80
ORD-008633,2025-12-01,P003,Linen Tote Bag,4,16.20
ORD-008634,2025-12-01,P001,Ceramic Mug,1,12.00
ORD-008634,2025-12-01,P004,Canvas Backpack,1,59.00
ORD-008634,2025-12-01,P019,Wireless Mouse,2,29.00
ORD-008634,2025-12-01,P022,Phone Case,1,16.50
ORD-008635,2025-12-01,P017,Notebook A5,2,9.00
ORD-008636,2025-12-01,P009,Leather Wallet,2,40.50
ORD-008637,2025-12-01,P002,Travel Tumbler,3,24.00
ORD-008638,2025-12-01,P030,Wall Calendar,2,14.30
ORD-008639,2025-12-01,P001,Ceramic Mug,1,13.20
ORD-008639,2025-12-01,P027,Coffee Beans 1kg,1,28.00
ORD-008640,2025-12-01,P012,Chef Knife,1,74.00
ORD-008640,2025-12-01,P015,Soy Wax Candle Set,1,34.00
ORD-008640,2025-12-01,P023,Bluetooth Speaker,1,69.00
ORD-008641,2025-12-01,P001,Ceramic Mug,1,12.00
ORD-008641,2025-12-01,P007,Denim Jacket,1,80.10
ORD-008642,2025-12-01,P003,Linen Tote Bag,1,18.00
ORD-008643,2025-12-01,P016,Desk Lamp,2,49.00
ORD-008644,2025-12-01,P001,Ceramic Mug,2,12.00
ORD-008645,2025-12-01,P001,Ceramic Mug,1,10.80
ORD-008645,2025-12-01,P002,Travel Tumbler,4,24.00
ORD-008645,2025-12-01,P007,Denim Jacket,2,89.00
ORD-008646,2025-12-01,P001,Ceramic Mug,3,12.00
ORD-008646,2025-12-01,P011,Bamboo Cutting Board,1,32.00
ORD-008647,2025-12-01,P002,Travel Tumbler,2,21.60
ORD-008647,2025-12-01,P009,Leather Wallet,1,45.00
ORD-008648,2025-12-01,P001,Ceramic Mug,1,12.00
ORD-008649,2025-12-01,P002,Travel Tumbler,1,26.40
ORD-008649,2025-12-01,P023,Bluetooth Speaker,1,75.90
ORD-008650,2025-12-01,P001,Ceramic Mug,1,12.00
ORD-008651,2025-12-01,P023,Bluetooth Speaker,1,69.00
ORD-008651,2025-12-01,P024,Yoga Mat,2,36.00
ORD-008652,2025-12-01,P001,Ceramic Mug,2,12.00
ORD-008652,2025-12-01,P005,Wool Beanie,4,22.00
ORD-008652,2025-12-01,P031,Framed Print,1,64.00
ORD-008653,2025-12-01,P001,Ceramic Mug,1,12.00
ORD-008653,2025-12-01,P004,Canvas Backpack,3,53.10
ORD-008653,2025-12-01,P010,Steel Water Bottle,2,20.00
ORD-008653,2025-12-01,P021,USB-C Cable,1,10.00
ORD-008654,2025-12-02,P001,Ceramic Mug,1,12.00
ORD-008655,2025-12-02,P002,Travel Tumbler,4,24.00
ORD-008656,2025-12-02,P002,Travel Tumbler,1,24.00
ORD-008657,2025-12-02,P018,Fountain Pen,4,38.00
ORD-008658,2025-12-02,P020,Laptop Stand,1,46.20
ORD-008659,2025-12-02,P001,Ceramic Mug,3,12.00
ORD-008659,2025-12-02,P014,Scented Candle,4,16.00
ORD-008660,2025-12-02,P001,Ceramic Mug,2,12.00
ORD-008660,2025-12-02,P002,Travel Tumbler,4,21.60
ORD-008660,2025-12-02,P022,Phone Case,1,15.00
ORD-008660,2025-12-02,P034,Sunglasses,1,46.00
ORD-008661,2025-12-02,P001,Ceramic Mug,3,10.80
ORD-008662,2025-12-02,P001,Ceramic Mug,4,12.00
ORD-008663,2025-12-02,P010,Steel Water Bottle,3,20.00
ORD-008664,2025-12-02,P001,Ceramic Mug,4,10.80
ORD-008665,2025-12-02,P013,Cast Iron Pan,5,56.00
ORD-008666,2025-12-02,P015,Soy Wax Candle Set,1,34.00
ORD-008667,2025-12-02,P001,Ceramic Mug,1,13.20
ORD-008667,2025-12-02,P003,Linen Tote Bag,1,18.00
ORD-008667,2025-12-02,P005,Wool Beanie,3,22.00
ORD-008668,2025-12-02,P001,Ceramic Mug,2,12.00
ORD-008669,2025-12-02,P016,Desk Lamp,1,49.00
ORD-008670,2025-12-02,P001,Ceramic Mug,4,12.00
ORD-008670,2025-12-02,P002,Travel Tumbler,2,26.40
ORD-008671,2025-12-02,P003,Linen Tote Bag,1,18.00
ORD-008672,2025-12-02,P002,Travel Tumbler,1,24.00
ORD-008673,2025-12-02,P003,Linen Tote Bag,1,18.00
ORD-008673,2025-12-02,P007,Denim Jacket,1,89.00
ORD-008673,2025-12-02,P028,Olive Oil 500ml,1,23.10
ORD-008674,2025-12-02,P019,Wireless Mouse,5,29.00
ORD-008675,2025-12-02,P004,Canvas Backpack,1,59.00
ORD-008676,2025-12-02,P001,Ceramic Mug,5,12.00
ORD-008677,2025-12-02,P002,Travel Tumbler,3,24.00
ORD-008677,2025-12-02,P034,Sunglasses,1,46.00
ORD-008678,2025-12-02,P028,Olive Oil 500ml,2,23.10
ORD-008679,2025-12-02,P001,Ceramic Mug,2,12.00
ORD-008680,2025-12-02,P012,Chef Knife,4,74.00
ORD-008681,2025-12-02,P001,Ceramic Mug,1,12.00
ORD-008681,2025-12-02,P030,Wall Calendar,3,13.00
ORD-008682,2025-12-02,P001,Ceramic Mug,1,10.80
ORD-008683,2025-12-02,P018,Fountain Pen,3,41.80
ORD-008684,2025-12-02,P001,Ceramic Mug,1,12.00
ORD-008685,2025-12-02,P001,Ceramic Mug,1,10.80
ORD-008686,2025-12-02,P013,Cast Iron Pan,2,61.60
ORD-008687,2025-12-02,P009,Leather Wallet,1,45.00
ORD-008688,2025-12-02,P001,Ceramic Mug,1,12.00
ORD-008689,2025-12-02,P008,Running Socks,3,11.00
ORD-008689,2025-12-02,P019,Wireless Mouse,3,29.00
ORD-008690,2025-12-02,P007,Denim Jacket,5,89.00
ORD-008691,2025-12-02,P002,Travel Tumbler,1,24.00
ORD-008692,2025-12-02,P025,Resistance Bands,1,14.00
ORD-008693,2025-12-02,P019,Wireless Mouse,1,29.00
ORD-008694,2025-12-02,P001,Ceramic Mug,2,12.00
ORD-008695,2025-12-02,P001,Ceramic Mug,1,13.20
ORD-008696,2025-12-03,P001,Ceramic Mug,1,10.80
ORD-008696,2025-12-03,P004,Canvas Backpack,1,53.10
ORD-008697,2025-12-03,P002,Travel Tumbler,1,24.00
ORD-008698,2025-12-03,P002,Travel Tumbler,1,24.00
ORD-008698,2025-12-03,P006,Cotton T-Shirt,3,25.00
ORD-008699,2025-12-03,P012,Chef Knife,2,74.00
ORD-008700,2025-12-03,P016,Desk Lamp,1,49.00
ORD-008701,2025-12-03,P001,Ceramic Mug,1,12.00
ORD-008701,2025-12-03,P018,Fountain Pen,1,38.00
ORD-008702,2025-12-03,P006,Cotton T-Shirt,1,25.00
ORD-008703,2025-12-03,P001,Ceramic Mug,2,12.00
ORD-008703,2025-12-03,P002,Travel Tumbler,1,24.00
ORD-008703,2025-12-03,P019,Wireless Mouse,1,29.00
ORD-008704,2025-12-03,P018,Fountain Pen,4,38.00
ORD-008705,2025-12-03,P003,Linen Tote Bag,3,18.00
ORD-008705,2025-12-03,P013,Cast Iron Pan,1,56.00
ORD-008706,2025-12-03,P002,Travel Tumbler,1,24.00
ORD-008707,2025-12-03,P001,Ceramic Mug,1,12.00
ORD-008707,2025-12-03,P003,Linen Tote Bag,2,18.00
ORD-008708,2025-12-03,P016,Desk Lamp,2,49.00
ORD-008709,2025-12-03,P001,Ceramic Mug,1,12.00
ORD-008710,2025-12-03,P004,Canvas Backpack,1,59.00
ORD-008711,2025-12-03,P002,Travel Tumbler,1,24.00
ORD-008712,2025-12-03,P002,Travel Tumbler,1,21.60
ORD-008713,2025-12-03,P005,Wool Beanie,5,22.00
ORD-008713,2025-12-03,P012,Chef Knife,1,74.00
ORD-008714,2025-12-03,P001,Ceramic Mug,1,10.80
ORD-008714,2025-12-03,P034,Sunglasses,1,46.00
ORD-008715,2025-12-03,P002,Travel Tumbler,1,21.60
ORD-008716,2025-12-03,P001,Ceramic Mug,1,10.80
ORD-008717,2025-12-03,P001,Ceramic Mug,4,12.00
ORD-008717,2025-12-03,P003,Linen Tote Bag,4,16.20
ORD-008717,2025-12-03,P016,Desk Lamp,2,44.10
ORD-008718,2025-12-03,P005,Wool Beanie,1,22.00
ORD-008719,2025-12-03,P005,Wool Beanie,3,22.00
ORD-008719,2025-12-03,P013,Cast Iron Pan,1,56.00
ORD-008720,2025-12-03,P001,Ceramic Mug,1,12.00
ORD-008720,2025-12-03,P003,Linen Tote Bag,1,16.20
ORD-008720,2025-12-03,P009,Leather Wallet,1,45.00
ORD-008721,2025-12-03,P002,Travel Tumbler,4,24.00
ORD-008721,2025-12-03,P017,Notebook A5,1,9.00
ORD-008722,2025-12-03,P002,Travel Tumbler,3,24.00
ORD-008723,2025-12-03,P003,Linen Tote Bag,4,18.00
ORD-008724,2025-12-03,P004,Canvas Backpack,2,53.10
ORD-008725,2025-12-03,P002,Travel Tumbler,1,24.00
ORD-008725,2025-12-03,P019,Wireless Mouse,2,26.10
ORD-008726,2025-12-03,P001,Ceramic Mug,3,10.80
ORD-008727,2025-12-04,P001,Ceramic Mug,2,12.00
ORD-008728,2025-12-04,P017,Notebook A5,3,9.00
ORD-008729,2025-12-04,P001,Ceramic Mug,2,12.00
ORD-008729,2025-12-04,P002,Travel Tumbler,2,24.00
ORD-008730,2025-12-04,P001,Ceramic Mug,1,13.20
ORD-008731,2025-12-04,P002,Travel Tumbler,1,24.00
ORD-008732,2025-12-04,P001,Ceramic Mug,1,12.00
ORD-008732,2025-12-04,P019,Wireless Mouse,1,29.00
ORD-008733,2025-12-04,P001,Ceramic Mug,1,12.00
ORD-008733,2025-12-04,P032,Throw Pillow,2,27.00
ORD-008734,2025-12-04,P001,Ceramic Mug,5,12.00
ORD-008734,2025-12-04,P003,Linen Tote Bag,1,18.00
ORD-008735,2025-12-04,P001,Ceramic Mug,1,10.80
ORD-008736,2025-12-04,P005,Wool Beanie,4,24.20
ORD-008737,2025-12-04,P001,Ceramic Mug,1,13.20
ORD-008738,2025-12-04,P018,Fountain Pen,1,38.00
ORD-008739,2025-12-04,P027,Coffee Beans 1kg,4,28.00
ORD-008740,2025-12-04,P002,Travel Tumbler,2,24.00
ORD-008740,2025-12-04,P003,Linen Tote Bag,4,18.00
ORD-008741,2025-12-04,P002,Travel Tumbler,1,24.00
ORD-008742,2025-12-04,P012,Chef Knife,2,74.00
ORD-008743,2025-12-04,P001,Ceramic Mug,1,12.00
ORD-008744,2025-12-04,P003,Linen Tote Bag,3,18.00
ORD-008745,2025-12-04,P002,Travel Tumbler,5,26.40
ORD-008746,2025-12-04,P001,Ceramic Mug,1,12.00
ORD-008747,2025-12-04,P001,Ceramic Mug,1,12.00
ORD-008748,2025-12-04,P016,Desk Lamp,1,53.90
ORD-008749,2025-12-04,P002,Travel Tumbler,2,24.00
ORD-008750,2025-12-04,P001,Ceramic Mug,2,12.00
ORD-008751,2025-12-04,P002,Travel Tumbler,3,24.00
ORD-008752,2025-12-04,P001,Ceramic Mug,4,13.20
ORD-008753,2025-12-04,P006,Cotton T-Shirt,4,25.00
ORD-008754,2025-12-04,P001,Ceramic Mug,1,12.00
ORD-008755,2025-12-04,P001,Ceramic Mug,1,10.80
ORD-008755,2025-12-04,P002,Travel Tumbler,1,24.00
ORD-008755,2025-12-04,P004,Canvas Backpack,1,64.90
ORD-008756,2025-12-04,P001,Ceramic Mug,3,13.20
ORD-008757,2025-12-04,P003,Linen Tote Bag,1,18.00
ORD-008758,2025-12-04,P001,Ceramic Mug,3,12.00
ORD-008758,2025-12-04,P005,Wool Beanie,1,24.20
ORD-008759,2025-12-04,P003,Linen Tote Bag,1,19.80
ORD-008760,2025-12-04,P016,Desk Lamp,1,49.00
ORD-008761,2025-12-04,P002,Travel Tumbler,1,24.00
ORD-008761,2025-12-04,P004,Canvas Backpack,2,59.00
ORD-008762,2025-12-04,P032,Throw Pillow,1,29.70
ORD-008763,2025-12-04,P004,Canvas Backpack,1,59.00
ORD-008763,2025-12-04,P021,USB-C Cable,1,9.00
ORD-008763,2025-12-04,P026,Herbal Tea Sampler,1,19.00
ORD-008764,2025-12-04,P001,Ceramic Mug,1,10.80
ORD-008765,2025-12-04,P001,Ceramic Mug,3,12.00
ORD-008766,2025-12-04,P001,Ceramic Mug,2,12.00
ORD-008767,2025-12-05,P002,Travel Tumbler,1,24.00
ORD-008767,2025-12-05,P014,Scented Candle,1,16.00
ORD-008767,2025-12-05,P019,Wireless Mouse,2,29.00
ORD-008768,2025-12-05,P001,Ceramic Mug,1,12.00
ORD-008768,2025-12-05,P002,Travel Tumbler,2,24.00
ORD-008769,2025-12-05,P002,Travel Tumbler,1,24.00
ORD-008769,2025-12-05,P030,Wall Calendar,1,13.00
ORD-008770,2025-12-05,P006,Cotton T-Shirt,3,25.00
ORD-008771,2025-12-05,P010,Steel Water Bottle,2,20.00
ORD-008772,2025-12-05,P011,Bamboo Cutting Board,2,28.80
ORD-008772,2025-12-05,P012,Chef Knife,2,74.00
ORD-008772,2025-12-05,P020,Laptop Stand,1,42.00
ORD-008773,2025-12-05,P002,Travel Tumbler,1,26.40
ORD-008774,2025-12-05,P003,Linen Tote Bag,2,19.80
ORD-008775,2025-12-05,P002,Travel Tumbler,1,24.00
ORD-008776,2025-12-05,P004,Canvas Backpack,3,53.10
ORD-008777,2025-12-05,P004,Canvas Backpack,2,59.00
ORD-008778,2025-12-05,P029,Hot Sauce Trio,1,23.00
ORD-008779,2025-12-05,P007,Denim Jacket,2,89.00
ORD-008780,2025-12-05,P015,Soy Wax Candle Set,1,34.00
ORD-008780,2025-12-05,P025,Resistance Bands,1,15.40
ORD-008780,2025-12-05,P035,Umbrella,1,26.00
ORD-008781,2025-12-05,P006,Cotton T-Shirt,1,25.00
ORD-008782,2025-12-05,P001,Ceramic Mug,1,13.20
ORD-008783,2025-12-05,P001,Ceramic Mug,3,12.00
ORD-008784,2025-12-05,P015,Soy Wax Candle Set,1,34.00
ORD-008784,2025-12-05,P016,Desk Lamp,3,44.10
ORD-008785,2025-12-05,P001,Ceramic Mug,1,12.00
ORD-008786,2025-12-05,P001,Ceramic Mug,2,10.80
ORD-008787,2025-12-05,P003,Linen Tote Bag,1,18.00
ORD-008787,2025-12-05,P013,Cast Iron Pan,2,56.00
ORD-008788,2025-12-05,P003,Linen Tote Bag,1,19.80
ORD-008789,2025-12-05,P002,Travel Tumbler,1,24.00
ORD-008790,2025-12-05,P001,Ceramic Mug,1,12.00
ORD-008790,2025-12-05,P004,Canvas Backpack,1,64.90
ORD-008791,2025-12-05,P002,Travel Tumbler,1,24.00
ORD-008792,2025-12-05,P002,Travel Tumbler,2,21.60
ORD-008792,2025-12-05,P006,Cotton T-Shirt,1,27.50
ORD-008792,2025-12-05,P024,Yoga Mat,1,39.60
ORD-008793,2025-12-05,P019,Wireless Mouse,4,29.00
ORD-008794,2025-12-05,P029,Hot Sauce Trio,2,23.00
ORD-008795,2025-12-05,P001,Ceramic Mug,3,12.00
ORD-008796,2025-12-05,P004,Canvas Backpack,2,64.90
ORD-008797,2025-12-05,P001,Ceramic Mug,2,12.00
ORD-008798,2025-12-05,P003,Linen Tote Bag,1,18.00
ORD-008798,2025-12-05,P005,Wool Beanie,1,19.80
ORD-008799,2025-12-05,P001,Ceramic Mug,1,12.00
ORD-008800,2025-12-05,P023,Bluetooth Speaker,1,69.00
ORD-008801,2025-12-05,P002,Travel Tumbler,1,24.00
ORD-008802,2025-12-05,P001,Ceramic Mug,2,12.00
ORD-008803,2025-12-05,P030,Wall Calendar,1,13.00
ORD-008804,2025-12-05,P030,Wall Calendar,1,13.00
ORD-008805,2025-12-05,P001,Ceramic Mug,2,13.20
ORD-008805,2025-12-05,P033,Wool Blanket,2,86.90
ORD-008806,2025-12-05,P013,Cast Iron Pan,1,61.60
ORD-008807,2025-12-05,P001,Ceramic Mug,1,10.80
ORD-008807,2025-12-05,P012,Chef Knife,1,74.00
ORD-008808,2025-12-05,P009,Leather Wallet,1,45.00
ORD-008808,2025-12-05,P011,Bamboo Cutting Board,1,32.00
ORD-008809,2025-12-05,P004,Canvas Backpack,1,59.00
ORD-008810,2025-12-06,P002,Travel Tumbler,1,24.00
ORD-008811,2025-12-06,P012,Chef Knife,1,74.00
ORD-008812,2025-12-06,P001,Ceramic Mug,2,12.00
ORD-008813,2025-12-06,P001,Ceramic Mug,4,10.80
ORD-008814,2025-12-06,P027,Coffee Beans 1kg,1,28.00
ORD-008814,2025-12-06,P029,Hot Sauce Trio,1,23.00
ORD-008815,2025-12-06,P002,Travel Tumbler,1,24.00
ORD-008816,2025-12-06,P004,Canvas Backpack,1,53.10
ORD-008817,2025-12-06,P017,Notebook A5,1,9.00
ORD-008818,2025-12-06,P002,Travel Tumbler,2,24.00
ORD-008819,2025-12-06,P014,Scented Candle,1,16.00
ORD-008820,2025-12-06,P002,Travel Tumbler,1,24.00
ORD-008820,2025-12-06,P015,Soy Wax Candle Set,1,37.40
ORD-008821,2025-12-06,P003,Linen Tote Bag,1,18.00
ORD-008822,2025-12-06,P001,Ceramic Mug,3,13.20
ORD-008823,2025-12-06,P001,Ceramic Mug,4,12.00
ORD-008824,2025-12-06,P001,Ceramic Mug,1,13.20
ORD-008825,2025-12-06,P002,Travel Tumbler,1,24.00
ORD-008826,2025-12-06,P016,Desk Lamp,2,49.00
ORD-008826,2025-12-06,P027,Coffee Beans 1kg,1,30.80
ORD-008827,2025-12-06,P001,Ceramic Mug,3,12.00
ORD-008827,2025-12-06,P002,Travel Tumbler,1,24.00
ORD-008827,2025-12-06,P003,Linen Tote Bag,1,18.00
ORD-008828,2025-12-06,P001,Ceramic Mug,1,12.00
ORD-008829,2025-12-06,P001,Ceramic Mug,1,12.00
ORD-008830,2025-12-06,P001,Ceramic Mug,3,12.00
ORD-008830,2025-12-06,P014,Scented Candle,1,16.00
ORD-008831,2025-12-06,P002,Travel Tumbler,2,24.00
ORD-008832,2025-12-06,P004,Canvas Backpack,1,64.90
ORD-008832,2025-12-06,P015,Soy Wax Candle Set,1,30.60
ORD-008832,2025-12-06,P018,Fountain Pen,1,38.00
ORD-008833,2025-12-06,P004,Canvas Backpack,2,64.90
ORD-008833,2025-12-06,P029,Hot Sauce Trio,3,20.70
ORD-008834,2025-12-06,P005,Wool Beanie,1,22.00
ORD-008835,2025-12-06,P002,Travel Tumbler,2,26.40
ORD-008836,2025-12-06,P004,Canvas Backpack,2,59.00
ORD-008837,2025-12-06,P002,Travel Tumbler,3,24.00
ORD-008838,2025-12-06,P001,Ceramic Mug,4,13.20
ORD-008839,2025-12-06,P011,Bamboo Cutting Board,1,32.00
ORD-008840,2025-12-06,P002,Travel Tumbler,2,26.40
ORD-008841,2025-12-06,P001,Ceramic Mug,2,12.00
ORD-008841,2025-12-06,P004,Canvas Backpack,2,64.90
ORD-008842,2025-12-06,P006,Cotton T-Shirt,2,25.00
ORD-008843,2025-12-06,P001,Ceramic Mug,4,10.80
ORD-008844,2025-12-06,P003,Linen Tote Bag,1,18.00
ORD-008844,2025-12-06,P004,Canvas Backpack,1,59.00
ORD-008845,2025-12-06,P002,Travel Tumbler,3,24.00
ORD-008846,2025-12-06,P035,Umbrella,1,23.40
ORD-008847,2025-12-06,P017,Notebook A5,2,9.00
ORD-008848,2025-12-06,P009,Leather Wallet,4,49.50
ORD-008849,2025-12-06,P001,Ceramic Mug,1,10.80
ORD-008850,2025-12-06,P031,Framed Print,1,64.00
ORD-008851,2025-12-06,P002,Travel Tumbler,5,21.60
ORD-008851,2025-12-06,P004,Canvas Backpack,5,59.00
ORD-008851,2025-12-06,P009,Leather Wallet,1,45.00
ORD-008851,2025-12-06,P010,Steel Water Bottle,1,18.00
ORD-008852,2025-12-06,P001,Ceramic Mug,2,12.00
ORD-008853,2025-12-06,P025,Resistance Bands,2,14.00
ORD-008854,2025-12-06,P008,Running Socks,1,11.00
ORD-008855,2025-12-06,P005,Wool Beanie,1,22.00
ORD-008855,2025-12-06,P025,Resistance Bands,1,12.60
ORD-008856,2025-12-06,P012,Chef Knife,2,66.60
ORD-008857,2025-12-06,P015,Soy Wax Candle Set,5,30.60
ORD-008857,2025-12-06,P016,Desk Lamp,2,53.90
ORD-008857,2025-12-06,P021,USB-C Cable,1,10.00
ORD-008857,2025-12-06,P025,Resistance Bands,1,14.00
ORD-008858,2025-12-06,P008,Running Socks,1,11.00
ORD-008859,2025-12-06,P008,Running Socks,3,12.10
ORD-008860,2025-12-06,P001,Ceramic Mug,2,12.00
ORD-008860,2025-12-06,P002,Travel Tumbler,1,21.60
ORD-008860,2025-12-06,P003,Linen Tote Bag,1,18.00
ORD-008861,2025-12-06,P012,Chef Knife,2,66.60
ORD-008862,2025-12-06,P008,Running Socks,1,11.00
ORD-008862,2025-12-06,P010,Steel Water Bottle,1,20.00
ORD-008863,2025-12-06,P032,Throw Pillow,1,27.00
ORD-008864,2025-12-06,P032,Throw Pillow,1,27.00
ORD-008865,2025-12-06,P001,Ceramic Mug,3,10.80
ORD-008865,2025-12-06,P023,Bluetooth Speaker,1,69.00
ORD-008866,2025-12-07,P001,Ceramic Mug,2,13.20
ORD-008867,2025-12-07,P004,Canvas Backpack,1,59.00
ORD-008868,2025-12-07,P003,Linen Tote Bag,1,16.20
ORD-008868,2025-12-07,P005,Wool Beanie,1,24.20
ORD-008869,2025-12-07,P006,Cotton T-Shirt,1,27.50
ORD-008870,2025-12-07,P001,Ceramic Mug,1,12.00
ORD-008870,2025-12-07,P002,Travel Tumbler,1,24.00
ORD-008870,2025-12-07,P009,Leather Wallet,3,45.00
ORD-008870,2025-12-07,P031,Framed Print,1,70.40
ORD-008871,2025-12-07,P007,Denim Jacket,1,80.10
ORD-008872,2025-12-07,P022,Phone Case,4,15.00
ORD-008873,2025-12-07,P001,Ceramic Mug,1,10.80
ORD-008873,2025-12-07,P006,Cotton T-Shirt,1,22.50
ORD-008874,2025-12-07,P009,Leather Wallet,1,45.00
ORD-008875,2025-12-07,P001,Ceramic Mug,1,13.20
ORD-008876,2025-12-07,P001,Ceramic Mug,1,12.00
ORD-008876,2025-12-07,P005,Wool Beanie,1,24.20
ORD-008877,2025-12-07,P002,Travel Tumbler,1,24.00
ORD-008878,2025-12-07,P001,Ceramic Mug,1,12.00
ORD-008879,2025-12-07,P029,Hot Sauce Trio,1,23.00
ORD-008880,2025-12-07,P035,Umbrella,2,28.60
ORD-008881,2025-12-07,P001,Ceramic Mug,2,12.00
ORD-008881,2025-12-07,P030,Wall Calendar,1,13.00
ORD-008882,2025-12-07,P001,Ceramic Mug,2,13.20
ORD-008882,2025-12-07,P013,Cast Iron Pan,1,56.00
ORD-008882,2025-12-07,P034,Sunglasses,1,46.00
ORD-008883,2025-12-07,P001,Ceramic Mug,1,12.00
ORD-008883,2025-12-07,P032,Throw Pillow,1,27.00
ORD-008884,2025-12-07,P003,Linen Tote Bag,1,18.00
ORD-008884,2025-12-07,P018,Fountain Pen,3,38.00
ORD-008885,2025-12-07,P004,Canvas Backpack,3,59.00
ORD-008886,2025-12-07,P007,Denim Jacket,1,89.00
ORD-008887,2025-12-07,P002,Travel Tumbler,2,24.00
ORD-008888,2025-12-07,P004,Canvas Backpack,1,59.00
ORD-008888,2025-12-07,P019,Wireless Mouse,1,29.00
ORD-008889,2025-12-07,P002,Travel Tumbler,1,24.00
ORD-008890,2025-12-07,P001,Ceramic Mug,3,12.00
ORD-008891,2025-12-07,P004,Canvas Backpack,2,59.00
ORD-008892,2025-12-07,P001,Ceramic Mug,4,12.00
ORD-008892,2025-12-07,P010,Steel Water Bottle,2,20.00
ORD-008893,2025-12-07,P001,Ceramic Mug,2,12.00
ORD-008893,2025-12-07,P002,Travel Tumbler,5,24.00
ORD-008893,2025-12-07,P004,Canvas Backpack,1,59.00
ORD-008893,2025-12-07,P016,Desk Lamp,2,49.00
ORD-008894,2025-12-07,P003,Linen Tote Bag,1,18.00
ORD-008895,2025-12-07,P004,Canvas Backpack,3,59.00
ORD-008896,2025-12-07,P010,Steel Water Bottle,1,18.00
ORD-008897,2025-12-07,P001,Ceramic Mug,1,12.00
ORD-008897,2025-12-07,P014,Scented Candle,1,17.60
ORD-008897,2025-12-07,P017,Notebook A5,1,9.00
ORD-008898,2025-12-07,P002,Travel Tumbler,1,26.40
ORD-008899,2025-12-07,P001,Ceramic Mug,1,12.00
ORD-008899,2025-12-07,P003,Linen Tote Bag,1,19.80
ORD-008899,2025-12-07,P005,Wool Beanie,1,22.00
ORD-008900,2025-12-07,P007,Denim Jacket,1,89.00
ORD-008901,2025-12-07,P014,Scented Candle,1,16.00
ORD-008902,2025-12-07,P001,Ceramic Mug,1,12.00
ORD-008903,2025-12-07,P002,Travel Tumbler,3,24.00
ORD-008903,2025-12-07,P020,Laptop Stand,1,42.00
ORD-008904,2025-12-07,P001,Ceramic Mug,1,13.20
ORD-008905,2025-12-07,P001,Ceramic Mug,3,13.20
ORD-008906,2025-12-07,P001,Ceramic Mug,1,13.20
ORD-008907,2025-12-07,P003,Linen Tote Bag,2,18.00
ORD-008908,2025-12-07,P004,Canvas Backpack,2,64.90
ORD-008909,2025-12-07,P001,Ceramic Mug,3,10.80
ORD-008909,2025-12-07,P002,Travel Tumbler,3,21.60
ORD-008909,2025-12-07,P013,Cast Iron Pan,1,61.60
ORD-008909,2025-12-07,P023,Bluetooth Speaker,1,69.00
ORD-008910,2025-12-07,P008,Running Socks,1,11.00
ORD-008911,2025-12-07,P003,Linen Tote Bag,1,16.20
ORD-008912,2025-12-07,P023,Bluetooth Speaker,1,75.90
ORD-008913,2025-12-07,P007,Denim Jacket,3,80.10
ORD-008914,2025-12-07,P001,Ceramic Mug,1,12.00
ORD-008914,2025-12-07,P012,Chef Knife,2,74.00
ORD-008915,2025-12-07,P011,Bamboo Cutting Board,1,32.00
ORD-008916,2025-12-08,P003,Linen Tote Bag,2,18.00
ORD-008916,2025-12-08,P018,Fountain Pen,4,38.00
ORD-008917,2025-12-08,P001,Ceramic Mug,2,12.00
ORD-008917,2025-12-08,P002,Travel Tumbler,1,21.60
ORD-008917,2025-12-08,P016,Desk Lamp,3,44.10
ORD-008918,2025-12-08,P014,Scented Candle,1,16.00
ORD-008919,2025-12-08,P021,USB-C Cable,1,10.00
ORD-008920,2025-12-08,P030,Wall Calendar,2,13.00
ORD-008921,2025-12-08,P015,Soy Wax Candle Set,4,34.00
ORD-008922,2025-12-08,P001,Ceramic Mug,1,12.00
ORD-008923,2025-12-08,P002,Travel Tumbler,1,24.00
ORD-008924,2025-12-08,P001,Ceramic Mug,1,12.00
ORD-008925,2025-12-08,P001,Ceramic Mug,3,12.00
ORD-008926,2025-12-08,P001,Ceramic Mug,1,10.80
ORD-008926,2025-12-08,P033,Wool Blanket,1,79.00
ORD-008927,2025-12-08,P005,Wool Beanie,1,19.80
ORD-008927,2025-12-08,P008,Running Socks,4,11.00
ORD-008928,2025-12-08,P001,Ceramic Mug,4,12.00
ORD-008928,2025-12-08,P002,Travel Tumbler,1,21.60
ORD-008928,2025-12-08,P008,Running Socks,4,11.00
ORD-008929,2025-12-08,P010,Steel Water Bottle,1,20.00
ORD-008930,2025-12-08,P001,Ceramic Mug,1,12.00
ORD-008931,2025-12-08,P005,Wool Beanie,1,22.00
ORD-008932,2025-12-08,P001,Ceramic Mug,5,12.00
ORD-008933,2025-12-08,P001,Ceramic Mug,1,12.00
ORD-008934,2025-12-08,P001,Ceramic Mug,2,12.00
ORD-008934,2025-12-08,P003,Linen Tote Bag,1,18.00
ORD-008935,2025-12-08,P008,Running Socks,1,11.00
ORD-008936,2025-12-08,P002,Travel Tumbler,1,24.00
ORD-008936,2025-12-08,P005,Wool Beanie,1,19.80
ORD-008937,2025-12-08,P003,Linen Tote Bag,2,18.00
ORD-008938,2025-12-08,P013,Cast Iron Pan,3,61.60
ORD-008939,2025-12-08,P017,Notebook A5,1,9.00
ORD-008940,2025-12-08,P001,Ceramic Mug,1,12.00
ORD-008941,2025-12-08,P001,Ceramic Mug,3,12.00
ORD-008942,2025-12-08,P029,Hot Sauce Trio,2,25.30
ORD-008943,2025-12-08,P002,Travel Tumbler,2,24.00
ORD-008944,2025-12-08,P001,Ceramic Mug,1,10.80
ORD-008944,2025-12-08,P019,Wireless Mouse,1,29.00
ORD-008945,2025-12-08,P003,Linen Tote Bag,5,19.80
ORD-008946,2025-12-08,P004,Canvas Backpack,3,59.00
ORD-008947,2025-12-08,P002,Travel Tumbler,2,24.00
ORD-008948,2025-12-08,P003,Linen Tote Bag,5,18.00
ORD-008949,2025-12-08,P017,Notebook A5,1,9.00
ORD-008950,2025-12-08,P004,Canvas Backpack,1,59.00
ORD-008951,2025-12-08,P001,Ceramic Mug,4,12.00
ORD-008951,2025-12-08,P002,Travel Tumbler,1,24.00
ORD-008952,2025-12-08,P002,Travel Tumbler,1,24.00
ORD-008952,2025-12-08,P026,Herbal Tea Sampler,1,19.00
ORD-008953,2025-12-08,P002,Travel Tumbler,1,24.00
ORD-008954,2025-12-08,P015,Soy Wax Candle Set,1,34.00
ORD-008955,2025-12-08,P001,Ceramic Mug,2,12.00
ORD-008955,2025-12-08,P005,Wool Beanie,2,19.80
ORD-008956,2025-12-08,P002,Travel Tumbler,1,24.00
ORD-008956,2025-12-08,P003,Linen Tote Bag,2,18.00
ORD-008956,2025-12-08,P026,Herbal Tea Sampler,1,17.10
ORD-008957,2025-12-08,P004,Canvas Backpack,2,53.10
ORD-008958,2025-12-08,P001,Ceramic Mug,2,12.00
ORD-008958,2025-12-08,P002,Travel Tumbler,1,24.00
ORD-008959,2025-12-08,P013,Cast Iron Pan,1,56.00
ORD-008960,2025-12-08,P005,Wool Beanie,1,24.20
ORD-008961,2025-12-08,P001,Ceramic Mug,2,12.00
ORD-008961,2025-12-08,P003,Linen Tote Bag,1,16.20
ORD-008962,2025-12-08,P001,Ceramic Mug,2,12.00
ORD-008963,2025-12-09,P002,Travel Tumbler,1,24.00
ORD-008964,2025-12-09,P015,Soy Wax Candle Set,1,34.00
ORD-008965,2025-12-09,P011,Bamboo Cutting Board,2,32.00
ORD-008966,2025-12-09,P001,Ceramic Mug,1,12.00
ORD-008966,2025-12-09,P004,Canvas Backpack,1,59.00
ORD-008966,2025-12-09,P027,Coffee Beans 1kg,3,28.00
ORD-008967,2025-12-09,P008,Running Socks,5,11.00
ORD-008968,2025-12-09,P003,Linen Tote Bag,1,18.00
ORD-008969,2025-12-09,P001,Ceramic Mug,1,12.00
ORD-008970,2025-12-09,P001,Ceramic Mug,2,12.00
ORD-008970,2025-12-09,P002,Travel Tumbler,2,26.40
ORD-008970,2025-12-09,P007,Denim Jacket,3,89.00
ORD-008971,2025-12-09,P001,Ceramic Mug,3,10.80
ORD-008972,2025-12-09,P001,Ceramic Mug,5,12.00
ORD-008972,2025-12-09,P003,Linen Tote Bag,1,16.20
ORD-008973,2025-12-09,P003,Linen Tote Bag,1,18.00
ORD-008973,2025-12-09,P025,Resistance Bands,2,15.40
ORD-008974,2025-12-09,P001,Ceramic Mug,1,12.00
ORD-008975,2025-12-09,P002,Travel Tumbler,1,24.00
ORD-008975,2025-12-09,P025,Resistance Bands,2,14.00
ORD-008976,2025-12-09,P001,Ceramic Mug,2,12.00
ORD-008977,2025-12-09,P009,Leather Wallet,2,45.00
ORD-008978,2025-12-09,P006,Cotton T-Shirt,1,25.00
ORD-008979,2025-12-09,P031,Framed Print,1,64.00
ORD-008980,2025-12-09,P002,Travel Tumbler,4,24.00
ORD-008981,2025-12-09,P002,Travel Tumbler,1,21.60
ORD-008982,2025-12-09,P008,Running Socks,1,9.90
ORD-008983,2025-12-09,P001,Ceramic Mug,2,10.80
ORD-008983,2025-12-09,P007,Denim Jacket,3,89.00
ORD-008984,2025-12-09,P011,Bamboo Cutting Board,1,32.00
ORD-008985,2025-12-09,P003,Linen Tote Bag,2,18.00
ORD-008985,2025-12-09,P004,Canvas Backpack,1,53.10
ORD-008985,2025-12-09,P034,Sunglasses,2,50.60
ORD-008986,2025-12-09,P009,Leather Wallet,1,45.00
ORD-008987,2025-12-09,P005,Wool Beanie,1,22.00
ORD-008988,2025-12-09,P033,Wool Blanket,1,79.00
ORD-008989,2025-12-09,P001,Ceramic Mug,2,12.00
ORD-008989,2025-12-09,P004,Canvas Backpack,2,53.10
ORD-008990,2025-12-09,P018,Fountain Pen,1,38.00
ORD-008991,2025-12-09,P001,Ceramic Mug,1,10.80
ORD-008992,2025-12-09,P014,Scented Candle,1,17.60
ORD-008993,2025-12-09,P001,Ceramic Mug,5,12.00
ORD-008993,2025-12-09,P003,Linen Tote Bag,1,18.00
ORD-008994,2025-12-09,P010,Steel Water Bottle,1,20.00
ORD-008994,2025-12-09,P035,Umbrella,4,28.60
ORD-008995,2025-12-09,P002,Travel Tumbler,5,24.00
ORD-008996,2025-12-09,P003,Linen Tote Bag,1,16.20
ORD-008997,2025-12-09,P019,Wireless Mouse,1,26.10
ORD-008998,2025-12-09,P004,Canvas Backpack,4,59.00
ORD-008999,2025-12-09,P012,Chef Knife,2,74.00
ORD-008999,2025-12-09,P013,Cast Iron Pan,1,56.00
ORD-009000,2025-12-09,P001,Ceramic Mug,1,10.80
ORD-009001,2025-12-09,P003,Linen Tote Bag,1,18.00
ORD-009002,2025-12-09,P003,Linen Tote Bag,2,16.20
ORD-009002,2025-12-09,P031,Framed Print,2,57.60
ORD-009003,2025-12-09,P002,Travel Tumbler,2,24.00
ORD-009004,2025-12-10,P002,Travel Tumbler,4,24.00
ORD-009004,2025-12-10,P011,Bamboo Cutting Board,5,32.00
ORD-009005,2025-12-10,P031,Framed Print,5,57.60
ORD-009006,2025-12-10,P008,Running Socks,1,11.00
ORD-009007,2025-12-10,P001,Ceramic Mug,2,10.80
ORD-009007,2025-12-10,P012,Chef Knife,1,74.00
ORD-009008,2025-12-10,P003,Linen Tote Bag,1,18.00
ORD-009009,2025-12-10,P002,Travel Tumbler,3,24.00
ORD-009010,2025-12-10,P001,Ceramic Mug,1,12.00
ORD-009011,2025-12-10,P009,Leather Wallet,2,45.00
ORD-009012,2025-12-10,P002,Travel Tumbler,1,24.00
ORD-009013,2025-12-10,P001,Ceramic Mug,1,12.00
ORD-009014,2025-12-10,P002,Travel Tumbler,1,21.60
ORD-009014,2025-12-10,P003,Linen Tote Bag,1,18.00
ORD-009015,2025-12-10,P001,Ceramic Mug,3,13.20
ORD-009016,2025-12-10,P015,Soy Wax Candle Set,2,34.00
ORD-009017,2025-12-10,P001,Ceramic Mug,1,12.00
ORD-009017,2025-12-10,P007,Denim Jacket,1,80.10
ORD-009017,2025-12-10,P034,Sunglasses,1,46.00
ORD-009018,2025-12-10,P001,Ceramic Mug,5,12.00
ORD-009019,2025-12-10,P017,Notebook A5,4,9.00
ORD-009020,2025-12-10,P004,Canvas Backpack,1,53.10
ORD-009020,2025-12-10,P013,Cast Iron Pan,2,56.00
ORD-009021,2025-12-10,P001,Ceramic Mug,3,12.00
ORD-009022,2025-12-10,P009,Leather Wallet,1,45.00
ORD-009023,2025-12-10,P006,Cotton T-Shirt,1,22.50
ORD-009024,2025-12-10,P003,Linen Tote Bag,3,19.80
ORD-009025,2025-12-10,P006,Cotton T-Shirt,1,25.00
ORD-009025,2025-12-10,P012,Chef Knife,1,81.40
ORD-009026,2025-12-10,P010,Steel Water Bottle,2,18.00
ORD-009027,2025-12-10,P002,Travel Tumbler,1,24.00
ORD-009027,2025-12-10,P012,Chef Knife,1,66.60
ORD-009027,2025-12-10,P029,Hot Sauce Trio,1,25.30
ORD-009028,2025-12-10,P001,Ceramic Mug,1,12.00
ORD-009028,2025-12-10,P002,Travel Tumbler,1,21.60
ORD-009029,2025-12-10,P009,Leather Wallet,1,45.00
ORD-009030,2025-12-10,P003,Linen Tote Bag,1,18.00
ORD-009030,2025-12-10,P009,Leather Wallet,1,45.00
ORD-009031,2025-12-10,P005,Wool Beanie,2,22.00
ORD-009032,2025-12-10,P013,Cast Iron Pan,2,56.00
ORD-009033,2025-12-10,P016,Desk Lamp,1,49.00
ORD-009034,2025-12-10,P019,Wireless Mouse,1,29.00
ORD-009035,2025-12-10,P005,Wool Beanie,3,19.80
ORD-009036,2025-12-10,P002,Travel Tumbler,1,26.40
ORD-009036,2025-12-10,P003,Linen Tote Bag,2,19.80
ORD-009036,2025-12-10,P023,Bluetooth Speaker,1,69.00
ORD-009036,2025-12-10,P024,Yoga Mat,2,32.40
ORD-009037,2025-12-10,P003,Linen Tote Bag,3,19.80
ORD-009038,2025-12-10,P001,Ceramic Mug,4,12.00
ORD-009039,2025-12-11,P001,Ceramic Mug,2,12.00
ORD-009039,2025-12-11,P006,Cotton T-Shirt,1,25.00
ORD-009040,2025-12-11,P001,Ceramic Mug,3,13.20
ORD-009040,2025-12-11,P003,Linen Tote Bag,1,19.80
ORD-009041,2025-12-11,P002,Travel Tumbler,1,24.00
ORD-009042,2025-12-11,P005,Wool Beanie,1,22.00
ORD-009043,2025-12-11,P008,Running Socks,1,11.00
ORD-009044,2025-12-11,P028,Olive Oil 500ml,3,21.00
ORD-009045,2025-12-11,P005,Wool Beanie,5,24.20
ORD-009046,2025-12-11,P025,Resistance Bands,1,14.00
ORD-009047,2025-12-11,P002,Travel Tumbler,1,24.00
ORD-009048,2025-12-11,P002,Travel Tumbler,2,24.00
ORD-009049,2025-12-11,P016,Desk Lamp,3,44.10
ORD-009050,2025-12-11,P008,Running Socks,5,12.10
ORD-009050,2025-12-11,P009,Leather Wallet,2,45.00
ORD-009051,2025-12-11,P001,Ceramic Mug,3,12.00
ORD-009052,2025-12-11,P001,Ceramic Mug,1,12.00
ORD-009053,2025-12-11,P017,Notebook A5,2,9.00
ORD-009054,2025-12-11,P028,Olive Oil 500ml,3,23.10
ORD-009055,2025-12-11,P001,Ceramic Mug,2,12.00
ORD-009055,2025-12-11,P002,Travel Tumbler,3,24.00
ORD-009056,2025-12-11,P001,Ceramic Mug,3,13.20
ORD-009057,2025-12-11,P004,Canvas Backpack,4,59.00
ORD-009058,2025-12-11,P019,Wireless Mouse,1,29.00
ORD-009059,2025-12-11,P005,Wool Beanie,1,22.00
ORD-009060,2025-12-11,P011,Bamboo Cutting Board,1,28.80
ORD-009061,2025-12-11,P006,Cotton T-Shirt,1,25.00
ORD-009062,2025-12-11,P004,Canvas Backpack,2,59.00
ORD-009062,2025-12-11,P010,Steel Water Bottle,1,20.00
ORD-009063,2025-12-11,P005,Wool Beanie,2,22.00
ORD-009064,2025-12-11,P002,Travel Tumbler,1,24.00
ORD-009065,2025-12-11,P031,Framed Print,1,64.00
ORD-009066,2025-12-11,P033,Wool Blanket,1,79.00
ORD-009067,2025-12-11,P003,Linen Tote Bag,4,16.20
ORD-009068,2025-12-11,P001,Ceramic Mug,1,12.00
ORD-009069,2025-12-11,P002,Travel Tumbler,2,24.00
ORD-009070,2025-12-11,P004,Canvas Backpack,2,59.00
ORD-009071,2025-12-11,P001,Ceramic Mug,3,12.00
ORD-009071,2025-12-11,P002,Travel Tumbler,1,24.00
ORD-009072,2025-12-11,P005,Wool Beanie,1,24.20
ORD-009073,2025-12-11,P005,Wool Beanie,1,22.00
ORD-009074,2025-12-11,P005,Wool Beanie,3,22.00
ORD-009075,2025-12-11,P001,Ceramic Mug,1,12.00
ORD-009075,2025-12-11,P003,Linen Tote Bag,1,18.00
ORD-009075,2025-12-11,P012,Chef Knife,1,74.00
ORD-009076,2025-12-11,P001,Ceramic Mug,4,12.00
ORD-009077,2025-12-12,P001,Ceramic Mug,1,12.00
ORD-009077,2025-12-12,P020,Laptop Stand,5,42.00
ORD-009078,2025-12-12,P004,Canvas Backpack,2,59.00
ORD-009079,2025-12-12,P010,Steel Water Bottle,1,20.00
ORD-009080,2025-12-12,P002,Travel Tumbler,1,24.00
ORD-009081,2025-12-12,P001,Ceramic Mug,3,12.00
ORD-009081,2025-12-12,P003,Linen Tote Bag,1,18.00
ORD-009082,2025-12-12,P005,Wool Beanie,1,22.00
ORD-009083,2025-12-12,P011,Bamboo Cutting Board,1,32.00
ORD-009084,2025-12-12,P010,Steel Water Bottle,3,20.00
ORD-009084,2025-12-12,P021,USB-C Cable,3,11.00
ORD-009085,2025-12-12,P001,Ceramic Mug,1,13.20
ORD-009086,2025-12-12,P015,Soy Wax Candle Set,2,37.40
ORD-009087,2025-12-12,P022,Phone Case,1,13.50
ORD-009088,2025-12-12,P004,Canvas Backpack,1,59.00
ORD-009089,2025-12-12,P018,Fountain Pen,2,41.80
ORD-009090,2025-12-12,P003,Linen Tote Bag,3,18.00
ORD-009090,2025-12-12,P004,Canvas Backpack,2,59.00
ORD-009091,2025-12-12,P004,Canvas Backpack,1,59.00
ORD-009091,2025-12-12,P035,Umbrella,1,23.40
ORD-009092,2025-12-12,P014,Scented Candle,1,16.00
ORD-009093,2025-12-12,P006,Cotton T-Shirt,1,25.00
ORD-009094,2025-12-12,P030,Wall Calendar,1,13.00
ORD-009095,2025-12-12,P001,Ceramic Mug,3,12.00
ORD-009096,2025-12-12,P012,Chef Knife,2,81.40
ORD-009097,2025-12-12,P020,Laptop Stand,3,42.00
ORD-009098,2025-12-12,P001,Ceramic Mug,1,12.00
ORD-009098,2025-12-12,P002,Travel Tumbler,1,21.60
ORD-009098,2025-12-12,P006,Cotton T-Shirt,2,25.00
ORD-009098,2025-12-12,P011,Bamboo Cutting Board,1,32.00
ORD-009099,2025-12-12,P001,Ceramic Mug,2,12.00
ORD-009099,2025-12-12,P002,Travel Tumbler,1,24.00
ORD-009099,2025-12-12,P009,Leather Wallet,3,49.50
ORD-009099,2025-12-12,P031,Framed Print,2,64.00
ORD-009100,2025-12-12,P002,Travel Tumbler,1,24.00
ORD-009101,2025-12-12,P001,Ceramic Mug,1,10.80
ORD-009102,2025-12-12,P001,Ceramic Mug,1,13.20
ORD-009102,2025-12-12,P002,Travel Tumbler,4,24.00
ORD-009102,2025-12-12,P014,Scented Candle,2,16.00
ORD-009103,2025-12-12,P013,Cast Iron Pan,2,56.00
ORD-009104,2025-12-12,P019,Wireless Mouse,1,26.10
ORD-009105,2025-12-12,P005,Wool Beanie,1,22.00
ORD-009106,2025-12-12,P002,Travel Tumbler,4,24.00
ORD-009106,2025-12-12,P003,Linen Tote Bag,4,18.00
ORD-009106,2025-12-12,P004,Canvas Backpack,1,59.00
ORD-009106,2025-12-12,P024,Yoga Mat,1,36.00
ORD-009107,2025-12-12,P001,Ceramic Mug,5,12.00
ORD-009107,2025-12-12,P005,Wool Beanie,2,22.00
ORD-009108,2025-12-12,P001,Ceramic Mug,1,12.00
ORD-009108,2025-12-12,P003,Linen Tote Bag,2,18.00
ORD-009109,2025-12-12,P022,Phone Case,5,15.00
ORD-009110,2025-12-12,P001,Ceramic Mug,2,12.00
ORD-009110,2025-12-12,P002,Travel Tumbler,3,24.00
ORD-009110,2025-12-12,P004,Canvas Backpack,1,59.00
ORD-009110,2025-12-12,P008,Running Socks,1,12.10
ORD-009111,2025-12-12,P004,Canvas Backpack,2,64.90
ORD-009111,2025-12-12,P024,Yoga Mat,3,36.00
ORD-009112,2025-12-12,P001,Ceramic Mug,1,12.00
ORD-009112,2025-12-12,P002,Travel Tumbler,1,21.60
ORD-009112,2025-12-12,P007,Denim Jacket,1,89.00
ORD-009112,2025-12-12,P025,Resistance Bands,1,14.00
ORD-009113,2025-12-12,P001,Ceramic Mug,2,12.00
ORD-009114,2025-12-12,P004,Canvas Backpack,3,59.00
ORD-009114,2025-12-12,P006,Cotton T-Shirt,1,25.00
ORD-009114,2025-12-12,P030,Wall Calendar,2,14.30
ORD-009115,2025-12-12,P001,Ceramic Mug,3,13.20
ORD-009116,2025-12-12,P001,Ceramic Mug,2,12.00
ORD-009116,2025-12-12,P007,Denim Jacket,1,89.00
ORD-009117,2025-12-12,P028,Olive Oil 500ml,5,18.90
ORD-009118,2025-12-12,P001,Ceramic Mug,1,12.00
ORD-009118,2025-12-12,P004,Canvas Backpack,1,59.00
ORD-009118,2025-12-12,P012,Chef Knife,2,74.00
ORD-009119,2025-12-13,P001,Ceramic Mug,1,12.00
ORD-009120,2025-12-13,P001,Ceramic Mug,1,12.00
ORD-009121,2025-12-13,P001,Ceramic Mug,1,12.00
ORD-009121,2025-12-13,P021,USB-C Cable,3,10.00
ORD-009121,2025-12-13,P026,Herbal Tea Sampler,3,19.00
ORD-009122,2025-12-13,P002,Travel Tumbler,1,24.00
ORD-009122,2025-12-13,P013,Cast Iron Pan,1,56.00
ORD-009123,2025-12-13,P017,Notebook A5,3,9.00
ORD-009124,2025-12-13,P001,Ceramic Mug,1,12.00
ORD-009125,2025-12-13,P005,Wool Beanie,1,22.00
ORD-009126,2025-12-13,P002,Travel Tumbler,3,24.00
ORD-009127,2025-12-13,P002,Travel Tumbler,1,24.00
ORD-009128,2025-12-13,P005,Wool Beanie,1,22.00
ORD-009128,2025-12-13,P014,Scented Candle,1,17.60
ORD-009129,2025-12-13,P005,Wool Beanie,3,22.00
ORD-009130,2025-12-13,P005,Wool Beanie,5,22.00
ORD-009130,2025-12-13,P033,Wool Blanket,1,71.10
ORD-009131,2025-12-13,P003,Linen Tote Bag,1,18.00
ORD-009132,2025-12-13,P002,Travel Tumbler,1,24.00
ORD-009133,2025-12-13,P004,Canvas Backpack,1,59.00
ORD-009134,2025-12-13,P012,Chef Knife,4,81.40
ORD-009135,2025-12-13,P015,Soy Wax Candle Set,1,34.00
ORD-009136,2025-12-13,P015,Soy Wax Candle Set,2,34.00
ORD-009137,2025-12-13,P002,Travel Tumbler,2,26.40
ORD-009138,2025-12-13,P023,Bluetooth Speaker,1,69.00
ORD-009139,2025-12-13,P001,Ceramic Mug,1,12.00
ORD-009139,2025-12-13,P002,Travel Tumbler,1,24.00
ORD-009139,2025-12-13,P007,Denim Jacket,2,89.00
ORD-009139,2025-12-13,P028,Olive Oil 500ml,1,18.90
ORD-009140,2025-12-13,P029,Hot Sauce Trio,1,25.30
ORD-009141,2025-12-13,P001,Ceramic Mug,1,12.00
ORD-009142,2025-12-13,P001,Ceramic Mug,2,12.00
ORD-009143,2025-12-13,P034,Sunglasses,4,50.60
ORD-009144,2025-12-13,P001,Ceramic Mug,2,12.00
ORD-009145,2025-12-13,P001,Ceramic Mug,5,13.20
ORD-009146,2025-12-13,P007,Denim Jacket,1,97.90
ORD-009147,2025-12-13,P003,Linen Tote Bag,1,18.00
ORD-009148,2025-12-13,P001,Ceramic Mug,1,12.00
ORD-009149,2025-12-13,P004,Canvas Backpack,1,64.90
ORD-009150,2025-12-13,P024,Yoga Mat,1,36.00
ORD-009151,2025-12-13,P026,Herbal Tea Sampler,1,17.10
ORD-009152,2025-12-13,P001,Ceramic Mug,1,12.00
ORD-009153,2025-12-13,P004,Canvas Backpack,1,59.00
ORD-009154,2025-12-13,P002,Travel Tumbler,2,26.40
ORD-009155,2025-12-13,P001,Ceramic Mug,1,12.00
ORD-009156,2025-12-13,P005,Wool Beanie,1,22.00
ORD-009156,2025-12-13,P024,Yoga Mat,1,39.60
ORD-009157,2025-12-13,P016,Desk Lamp,1,44.10
ORD-009158,2025-12-13,P001,Ceramic Mug,2,12.00
ORD-009158,2025-12-13,P013,Cast Iron Pan,1,56.00
ORD-009159,2025-12-13,P027,Coffee Beans 1kg,1,28.00
ORD-009160,2025-12-13,P014,Scented Candle,1,17.60
ORD-009161,2025-12-13,P010,Steel Water Bottle,1,20.00
ORD-009162,2025-12-13,P004,Canvas Backpack,1,59.00
ORD-009163,2025-12-13,P026,Herbal Tea Sampler,1,20.90
ORD-009164,2025-12-13,P003,Linen Tote Bag,3,18.00
ORD-009165,2025-12-13,P001,Ceramic Mug,2,12.00
ORD-009166,2025-12-13,P001,Ceramic Mug,1,12.00
ORD-009167,2025-12-13,P003,Linen Tote Bag,5,18.00
ORD-009168,2025-12-13,P001,Ceramic Mug,1,12.00
ORD-009169,2025-12-13,P023,Bluetooth Speaker,1,75.90
ORD-009170,2025-12-13,P001,Ceramic Mug,1,10.80
ORD-009171,2025-12-13,P001,Ceramic Mug,1,13.20
ORD-009172,2025-12-13,P006,Cotton T-Shirt,1,27.50
ORD-009173,2025-12-13,P001,Ceramic Mug,1,12.00
ORD-009174,2025-12-13,P001,Ceramic Mug,2,12.00
ORD-009175,2025-12-13,P001,Ceramic Mug,1,12.00
ORD-009176,2025-12-13,P006,Cotton T-Shirt,1,25.00
ORD-009177,2025-12-13,P002,Travel Tumbler,3,21.60
ORD-009177,2025-12-13,P006,Cotton T-Shirt,5,27.50
ORD-009178,2025-12-13,P001,Ceramic Mug,1,12.00
ORD-009179,2025-12-13,P001,Ceramic Mug,2,12.00
ORD-009179,2025-12-13,P004,Canvas Backpack,1,64.90
ORD-009180,2025-12-13,P001,Ceramic Mug,2,12.00
ORD-009180,2025-12-13,P002,Travel Tumbler,1,24.00
ORD-009181,2025-12-13,P016,Desk Lamp,1,49.00
ORD-009181,2025-12-13,P035,Umbrella,1,28.60
ORD-009182,2025-12-13,P001,Ceramic Mug,1,12.00
ORD-009183,2025-12-13,P003,Linen Tote Bag,1,19.80
ORD-009184,2025-12-13,P001,Ceramic Mug,3,10.80
ORD-009185,2025-12-13,P001,Ceramic Mug,3,12.00
ORD-009185,2025-12-13,P015,Soy Wax Candle Set,2,34.00
ORD-009186,2025-12-13,P001,Ceramic Mug,1,12.00
ORD-009186,2025-12-13,P002,Travel Tumbler,1,24.00
ORD-009187,2025-12-14,P001,Ceramic Mug,1,12.00
ORD-009187,2025-12-14,P002,Travel Tumbler,2,24.00
ORD-009188,2025-12-14,P006,Cotton T-Shirt,1,27.50
ORD-009189,2025-12-14,P001,Ceramic Mug,2,12.00
ORD-009189,2025-12-14,P019,Wireless Mouse,1,29.00
ORD-009190,2025-12-14,P001,Ceramic Mug,1,10.80
ORD-009190,2025-12-14,P004,Canvas Backpack,4,59.00
ORD-009190,2025-12-14,P007,Denim Jacket,2,89.00
ORD-009191,2025-12-14,P035,Umbrella,2,26.00
ORD-009192,2025-12-14,P001,Ceramic Mug,1,12.00
ORD-009192,2025-12-14,P016,Desk Lamp,3,49.00
ORD-009193,2025-12-14,P014,Scented Candle,2,16.00
ORD-009194,2025-12-14,P001,Ceramic Mug,2,12.00
ORD-009195,2025-12-14,P001,Ceramic Mug,3,12.00
ORD-009195,2025-12-14,P008,Running Socks,1,11.00
ORD-009196,2025-12-14,P002,Travel Tumbler,1,24.00
ORD-009197,2025-12-14,P002,Travel Tumbler,1,24.00
ORD-009197,2025-12-14,P004,Canvas Backpack,1,59.00
ORD-009197,2025-12-14,P019,Wireless Mouse,4,31.90
ORD-009198,2025-12-14,P004,Canvas Backpack,1,59.00
ORD-009199,2025-12-14,P001,Ceramic Mug,1,12.00
ORD-009199,2025-12-14,P022,Phone Case,2,15.00
ORD-009200,2025-12-14,P001,Ceramic Mug,1,12.00
ORD-009200,2025-12-14,P002,Travel Tumbler,3,26.40
ORD-009200,2025-12-14,P003,Linen Tote Bag,1,18.00
ORD-009200,2025-12-14,P004,Canvas Backpack,3,64.90
ORD-009201,2025-12-14,P001,Ceramic Mug,1,12.00
ORD-009201,2025-12-14,P016,Desk Lamp,2,49.00
ORD-009202,2025-12-14,P014,Scented Candle,1,16.00
ORD-009202,2025-12-14,P026,Herbal Tea Sampler,1,19.00
ORD-009202,2025-12-14,P029,Hot Sauce Trio,1,25.30
ORD-009203,2025-12-14,P003,Linen Tote Bag,1,18.00
ORD-009203,2025-12-14,P006,Cotton T-Shirt,1,25.00
ORD-009204,2025-12-14,P003,Linen Tote Bag,3,18.00
ORD-009204,2025-12-14,P005,Wool Beanie,1,24.20
ORD-009205,2025-12-14,P027,Coffee Beans 1kg,3,28.00
ORD-009206,2025-12-14,P012,Chef Knife,3,74.00
ORD-009207,2025-12-14,P004,Canvas Backpack,1,59.00
ORD-009207,2025-12-14,P024,Yoga Mat,1,36.00
ORD-009208,2025-12-14,P023,Bluetooth Speaker,4,62.10
ORD-009209,2025-12-14,P001,Ceramic Mug,1,13.20
ORD-009210,2025-12-14,P006,Cotton T-Shirt,2,27.50
ORD-009211,2025-12-14,P001,Ceramic Mug,3,12.00
ORD-009212,2025-12-14,P001,Ceramic Mug,1,12.00
ORD-009213,2025-12-14,P001,Ceramic Mug,1,12.00
ORD-009213,2025-12-14,P004,Canvas Backpack,1,53.10
ORD-009213,2025-12-14,P009,Leather Wallet,1,40.50
ORD-009213,2025-12-14,P014,Scented Candle,1,16.00
ORD-009214,2025-12-14,P001,Ceramic Mug,4,12.00
ORD-009215,2025-12-14,P001,Ceramic Mug,2,12.00
ORD-009216,2025-12-14,P001,Ceramic Mug,1,12.00
ORD-009216,2025-12-14,P005,Wool Beanie,1,22.00
ORD-009217,2025-12-14,P001,Ceramic Mug,3,12.00
ORD-009218,2025-12-14,P002,Travel Tumbler,1,21.60
ORD-009218,2025-12-14,P005,Wool Beanie,2,22.00
ORD-009218,2025-12-14,P007,Denim Jacket,1,80.10
ORD-009218,2025-12-14,P013,Cast Iron Pan,1,56.00
ORD-009219,2025-12-14,P002,Travel Tumbler,1,24.00
ORD-009219,2025-12-14,P004,Canvas Backpack,1,59.00
ORD-009219,2025-12-14,P028,Olive Oil 500ml,1,21.00
ORD-009220,2025-12-14,P001,Ceramic Mug,2,12.00
ORD-009220,2025-12-14,P002,Travel Tumbler,2,24.00
ORD-009220,2025-12-14,P004,Canvas Backpack,1,53.10
ORD-009221,2025-12-14,P017,Notebook A5,1,9.00
ORD-009222,2025-12-14,P013,Cast Iron Pan,3,56.00
ORD-009223,2025-12-14,P003,Linen Tote Bag,1,18.00
ORD-009224,2025-12-14,P023,Bluetooth Speaker,2,69.00
ORD-009225,2025-12-14,P001,Ceramic Mug,1,13.20
ORD-009226,2025-12-14,P003,Linen Tote Bag,1,18.00
ORD-009227,2025-12-14,P002,Travel Tumbler,1,26.40
ORD-009228,2025-12-14,P004,Canvas Backpack,1,64.90
ORD-009229,2025-12-14,P006,Cotton T-Shirt,1,25.00
ORD-009229,2025-12-14,P017,Notebook A5,1,9.00
ORD-009230,2025-12-14,P004,Canvas Backpack,1,59.00
ORD-009230,2025-12-14,P005,Wool Beanie,2,22.00
ORD-009231,2025-12-14,P004,Canvas Backpack,1,59.00
ORD-009232,2025-12-14,P031,Framed Print,1,70.40
ORD-009233,2025-12-14,P014,Scented Candle,1,16.00
ORD-009234,2025-12-14,P001,Ceramic Mug,2,13.20
ORD-009234,2025-12-14,P002,Travel Tumbler,1,21.60
ORD-009235,2025-12-14,P006,Cotton T-Shirt,1,25.00
ORD-009236,2025-12-14,P002,Travel Tumbler,3,24.00
ORD-009237,2025-12-14,P004,Canvas Backpack,1,59.00
ORD-009238,2025-12-14,P002,Travel Tumbler,1,24.00
ORD-009239,2025-12-14,P009,Leather Wallet,1,40.50
ORD-009239,2025-12-14,P016,Desk Lamp,2,49.00
ORD-009239,2025-12-14,P025,Resistance Bands,1,15.40
ORD-009240,2025-12-14,P002,Travel Tumbler,3,24.00
ORD-009241,2025-12-14,P016,Desk Lamp,1,49.00
ORD-009242,2025-12-15,P011,Bamboo Cutting Board,3,35.20
ORD-009243,2025-12-15,P001,Ceramic Mug,1,12.00
ORD-009243,2025-12-15,P013,Cast Iron Pan,1,56.00
ORD-009244,2025-12-15,P004,Canvas Backpack,2,59.00
ORD-009245,2025-12-15,P011,Bamboo Cutting Board,3,32.00
ORD-009246,2025-12-15,P004,Canvas Backpack,5,53.10
ORD-009246,2025-12-15,P010,Steel Water Bottle,1,18.00
ORD-009247,2025-12-15,P003,Linen Tote Bag,3,18.00
ORD-009248,2025-12-15,P020,Laptop Stand,2,42.00
ORD-009249,2025-12-15,P036,Gift Card Holder,2,7.00
ORD-009250,2025-12-15,P011,Bamboo Cutting Board,1,32.00
ORD-009251,2025-12-15,P010,Steel Water Bottle,2,20.00
ORD-009252,2025-12-15,P001,Ceramic Mug,2,12.00
ORD-009252,2025-12-15,P005,Wool Beanie,2,22.00
ORD-009253,2025-12-15,P001,Ceramic Mug,1,12.00
ORD-009254,2025-12-15,P009,Leather Wallet,1,45.00
ORD-009255,2025-12-15,P003,Linen Tote Bag,1,18.00
ORD-009256,2025-12-15,P001,Ceramic Mug,2,12.00
ORD-009257,2025-12-15,P002,Travel Tumbler,1,26.40
ORD-009258,2025-12-15,P002,Travel Tumbler,1,24.00
ORD-009259,2025-12-15,P025,Resistance Bands,1,14.00
ORD-009260,2025-12-15,P001,Ceramic Mug,1,12.00
ORD-009261,2025-12-15,P018,Fountain Pen,1,41.80
ORD-009261,2025-12-15,P023,Bluetooth Speaker,5,62.10
ORD-009262,2025-12-15,P001,Ceramic Mug,1,12.00
ORD-009262,2025-12-15,P002,Travel Tumbler,2,26.40
ORD-009262,2025-12-15,P014,Scented Candle,1,17.60
ORD-009263,2025-12-15,P001,Ceramic Mug,3,10.80
ORD-009264,2025-12-15,P001,Ceramic Mug,1,12.00
ORD-009265,2025-12-15,P013,Cast Iron Pan,1,56.00
ORD-009266,2025-12-15,P013,Cast Iron Pan,3,56.00
ORD-009267,2025-12-15,P003,Linen Tote Bag,1,18.00
ORD-009268,2025-12-15,P001,Ceramic Mug,2,12.00
ORD-009268,2025-12-15,P010,Steel Water Bottle,1,22.00
ORD-009269,2025-12-15,P008,Running Socks,1,11.00
ORD-009270,2025-12-15,P001,Ceramic Mug,1,10.80
ORD-009270,2025-12-15,P004,Canvas Backpack,2,64.90
ORD-009270,2025-12-15,P012,Chef Knife,4,74.00
ORD-009271,2025-12-15,P001,Ceramic Mug,1,13.20
ORD-009272,2025-12-15,P006,Cotton T-Shirt,1,25.00
ORD-009273,2025-12-15,P031,Framed Print,5,64.00
ORD-009274,2025-12-15,P029,Hot Sauce Trio,1,25.30
ORD-009275,2025-12-15,P018,Fountain Pen,1,41.80
ORD-009276,2025-12-15,P001,Ceramic Mug,2,12.00
ORD-009276,2025-12-15,P003,Linen Tote Bag,1,18.00
ORD-009277,2025-12-15,P001,Ceramic Mug,3,12.00
ORD-009277,2025-12-15,P035,Umbrella,1,26.00
ORD-009278,2025-12-15,P002,Travel Tumbler,3,24.00
ORD-009278,2025-12-15,P006,Cotton T-Shirt,1,25.00
ORD-009279,2025-12-15,P017,Notebook A5,1,9.00
ORD-009280,2025-12-15,P001,Ceramic Mug,1,12.00
ORD-009280,2025-12-15,P009,Leather Wallet,3,45.00
ORD-009281,2025-12-15,P005,Wool Beanie,1,22.00
ORD-009281,2025-12-15,P015,Soy Wax Candle Set,1,34.00
ORD-009282,2025-12-15,P002,Travel Tumbler,2,26.40
ORD-009283,2025-12-15,P003,Linen Tote Bag,1,18.00
ORD-009283,2025-12-15,P011,Bamboo Cutting Board,1,32.00
ORD-009284,2025-12-15,P002,Travel Tumbler,1,24.00
ORD-009285,2025-12-15,P021,USB-C Cable,1,11.00
ORD-009286,2025-12-15,P001,Ceramic Mug,3,12.00
ORD-009286,2025-12-15,P002,Travel Tumbler,1,24.00
ORD-009286,2025-12-15,P032,Throw Pillow,1,27.00
ORD-009287,2025-12-15,P023,Bluetooth Speaker,1,69.00
ORD-009288,2025-12-15,P001,Ceramic Mug,1,12.00
ORD-009289,2025-12-15,P020,Laptop Stand,1,46.20
ORD-009290,2025-12-16,P004,Canvas Backpack,1,59.00
ORD-009291,2025-12-16,P001,Ceramic Mug,1,12.00
ORD-009291,2025-12-16,P011,Bamboo Cutting Board,4,32.00
ORD-009292,2025-12-16,P004,Canvas Backpack,1,59.00
ORD-009293,2025-12-16,P013,Cast Iron Pan,1,56.00
ORD-009294,2025-12-16,P003,Linen Tote Bag,1,18.00
ORD-009295,2025-12-16,P002,Travel Tumbler,3,24.00
ORD-009296,2025-12-16,P031,Framed Print,4,64.00
ORD-009297,2025-12-16,P001,Ceramic Mug,2,12.00
ORD-009298,2025-12-16,P010,Steel Water Bottle,3,20.00
ORD-009299,2025-12-16,P023,Bluetooth Speaker,1,69.00
ORD-009299,2025-12-16,P029,Hot Sauce Trio,1,25.30
ORD-009300,2025-12-16,P011,Bamboo Cutting Board,3,32.00
ORD-009301,2025-12-16,P028,Olive Oil 500ml,1,18.90
ORD-009302,2025-12-16,P007,Denim Jacket,1,80.10
ORD-009303,2025-12-16,P012,Chef Knife,1,74.00
ORD-009304,2025-12-16,P001,Ceramic Mug,4,12.00
ORD-009305,2025-12-16,P001,Ceramic Mug,1,13.20
ORD-009306,2025-12-16,P002,Travel Tumbler,1,26.40
ORD-009307,2025-12-16,P026,Herbal Tea Sampler,1,19.00
ORD-009308,2025-12-16,P001,Ceramic Mug,1,12.00
ORD-009308,2025-12-16,P012,Chef Knife,1,74.00
ORD-009309,2025-12-16,P026,Herbal Tea Sampler,4,20.90
ORD-009310,2025-12-16,P001,Ceramic Mug,1,12.00
ORD-009311,2025-12-16,P021,USB-C Cable,3,11.00
ORD-009311,2025-12-16,P025,Resistance Bands,1,14.00
ORD-009312,2025-12-16,P001,Ceramic Mug,1,12.00
ORD-009313,2025-12-16,P004,Canvas Backpack,1,59.00
ORD-009314,2025-12-16,P001,Ceramic Mug,1,13.20
ORD-009314,2025-12-16,P004,Canvas Backpack,1,59.00
ORD-009315,2025-12-16,P002,Travel Tumbler,1,24.00
ORD-009316,2025-12-16,P006,Cotton T-Shirt,1,22.50
ORD-009317,2025-12-16,P001,Ceramic Mug,1,13.20
ORD-009317,2025-12-16,P004,Canvas Backpack,2,59.00
ORD-009317,2025-12-16,P010,Steel Water Bottle,2,20.00
ORD-009318,2025-12-16,P006,Cotton T-Shirt,1,25.00
ORD-009319,2025-12-16,P001,Ceramic Mug,1,13.20
ORD-009319,2025-12-16,P014,Scented Candle,1,16.00
ORD-009320,2025-12-16,P001,Ceramic Mug,1,12.00
ORD-009320,2025-12-16,P005,Wool Beanie,2,22.00
ORD-009320,2025-12-16,P009,Leather Wallet,4,45.00
ORD-009320,2025-12-16,P036,Gift Card Holder,1,7.00
ORD-009321,2025-12-16,P001,Ceramic Mug,1,12.00
ORD-009322,2025-12-16,P008,Running Socks,1,11.00
ORD-009323,2025-12-16,P032,Throw Pillow,1,27.00
ORD-009324,2025-12-16,P002,Travel Tumbler,1,24.00
ORD-009325,2025-12-16,P014,Scented Candle,1,16.00
ORD-009326,2025-12-16,P001,Ceramic Mug,2,13.20
ORD-009327,2025-12-16,P001,Ceramic Mug,1,12.00
ORD-009328,2025-12-16,P002,Travel Tumbler,2,24.00
ORD-009329,2025-12-16,P007,Denim Jacket,1,89.00
ORD-009330,2025-12-16,P006,Cotton T-Shirt,1,25.00
ORD-009330,2025-12-16,P018,Fountain Pen,4,41.80
ORD-009331,2025-12-17,P013,Cast Iron Pan,1,61.60
ORD-009331,2025-12-17,P035,Umbrella,1,23.40
ORD-009332,2025-12-17,P023,Bluetooth Speaker,2,62.10
ORD-009333,2025-12-17,P009,Leather Wallet,1,45.00
ORD-009334,2025-12-17,P034,Sunglasses,1,41.40
ORD-009335,2025-12-17,P031,Framed Print,1,64.00
ORD-009336,2025-12-17,P011,Bamboo Cutting Board,1,35.20
ORD-009337,2025-12-17,P001,Ceramic Mug,3,12.00
ORD-009338,2025-12-17,P001,Ceramic Mug,2,13.20
ORD-009339,2025-12-17,P014,Scented Candle,1,16.00
ORD-009340,2025-12-17,P017,Notebook A5,2,9.90
ORD-009341,2025-12-17,P002,Travel Tumbler,1,24.00
ORD-009341,2025-12-17,P009,Leather Wallet,2,45.00
ORD-009342,2025-12-17,P015,Soy Wax Candle Set,3,37.40
ORD-009343,2025-12-17,P001,Ceramic Mug,1,12.00
ORD-009343,2025-12-17,P005,Wool Beanie,2,22.00
ORD-009343,2025-12-17,P009,Leather Wallet,1,49.50
ORD-009344,2025-12-17,P004,Canvas Backpack,1,59.00
ORD-009345,2025-12-17,P001,Ceramic Mug,1,12.00
ORD-009345,2025-12-17,P005,Wool Beanie,2,19.80
ORD-009345,2025-12-17,P024,Yoga Mat,2,36.00
ORD-009346,2025-12-17,P003,Linen Tote Bag,1,18.00
ORD-009347,2025-12-17,P010,Steel Water Bottle,2,20.00
ORD-009348,2025-12-17,P005,Wool Beanie,5,22.00
ORD-009349,2025-12-17,P002,Travel Tumbler,1,24.00
ORD-009350,2025-12-17,P004,Canvas Backpack,1,53.10
ORD-009350,2025-12-17,P009,Leather Wallet,1,45.00
ORD-009351,2025-12-17,P002,Travel Tumbler,4,24.00
ORD-009352,2025-12-17,P003,Linen Tote Bag,3,19.80
ORD-009353,2025-12-17,P001,Ceramic Mug,3,10.80
ORD-009354,2025-12-17,P010,Steel Water Bottle,1,18.00
ORD-009354,2025-12-17,P019,Wireless Mouse,1,26.10
ORD-009355,2025-12-17,P001,Ceramic Mug,1,12.00
ORD-009356,2025-12-17,P008,Running Socks,4,11.00
ORD-009357,2025-12-17,P023,Bluetooth Speaker,1,62.10
ORD-009358,2025-12-17,P010,Steel Water Bottle,2,20.00
ORD-009359,2025-12-17,P004,Canvas Backpack,1,59.00
ORD-009360,2025-12-17,P001,Ceramic Mug,2,13.20
ORD-009361,2025-12-18,P001,Ceramic Mug,1,12.00
ORD-009361,2025-12-18,P010,Steel Water Bottle,1,20.00
ORD-009362,2025-12-18,P001,Ceramic Mug,1,12.00
ORD-009363,2025-12-18,P001,Ceramic Mug,3,12.00
ORD-009363,2025-12-18,P022,Phone Case,1,15.00
ORD-009364,2025-12-18,P001,Ceramic Mug,1,12.00
ORD-009365,2025-12-18,P005,Wool Beanie,1,22.00
ORD-009365,2025-12-18,P013,Cast Iron Pan,1,56.00
ORD-009366,2025-12-18,P002,Travel Tumbler,1,24.00
ORD-009366,2025-12-18,P004,Canvas Backpack,5,59.00
ORD-009367,2025-12-18,P002,Travel Tumbler,1,24.00
ORD-009367,2025-12-18,P016,Desk Lamp,1,44.10
ORD-009368,2025-12-18,P001,Ceramic Mug,1,10.80
ORD-009369,2025-12-18,P003,Linen Tote Bag,1,18.00
ORD-009369,2025-12-18,P005,Wool Beanie,1,24.20
ORD-009369,2025-12-18,P008,Running Socks,2,12.10
ORD-009370,2025-12-18,P001,Ceramic Mug,2,12.00
ORD-009371,2025-12-18,P010,Steel Water Bottle,2,18.00
ORD-009372,2025-12-18,P002,Travel Tumbler,1,24.00
ORD-009372,2025-12-18,P003,Linen Tote Bag,1,16.20
ORD-009373,2025-12-18,P001,Ceramic Mug,1,12.00
ORD-009374,2025-12-18,P016,Desk Lamp,1,53.90
ORD-009375,2025-12-18,P005,Wool Beanie,1,22.00
ORD-009376,2025-12-18,P007,Denim Jacket,2,89.00
ORD-009376,2025-12-18,P024,Yoga Mat,1,32.40
ORD-009377,2025-12-18,P010,Steel Water Bottle,1,22.00
ORD-009378,2025-12-18,P002,Travel Tumbler,1,26.40
ORD-009378,2025-12-18,P003,Linen Tote Bag,3,18.00
ORD-009378,2025-12-18,P004,Canvas Backpack,1,64.90
ORD-009379,2025-12-18,P003,Linen Tote Bag,1,16.20
ORD-009380,2025-12-18,P021,USB-C Cable,3,10.00
ORD-009381,2025-12-18,P001,Ceramic Mug,1,10.80
ORD-009382,2025-12-18,P017,Notebook A5,1,9.00
ORD-009383,2025-12-18,P007,Denim Jacket,1,89.00
ORD-009384,2025-12-18,P018,Fountain Pen,1,38.00
ORD-009385,2025-12-18,P002,Travel Tumbler,5,24.00
ORD-009385,2025-12-18,P003,Linen Tote Bag,1,18.00
ORD-009385,2025-12-18,P006,Cotton T-Shirt,1,25.00
ORD-009386,2025-12-18,P004,Canvas Backpack,3,53.10
ORD-009387,2025-12-18,P001,Ceramic Mug,1,12.00
ORD-009388,2025-12-18,P005,Wool Beanie,2,22.00
ORD-009389,2025-12-18,P017,Notebook A5,1,9.00
ORD-009390,2025-12-18,P002,Travel Tumbler,1,21.60
ORD-009391,2025-12-18,P001,Ceramic Mug,3,12.00
ORD-009392,2025-12-18,P004,Canvas Backpack,2,59.00
ORD-009393,2025-12-18,P026,Herbal Tea Sampler,1,19.00
ORD-009394,2025-12-18,P011,Bamboo Cutting Board,1,32.00
ORD-009395,2025-12-18,P007,Denim Jacket,4,89.00
ORD-009396,2025-12-18,P001,Ceramic Mug,4,13.20
ORD-009396,2025-12-18,P005,Wool Beanie,4,19.80
ORD-009396,2025-12-18,P021,USB-C Cable,1,10.00
ORD-009396,2025-12-18,P032,Throw Pillow,2,27.00
ORD-009397,2025-12-18,P001,Ceramic Mug,1,12.00
ORD-009398,2025-12-18,P004,Canvas Backpack,1,59.00
ORD-009399,2025-12-18,P025,Resistance Bands,1,14.00
ORD-009400,2025-12-18,P001,Ceramic Mug,1,12.00
ORD-009400,2025-12-18,P002,Travel Tumbler,2,24.00
ORD-009400,2025-12-18,P013,Cast Iron Pan,5,56.00
ORD-009401,2025-12-18,P002,Travel Tumbler,5,24.00
ORD-009402,2025-12-18,P001,Ceramic Mug,1,13.20
ORD-009403,2025-12-19,P004,Canvas Backpack,3,53.10
ORD-009403,2025-12-19,P010,Steel Water Bottle,1,18.00
ORD-009403,2025-12-19,P013,Cast Iron Pan,2,56.00
ORD-009404,2025-12-19,P007,Denim Jacket,3,80.10
ORD-009405,2025-12-19,P018,Fountain Pen,5,38.00
ORD-009406,2025-12-19,P003,Linen Tote Bag,2,18.00
ORD-009407,2025-12-19,P004,Canvas Backpack,4,59.00
ORD-009408,2025-12-19,P032,Throw Pillow,1,24.30
ORD-009409,2025-12-19,P003,Linen Tote Bag,1,19.80
ORD-009410,2025-12-19,P001,Ceramic Mug,1,12.00
ORD-009411,2025-12-19,P003,Linen Tote Bag,2,16.20
ORD-009412,2025-12-19,P004,Canvas Backpack,1,59.00
ORD-009412,2025-12-19,P009,Leather Wallet,1,40.50
ORD-009413,2025-12-19,P002,Travel Tumbler,2,24.00
ORD-009414,2025-12-19,P006,Cotton T-Shirt,1,25.00
ORD-009415,2025-12-19,P001,Ceramic Mug,1,13.20
ORD-009416,2025-12-19,P006,Cotton T-Shirt,2,22.50
ORD-009416,2025-12-19,P011,Bamboo Cutting Board,1,32.00
ORD-009416,2025-12-19,P015,Soy Wax Candle Set,1,34.00
ORD-009416,2025-12-19,P019,Wireless Mouse,1,26.10
ORD-009417,2025-12-19,P001,Ceramic Mug,1,12.00
ORD-009417,2025-12-19,P002,Travel Tumbler,1,21.60
ORD-009417,2025-12-19,P017,Notebook A5,3,9.00
ORD-009418,2025-12-19,P003,Linen Tote Bag,1,18.00
ORD-009419,2025-12-19,P013,Cast Iron Pan,1,56.00
ORD-009419,2025-12-19,P025,Resistance Bands,4,12.60
ORD-009420,2025-12-19,P001,Ceramic Mug,3,12.00
ORD-009420,2025-12-19,P028,Olive Oil 500ml,1,23.10
ORD-009421,2025-12-19,P001,Ceramic Mug,1,12.00
ORD-009421,2025-12-19,P002,Travel Tumbler,2,24.00
ORD-009421,2025-12-19,P004,Canvas Backpack,3,59.00
ORD-009422,2025-12-19,P001,Ceramic Mug,1,12.00
ORD-009423,2025-12-19,P009,Leather Wallet,4,40.50
ORD-009424,2025-12-19,P002,Travel Tumbler,1,26.40
ORD-009425,2025-12-19,P002,Travel Tumbler,1,24.00
ORD-009425,2025-12-19,P006,Cotton T-Shirt,1,25.00
ORD-009426,2025-12-19,P007,Denim Jacket,3,80.10
ORD-009427,2025-12-19,P004,Canvas Backpack,1,59.00
ORD-009428,2025-12-19,P020,Laptop Stand,1,42.00
ORD-009429,2025-12-19,P008,Running Socks,1,11.00
ORD-009430,2025-12-19,P009,Leather Wallet,1,45.00
ORD-009431,2025-12-19,P003,Linen Tote Bag,2,16.20
ORD-009432,2025-12-19,P004,Canvas Backpack,1,59.00
ORD-009432,2025-12-19,P006,Cotton T-Shirt,2,25.00
ORD-009433,2025-12-19,P005,Wool Beanie,5,22.00
ORD-009434,2025-12-19,P003,Linen Tote Bag,1,18.00
ORD-009435,2025-12-19,P001,Ceramic Mug,5,10.80
ORD-009436,2025-12-19,P001,Ceramic Mug,1,12.00
ORD-009437,2025-12-19,P001,Ceramic Mug,2,13.20
ORD-009438,2025-12-19,P001,Ceramic Mug,2,12.00
ORD-009438,2025-12-19,P015,Soy Wax Candle Set,3,34.00
ORD-009439,2025-12-19,P002,Travel Tumbler,1,26.40
ORD-009439,2025-12-19,P021,USB-C Cable,1,10.00
ORD-009440,2025-12-19,P003,Linen Tote Bag,1,18.00
ORD-009441,2025-12-19,P006,Cotton T-Shirt,2,25.00
ORD-009442,2025-12-19,P001,Ceramic Mug,1,10.80
ORD-009443,2025-12-19,P001,Ceramic Mug,1,12.00
ORD-009443,2025-12-19,P009,Leather Wallet,1,40.50
ORD-009444,2025-12-19,P002,Travel Tumbler,1,26.40
ORD-009444,2025-12-19,P003,Linen Tote Bag,2,18.00
ORD-009445,2025-12-19,P006,Cotton T-Shirt,1,27.50
ORD-009446,2025-12-19,P001,Ceramic Mug,2,10.80
ORD-009446,2025-12-19,P012,Chef Knife,1,74.00
ORD-009446,2025-12-19,P014,Scented Candle,1,17.60
ORD-009446,2025-12-19,P025,Resistance Bands,3,14.00
ORD-009447,2025-12-19,P002,Travel Tumbler,1,21.60
ORD-009448,2025-12-19,P010,Steel Water Bottle,1,20.00
ORD-009449,2025-12-19,P001,Ceramic Mug,1,12.00
ORD-009449,2025-12-19,P006,Cotton T-Shirt,3,25.00
ORD-009450,2025-12-19,P014,Scented Candle,1,16.00
ORD-009451,2025-12-19,P033,Wool Blanket,1,71.10
ORD-009452,2025-12-19,P012,Chef Knife,3,74.00
ORD-009453,2025-12-19,P001,Ceramic Mug,1,12.00
ORD-009454,2025-12-19,P002,Travel Tumbler,1,21.60
ORD-009455,2025-12-19,P001,Ceramic Mug,1,12.00
ORD-009455,2025-12-19,P022,Phone Case,1,15.00
ORD-009456,2025-12-19,P001,Ceramic Mug,2,12.00
ORD-009457,2025-12-19,P020,Laptop Stand,3,42.00
ORD-009458,2025-12-19,P007,Denim Jacket,5,89.00
ORD-009459,2025-12-20,P032,Throw Pillow,3,27.00
ORD-009460,2025-12-20,P013,Cast Iron Pan,3,56.00
ORD-009461,2025-12-20,P001,Ceramic Mug,2,12.00
ORD-009462,2025-12-20,P003,Linen Tote Bag,2,18.00
ORD-009462,2025-12-20,P010,Steel Water Bottle,1,20.00
ORD-009462,2025-12-20,P029,Hot Sauce Trio,1,20.70
ORD-009463,2025-12-20,P001,Ceramic Mug,1,12.00
ORD-009463,2025-12-20,P016,Desk Lamp,1,49.00
ORD-009464,2025-12-20,P006,Cotton T-Shirt,1,25.00
ORD-009465,2025-12-20,P002,Travel Tumbler,1,21.60
ORD-009465,2025-12-20,P013,Cast Iron Pan,4,56.00
ORD-009466,2025-12-20,P002,Travel Tumbler,2,24.00
ORD-009467,2025-12-20,P023,Bluetooth Speaker,1,69.00
ORD-009468,2025-12-20,P001,Ceramic Mug,5,12.00
ORD-009469,2025-12-20,P005,Wool Beanie,1,19.80
ORD-009470,2025-12-20,P002,Travel Tumbler,1,21.60
ORD-009470,2025-12-20,P021,USB-C Cable,1,10.00
ORD-009471,2025-12-20,P001,Ceramic Mug,1,13.20
ORD-009472,2025-12-20,P002,Travel Tumbler,5,24.00
ORD-009473,2025-12-20,P001,Ceramic Mug,1,12.00
ORD-009474,2025-12-20,P002,Travel Tumbler,1,24.00
ORD-009474,2025-12-20,P003,Linen Tote Bag,2,18.00
ORD-009474,2025-12-20,P035,Umbrella,2,26.00
ORD-009475,2025-12-20,P004,Canvas Backpack,1,53.10
ORD-009475,2025-12-20,P020,Laptop Stand,1,46.20
ORD-009476,2025-12-20,P001,Ceramic Mug,1,12.00
ORD-009477,2025-12-20,P002,Travel Tumbler,1,24.00
ORD-009477,2025-12-20,P019,Wireless Mouse,1,29.00
ORD-009478,2025-12-20,P002,Travel Tumbler,1,24.00
ORD-009479,2025-12-20,P001,Ceramic Mug,1,13.20
ORD-009479,2025-12-20,P005,Wool Beanie,1,19.80
ORD-009480,2025-12-20,P001,Ceramic Mug,2,12.00
ORD-009481,2025-12-20,P001,Ceramic Mug,2,13.20
ORD-009481,2025-12-20,P004,Canvas Backpack,2,59.00
ORD-009482,2025-12-20,P001,Ceramic Mug,1,12.00
ORD-009482,2025-12-20,P008,Running Socks,1,12.10
ORD-009482,2025-12-20,P026,Herbal Tea Sampler,1,20.90
ORD-009482,2025-12-20,P030,Wall Calendar,5,13.00
ORD-009483,2025-12-20,P002,Travel Tumbler,1,24.00
ORD-009483,2025-12-20,P014,Scented Candle,1,16.00
ORD-009484,2025-12-20,P001,Ceramic Mug,1,12.00
ORD-009484,2025-12-20,P026,Herbal Tea Sampler,1,20.90
ORD-009485,2025-12-20,P009,Leather Wallet,1,40.50
ORD-009486,2025-12-20,P002,Travel Tumbler,1,24.00
ORD-009487,2025-12-20,P001,Ceramic Mug,1,12.00
ORD-009487,2025-12-20,P008,Running Socks,3,9.90
ORD-009487,2025-12-20,P016,Desk Lamp,1,44.10
ORD-009488,2025-12-20,P003,Linen Tote Bag,1,16.20
ORD-009489,2025-12-20,P001,Ceramic Mug,1,12.00
ORD-009489,2025-12-20,P002,Travel Tumbler,5,24.00
ORD-009490,2025-12-20,P004,Canvas Backpack,2,59.00
ORD-009491,2025-12-20,P024,Yoga Mat,2,36.00
ORD-009492,2025-12-20,P006,Cotton T-Shirt,1,25.00
ORD-009493,2025-12-20,P001,Ceramic Mug,1,12.00
ORD-009494,2025-12-20,P001,Ceramic Mug,1,10.80
ORD-009495,2025-12-20,P009,Leather Wallet,2,49.50
ORD-009496,2025-12-20,P002,Travel Tumbler,1,21.60
ORD-009497,2025-12-20,P006,Cotton T-Shirt,1,25.00
ORD-009498,2025-12-20,P002,Travel Tumbler,1,26.40
ORD-009499,2025-12-20,P014,Scented Candle,1,16.00
ORD-009500,2025-12-20,P001,Ceramic Mug,1,12.00
ORD-009501,2025-12-20,P004,Canvas Backpack,2,59.00
ORD-009502,2025-12-20,P002,Travel Tumbler,1,24.00
ORD-009503,2025-12-20,P015,Soy Wax Candle Set,2,30.60
ORD-009503,2025-12-20,P016,Desk Lamp,2,53.90
ORD-009504,2025-12-20,P015,Soy Wax Candle Set,2,34.00
ORD-009505,2025-12-20,P007,Denim Jacket,1,97.90
ORD-009506,2025-12-20,P005,Wool Beanie,1,22.00
ORD-009507,2025-12-20,P014,Scented Candle,2,16.00
ORD-009508,2025-12-20,P002,Travel Tumbler,3,24.00
ORD-009509,2025-12-20,P001,Ceramic Mug,1,12.00
ORD-009509,2025-12-20,P003,Linen Tote Bag,4,18.00
ORD-009509,2025-12-20,P007,Denim Jacket,4,89.00
ORD-009510,2025-12-20,P001,Ceramic Mug,1,12.00
ORD-009510,2025-12-20,P011,Bamboo Cutting Board,1,32.00
ORD-009511,2025-12-20,P011,Bamboo Cutting Board,1,32.00
ORD-009512,2025-12-21,P001,Ceramic Mug,1,12.00
ORD-009512,2025-12-21,P002,Travel Tumbler,2,24.00
ORD-009512,2025-12-21,P005,Wool Beanie,1,19.80
ORD-009513,2025-12-21,P001,Ceramic Mug,1,12.00
ORD-009513,2025-12-21,P015,Soy Wax Candle Set,2,34.00
ORD-009514,2025-12-21,P015,Soy Wax Candle Set,2,34.00
ORD-009515,2025-12-21,P002,Travel Tumbler,1,24.00
ORD-009516,2025-12-21,P002,Travel Tumbler,3,21.60
ORD-009517,2025-12-21,P001,Ceramic Mug,1,13.20
ORD-009517,2025-12-21,P007,Denim Jacket,1,80.10
ORD-009518,2025-12-21,P001,Ceramic Mug,1,10.80
ORD-009519,2025-12-21,P021,USB-C Cable,2,9.00
ORD-009520,2025-12-21,P001,Ceramic Mug,1,12.00
ORD-009521,2025-12-21,P013,Cast Iron Pan,2,56.00
ORD-009522,2025-12-21,P010,Steel Water Bottle,3,20.00
ORD-009523,2025-12-21,P002,Travel Tumbler,4,26.40
ORD-009523,2025-12-21,P007,Denim Jacket,1,89.00
ORD-009523,2025-12-21,P021,USB-C Cable,1,10.00
ORD-009524,2025-12-21,P001,Ceramic Mug,2,10.80
ORD-009525,2025-12-21,P001,Ceramic Mug,1,12.00
ORD-009526,2025-12-21,P003,Linen Tote Bag,1,18.00
ORD-009526,2025-12-21,P007,Denim Jacket,1,89.00
ORD-009526,2025-12-21,P009,Leather Wallet,1,45.00
ORD-009527,2025-12-21,P003,Linen Tote Bag,1,18.00
ORD-009528,2025-12-21,P001,Ceramic Mug,1,12.00
ORD-009528,2025-12-21,P002,Travel Tumbler,3,24.00
ORD-009528,2025-12-21,P003,Linen Tote Bag,1,18.00
ORD-009529,2025-12-21,P001,Ceramic Mug,1,12.00
ORD-009530,2025-12-21,P001,Ceramic Mug,2,13.20
ORD-009530,2025-12-21,P003,Linen Tote Bag,2,18.00
ORD-009530,2025-12-21,P018,Fountain Pen,1,41.80
ORD-009531,2025-12-21,P003,Linen Tote Bag,1,18.00
ORD-009532,2025-12-21,P001,Ceramic Mug,1,12.00
ORD-009533,2025-12-21,P004,Canvas Backpack,1,59.00
ORD-009534,2025-12-21,P001,Ceramic Mug,2,12.00
ORD-009534,2025-12-21,P014,Scented Candle,4,16.00
ORD-009535,2025-12-21,P014,Scented Candle,1,16.00
ORD-009536,2025-12-21,P001,Ceramic Mug,4,12.00
ORD-009537,2025-12-21,P001,Ceramic Mug,1,12.00
ORD-009538,2025-12-21,P001,Ceramic Mug,1,12.00
ORD-009539,2025-12-21,P023,Bluetooth Speaker,2,69.00
ORD-009540,2025-12-21,P001,Ceramic Mug,2,13.20
ORD-009540,2025-12-21,P005,Wool Beanie,2,22.00
ORD-009540,2025-12-21,P017,Notebook A5,1,9.00
ORD-009540,2025-12-21,P030,Wall Calendar,1,13.00
ORD-009541,2025-12-21,P001,Ceramic Mug,2,12.00
ORD-009542,2025-12-21,P003,Linen Tote Bag,2,18.00
ORD-009543,2025-12-21,P001,Ceramic Mug,2,13.20
ORD-009543,2025-12-21,P007,Denim Jacket,1,89.00
ORD-009544,2025-12-21,P001,Ceramic Mug,1,10.80
ORD-009545,2025-12-21,P005,Wool Beanie,1,22.00
ORD-009546,2025-12-21,P001,Ceramic Mug,1,12.00
ORD-009546,2025-12-21,P012,Chef Knife,1,74.00
ORD-009547,2025-12-21,P001,Ceramic Mug,4,10.80
ORD-009548,2025-12-21,P002,Travel Tumbler,1,26.40
ORD-009549,2025-12-21,P002,Travel Tumbler,1,26.40
ORD-009550,2025-12-21,P001,Ceramic Mug,1,10.80
ORD-009550,2025-12-21,P003,Linen Tote Bag,1,18.00
ORD-009551,2025-12-21,P008,Running Socks,1,11.00
ORD-009551,2025-12-21,P010,Steel Water Bottle,1,18.00
ORD-009552,2025-12-21,P002,Travel Tumbler,3,24.00
ORD-009553,2025-12-21,P001,Ceramic Mug,1,12.00
ORD-009553,2025-12-21,P004,Canvas Backpack,2,59.00
ORD-009553,2025-12-21,P006,Cotton T-Shirt,2,25.00
ORD-009553,2025-12-21,P016,Desk Lamp,4,49.00
ORD-009554,2025-12-21,P001,Ceramic Mug,1,12.00
ORD-009555,2025-12-21,P023,Bluetooth Speaker,1,69.00
ORD-009556,2025-12-21,P006,Cotton T-Shirt,1,25.00
ORD-009556,2025-12-21,P035,Umbrella,1,26.00
ORD-009557,2025-12-21,P001,Ceramic Mug,1,12.00
ORD-009557,2025-12-21,P019,Wireless Mouse,2,29.00
ORD-009558,2025-12-22,P012,Chef Knife,1,74.00
ORD-009559,2025-12-22,P003,Linen Tote Bag,2,16.20
ORD-009560,2025-12-22,P012,Chef Knife,1,74.00
ORD-009561,2025-12-22,P003,Linen Tote Bag,1,18.00
ORD-009562,2025-12-22,P001,Ceramic Mug,1,12.00
ORD-009562,2025-12-22,P003,Linen Tote Bag,3,18.00
ORD-009562,2025-12-22,P033,Wool Blanket,3,86.90
ORD-009563,2025-12-22,P002,Travel Tumbler,1,21.60
ORD-009564,2025-12-22,P007,Denim Jacket,1,97.90
ORD-009564,2025-12-22,P017,Notebook A5,2,9.00
ORD-009564,2025-12-22,P023,Bluetooth Speaker,1,62.10
ORD-009565,2025-12-22,P002,Travel Tumbler,1,24.00
ORD-009566,2025-12-22,P004,Canvas Backpack,2,59.00
ORD-009567,2025-12-22,P006,Cotton T-Shirt,2,25.00
ORD-009567,2025-12-22,P008,Running Socks,1,12.10
ORD-009567,2025-12-22,P030,Wall Calendar,3,13.00
ORD-009568,2025-12-22,P001,Ceramic Mug,3,12.00
ORD-009568,2025-12-22,P002,Travel Tumbler,1,24.00
ORD-009568,2025-12-22,P016,Desk Lamp,1,49.00
ORD-009569,2025-12-22,P022,Phone Case,1,16.50
ORD-009570,2025-12-22,P001,Ceramic Mug,1,12.00
ORD-009570,2025-12-22,P004,Canvas Backpack,1,53.10
ORD-009571,2025-12-22,P001,Ceramic Mug,1,12.00
ORD-009572,2025-12-22,P001,Ceramic Mug,3,12.00
ORD-009573,2025-12-22,P004,Canvas Backpack,3,59.00
ORD-009573,2025-12-22,P023,Bluetooth Speaker,1,62.10
ORD-009574,2025-12-22,P017,Notebook A5,1,9.00
ORD-009575,2025-12-22,P003,Linen Tote Bag,1,18.00
ORD-009576,2025-12-22,P003,Linen Tote Bag,1,18.00
ORD-009577,2025-12-22,P002,Travel Tumbler,1,24.00
ORD-009578,2025-12-22,P024,Yoga Mat,1,32.40
ORD-009579,2025-12-22,P003,Linen Tote Bag,2,18.00
ORD-009580,2025-12-22,P003,Linen Tote Bag,3,19.80
ORD-009581,2025-12-22,P003,Linen Tote Bag,1,18.00
ORD-009581,2025-12-22,P005,Wool Beanie,1,22.00
ORD-009581,2025-12-22,P031,Framed Print,2,64.00
ORD-009582,2025-12-22,P027,Coffee Beans 1kg,1,28.00
ORD-009583,2025-12-22,P006,Cotton T-Shirt,1,22.50
ORD-009584,2025-12-22,P001,Ceramic Mug,4,12.00
ORD-009585,2025-12-22,P010,Steel Water Bottle,1,20.00
ORD-009586,2025-12-22,P003,Linen Tote Bag,1,18.00
ORD-009587,2025-12-22,P023,Bluetooth Speaker,4,69.00
ORD-009588,2025-12-22,P011,Bamboo Cutting Board,2,32.00
ORD-009588,2025-12-22,P016,Desk Lamp,1,49.00
ORD-009589,2025-12-22,P005,Wool Beanie,5,24.20
ORD-009590,2025-12-22,P006,Cotton T-Shirt,2,25.00
ORD-009591,2025-12-22,P014,Scented Candle,1,17.60
ORD-009592,2025-12-22,P033,Wool Blanket,1,79.00
ORD-009593,2025-12-22,P022,Phone Case,2,15.00
ORD-009593,2025-12-22,P025,Resistance Bands,1,12.60
ORD-009594,2025-12-22,P001,Ceramic Mug,1,12.00
ORD-009595,2025-12-22,P026,Herbal Tea Sampler,1,19.00
ORD-009596,2025-12-22,P001,Ceramic Mug,4,13.20
ORD-009596,2025-12-22,P012,Chef Knife,3,74.00
ORD-009597,2025-12-22,P012,Chef Knife,1,74.00
ORD-009598,2025-12-22,P011,Bamboo Cutting Board,1,35.20
ORD-009599,2025-12-22,P004,Canvas Backpack,3,53.10
ORD-009599,2025-12-22,P008,Running Socks,1,11.00
ORD-009600,2025-12-22,P034,Sunglasses,1,46.00
ORD-009601,2025-12-22,P005,Wool Beanie,2,22.00
ORD-009602,2025-12-22,P005,Wool Beanie,1,22.00
ORD-009603,2025-12-22,P028,Olive Oil 500ml,3,21.00
ORD-009603,2025-12-22,P030,Wall Calendar,1,13.00
ORD-009604,2025-12-23,P004,Canvas Backpack,2,59.00
ORD-009605,2025-12-23,P008,Running Socks,1,11.00
ORD-009606,2025-12-23,P003,Linen Tote Bag,1,18.00
ORD-009606,2025-12-23,P004,Canvas Backpack,2,64.90
ORD-009607,2025-12-23,P029,Hot Sauce Trio,1,20.70
ORD-009608,2025-12-23,P002,Travel Tumbler,3,24.00
ORD-009609,2025-12-23,P003,Linen Tote Bag,1,18.00
ORD-009610,2025-12-23,P006,Cotton T-Shirt,2,25.00
ORD-009611,2025-12-23,P036,Gift Card Holder,1,7.00
ORD-009612,2025-12-23,P003,Linen Tote Bag,3,18.00
ORD-009613,2025-12-23,P011,Bamboo Cutting Board,1,32.00
ORD-009614,2025-12-23,P002,Travel Tumbler,2,26.40
ORD-009615,2025-12-23,P001,Ceramic Mug,2,10.80
ORD-009615,2025-12-23,P033,Wool Blanket,1,71.10
ORD-009616,2025-12-23,P001,Ceramic Mug,1,12.00
ORD-009617,2025-12-23,P013,Cast Iron Pan,1,56.00
ORD-009618,2025-12-23,P001,Ceramic Mug,1,12.00
ORD-009618,2025-12-23,P003,Linen Tote Bag,1,18.00
ORD-009619,2025-12-23,P001,Ceramic Mug,2,13.20
ORD-009620,2025-12-23,P001,Ceramic Mug,1,12.00
ORD-009620,2025-12-23,P008,Running Socks,1,11.00
ORD-009620,2025-12-23,P010,Steel Water Bottle,2,20.00
ORD-009621,2025-12-23,P001,Ceramic Mug,1,12.00
ORD-009621,2025-12-23,P022,Phone Case,2,15.00
ORD-009622,2025-12-23,P021,USB-C Cable,2,11.00
ORD-009623,2025-12-23,P001,Ceramic Mug,1,12.00
ORD-009623,2025-12-23,P003,Linen Tote Bag,1,18.00
ORD-009623,2025-12-23,P004,Canvas Backpack,1,59.00
ORD-009624,2025-12-23,P001,Ceramic Mug,3,12.00
ORD-009625,2025-12-23,P002,Travel Tumbler,1,24.00
ORD-009626,2025-12-23,P003,Linen Tote Bag,1,16.20
ORD-009627,2025-12-23,P001,Ceramic Mug,1,10.80
ORD-009628,2025-12-23,P006,Cotton T-Shirt,2,25.00
ORD-009629,2025-12-23,P005,Wool Beanie,4,22.00
ORD-009630,2025-12-23,P002,Travel Tumbler,5,24.00
ORD-009631,2025-12-23,P005,Wool Beanie,1,22.00
ORD-009632,2025-12-23,P002,Travel Tumbler,1,21.60
ORD-009632,2025-12-23,P004,Canvas Backpack,2,53.10
ORD-009633,2025-12-23,P002,Travel Tumbler,2,24.00
ORD-009634,2025-12-23,P005,Wool Beanie,3,22.00
ORD-009634,2025-12-23,P008,Running Socks,1,11.00
ORD-009634,2025-12-23,P016,Desk Lamp,1,49.00
ORD-009635,2025-12-23,P009,Leather Wallet,1,40.50
ORD-009636,2025-12-24,P001,Ceramic Mug,1,12.00
ORD-009636,2025-12-24,P035,Umbrella,2,26.00
ORD-009637,2025-12-24,P001,Ceramic Mug,2,10.80
ORD-009638,2025-12-24,P009,Leather Wallet,1,40.50
ORD-009639,2025-12-24,P001,Ceramic Mug,3,12.00
ORD-009640,2025-12-24,P003,Linen Tote Bag,2,18.00
ORD-009641,2025-12-24,P011,Bamboo Cutting Board,1,28.80
ORD-009642,2025-12-24,P010,Steel Water Bottle,2,22.00
ORD-009642,2025-12-24,P013,Cast Iron Pan,1,56.00
ORD-009642,2025-12-24,P023,Bluetooth Speaker,2,62.10
ORD-009643,2025-12-24,P001,Ceramic Mug,3,12.00
ORD-009643,2025-12-24,P006,Cotton T-Shirt,1,25.00
ORD-009644,2025-12-24,P006,Cotton T-Shirt,1,25.00
ORD-009645,2025-12-24,P001,Ceramic Mug,2,12.00
ORD-009645,2025-12-24,P031,Framed Print,1,57.60
ORD-009646,2025-12-24,P004,Canvas Backpack,2,53.10
ORD-009646,2025-12-24,P021,USB-C Cable,1,10.00
ORD-009647,2025-12-24,P006,Cotton T-Shirt,1,25.00
ORD-009648,2025-12-24,P001,Ceramic Mug,4,12.00
ORD-009649,2025-12-24,P001,Ceramic Mug,2,12.00
ORD-009650,2025-12-24,P001,Ceramic Mug,2,12.00
ORD-009651,2025-12-24,P002,Travel Tumbler,2,24.00
ORD-009652,2025-12-24,P007,Denim Jacket,3,89.00
ORD-009653,2025-12-24,P001,Ceramic Mug,1,13.20
ORD-009654,2025-12-24,P016,Desk Lamp,1,49.00
ORD-009654,2025-12-24,P021,USB-C Cable,1,10.00
ORD-009655,2025-12-24,P001,Ceramic Mug,3,12.00
ORD-009656,2025-12-24,P004,Canvas Backpack,1,59.00
ORD-009657,2025-12-24,P005,Wool Beanie,1,22.00
ORD-009658,2025-12-24,P004,Canvas Backpack,1,59.00
ORD-009658,2025-12-24,P006,Cotton T-Shirt,1,25.00
ORD-009659,2025-12-24,P001,Ceramic Mug,1,12.00
ORD-009659,2025-12-24,P002,Travel Tumbler,3,24.00
ORD-009659,2025-12-24,P005,Wool Beanie,1,24.20
ORD-009660,2025-12-24,P013,Cast Iron Pan,3,61.60
ORD-009660,2025-12-24,P022,Phone Case,1,15.00
ORD-009661,2025-12-24,P004,Canvas Backpack,5,59.00
ORD-009662,2025-12-24,P003,Linen Tote Bag,1,19.80
ORD-009663,2025-12-24,P001,Ceramic Mug,1,10.80
ORD-009663,2025-12-24,P002,Travel Tumbler,1,24.00
ORD-009664,2025-12-24,P012,Chef Knife,1,74.00
ORD-009665,2025-12-24,P012,Chef Knife,2,74.00
ORD-009666,2025-12-24,P001,Ceramic Mug,1,12.00
ORD-009667,2025-12-24,P001,Ceramic Mug,1,12.00
ORD-009668,2025-12-24,P029,Hot Sauce Trio,1,20.70
ORD-009669,2025-12-24,P001,Ceramic Mug,2,12.00
ORD-009670,2025-12-25,P001,Ceramic Mug,1,12.00
ORD-009670,2025-12-25,P004,Canvas Backpack,1,59.00
ORD-009671,2025-12-25,P003,Linen Tote Bag,1,16.20
ORD-009671,2025-12-25,P018,Fountain Pen,3,38.00
ORD-009672,2025-12-25,P003,Linen Tote Bag,4,18.00
ORD-009672,2025-12-25,P015,Soy Wax Candle Set,3,34.00
ORD-009673,2025-12-25,P001,Ceramic Mug,1,12.00
ORD-009673,2025-12-25,P004,Canvas Backpack,1,59.00
ORD-009674,2025-12-25,P024,Yoga Mat,1,36.00
ORD-009675,2025-12-25,P002,Travel Tumbler,1,26.40
ORD-009676,2025-12-25,P001,Ceramic Mug,1,12.00
ORD-009677,2025-12-25,P005,Wool Beanie,1,22.00
ORD-009677,2025-12-25,P024,Yoga Mat,1,36.00
ORD-009678,2025-12-25,P004,Canvas Backpack,1,53.10
ORD-009678,2025-12-25,P006,Cotton T-Shirt,2,27.50
ORD-009679,2025-12-25,P001,Ceramic Mug,1,12.00
ORD-009680,2025-12-25,P001,Ceramic Mug,4,10.80
ORD-009680,2025-12-25,P003,Linen Tote Bag,2,18.00
ORD-009681,2025-12-25,P010,Steel Water Bottle,1,20.00
ORD-009682,2025-12-25,P001,Ceramic Mug,5,12.00
ORD-009683,2025-12-25,P001,Ceramic Mug,2,13.20
ORD-009683,2025-12-25,P007,Denim Jacket,3,89.00
ORD-009684,2025-12-25,P002,Travel Tumbler,2,24.00
ORD-009684,2025-12-25,P004,Canvas Backpack,1,59.00
ORD-009684,2025-12-25,P006,Cotton T-Shirt,5,27.50
ORD-009685,2025-12-25,P001,Ceramic Mug,4,13.20
ORD-009686,2025-12-25,P002,Travel Tumbler,1,24.00
ORD-009686,2025-12-25,P034,Sunglasses,1,41.40
ORD-009687,2025-12-25,P008,Running Socks,2,11.00
ORD-009688,2025-12-25,P001,Ceramic Mug,1,12.00
ORD-009688,2025-12-25,P025,Resistance Bands,1,14.00
ORD-009689,2025-12-25,P009,Leather Wallet,1,45.00
ORD-009690,2025-12-25,P002,Travel Tumbler,1,24.00
ORD-009691,2025-12-25,P001,Ceramic Mug,1,10.80
ORD-009691,2025-12-25,P009,Leather Wallet,1,45.00
ORD-009692,2025-12-25,P001,Ceramic Mug,1,12.00
ORD-009692,2025-12-25,P032,Throw Pillow,3,27.00
ORD-009693,2025-12-25,P033,Wool Blanket,1,79.00
ORD-009694,2025-12-25,P001,Ceramic Mug,2,12.00
ORD-009694,2025-12-25,P004,Canvas Backpack,2,59.00
ORD-009695,2025-12-25,P001,Ceramic Mug,1,13.20
ORD-009695,2025-12-25,P003,Linen Tote Bag,1,16.20
ORD-009696,2025-12-25,P006,Cotton T-Shirt,1,25.00
ORD-009697,2025-12-25,P009,Leather Wallet,2,45.00
ORD-009698,2025-12-25,P022,Phone Case,1,15.00
ORD-009699,2025-12-25,P001,Ceramic Mug,1,13.20
ORD-009700,2025-12-25,P001,Ceramic Mug,2,12.00
ORD-009701,2025-12-25,P003,Linen Tote Bag,5,18.00
ORD-009702,2025-12-25,P014,Scented Candle,1,17.60
ORD-009703,2025-12-25,P003,Linen Tote Bag,1,16.20
ORD-009704,2025-12-25,P006,Cotton T-Shirt,2,27.50
ORD-009705,2025-12-25,P002,Travel Tumbler,1,24.00
ORD-009705,2025-12-25,P022,Phone Case,1,15.00
ORD-009706,2025-12-25,P012,Chef Knife,1,74.00
ORD-009707,2025-12-26,P013,Cast Iron Pan,1,56.00
ORD-009708,2025-12-26,P001,Ceramic Mug,1,12.00
ORD-009709,2025-12-26,P001,Ceramic Mug,1,12.00
ORD-009709,2025-12-26,P003,Linen Tote Bag,5,16.20
ORD-009710,2025-12-26,P003,Linen Tote Bag,2,16.20
ORD-009710,2025-12-26,P014,Scented Candle,1,16.00
ORD-009711,2025-12-26,P001,Ceramic Mug,1,12.00
ORD-009711,2025-12-26,P005,Wool Beanie,1,22.00
ORD-009712,2025-12-26,P003,Linen Tote Bag,2,18.00
ORD-009713,2025-12-26,P002,Travel Tumbler,1,24.00
ORD-009713,2025-12-26,P011,Bamboo Cutting Board,4,32.00
ORD-009713,2025-12-26,P016,Desk Lamp,5,49.00
ORD-009713,2025-12-26,P026,Herbal Tea Sampler,1,20.90
ORD-009714,2025-12-26,P001,Ceramic Mug,1,10.80
ORD-009715,2025-12-26,P003,Linen Tote Bag,4,18.00
ORD-009716,2025-12-26,P001,Ceramic Mug,1,12.00
ORD-009716,2025-12-26,P011,Bamboo Cutting Board,1,32.00
ORD-009716,2025-12-26,P012,Chef Knife,5,66.60
ORD-009717,2025-12-26,P001,Ceramic Mug,1,12.00
ORD-009717,2025-12-26,P018,Fountain Pen,2,38.00
ORD-009718,2025-12-26,P011,Bamboo Cutting Board,4,32.00
ORD-009719,2025-12-26,P001,Ceramic Mug,3,12.00
ORD-009720,2025-12-26,P002,Travel Tumbler,1,26.40
ORD-009721,2025-12-26,P011,Bamboo Cutting Board,1,32.00
ORD-009722,2025-12-26,P001,Ceramic Mug,2,12.00
ORD-009723,2025-12-26,P012,Chef Knife,5,74.00
ORD-009724,2025-12-26,P005,Wool Beanie,1,19.80
ORD-009724,2025-12-26,P008,Running Socks,1,9.90
ORD-009724,2025-12-26,P010,Steel Water Bottle,1,22.00
ORD-009724,2025-12-26,P025,Resistance Bands,1,12.60
ORD-009725,2025-12-26,P001,Ceramic Mug,1,12.00
ORD-009726,2025-12-26,P005,Wool Beanie,1,22.00
ORD-009727,2025-12-26,P005,Wool Beanie,2,22.00
ORD-009728,2025-12-26,P007,Denim Jacket,2,89.00
ORD-009729,2025-12-26,P002,Travel Tumbler,1,24.00
ORD-009730,2025-12-26,P014,Scented Candle,1,16.00
ORD-009730,2025-12-26,P035,Umbrella,1,23.40
ORD-009731,2025-12-26,P001,Ceramic Mug,2,13.20
ORD-009731,2025-12-26,P003,Linen Tote Bag,4,16.20
ORD-009732,2025-12-26,P001,Ceramic Mug,1,12.00
ORD-009732,2025-12-26,P004,Canvas Backpack,1,59.00
ORD-009733,2025-12-26,P001,Ceramic Mug,2,12.00
ORD-009733,2025-12-26,P003,Linen Tote Bag,1,18.00
ORD-009734,2025-12-26,P003,Linen Tote Bag,1,18.00
ORD-009734,2025-12-26,P004,Canvas Backpack,4,53.10
ORD-009734,2025-12-26,P007,Denim Jacket,1,89.00
ORD-009734,2025-12-26,P011,Bamboo Cutting Board,1,35.20
ORD-009735,2025-12-26,P001,Ceramic Mug,2,12.00
ORD-009735,2025-12-26,P006,Cotton T-Shirt,1,25.00
ORD-009735,2025-12-26,P011,Bamboo Cutting Board,1,32.00
ORD-009736,2025-12-26,P001,Ceramic Mug,1,12.00
ORD-009737,2025-12-26,P011,Bamboo Cutting Board,1,28.80
ORD-009737,2025-12-26,P018,Fountain Pen,1,38.00
ORD-009738,2025-12-26,P002,Travel Tumbler,1,24.00
ORD-009738,2025-12-26,P030,Wall Calendar,1,14.30
ORD-009739,2025-12-26,P001,Ceramic Mug,1,10.80
ORD-009739,2025-12-26,P005,Wool Beanie,2,24.20
ORD-009740,2025-12-26,P012,Chef Knife,3,74.00
ORD-009741,2025-12-26,P001,Ceramic Mug,1,12.00
ORD-009741,2025-12-26,P027,Coffee Beans 1kg,2,28.00
ORD-009742,2025-12-26,P002,Travel Tumbler,1,24.00
ORD-009742,2025-12-26,P018,Fountain Pen,1,38.00
ORD-009743,2025-12-26,P001,Ceramic Mug,1,12.00
ORD-009744,2025-12-26,P012,Chef Knife,1,74.00
ORD-009745,2025-12-26,P015,Soy Wax Candle Set,2,34.00
ORD-009746,2025-12-26,P001,Ceramic Mug,1,10.80
ORD-009746,2025-12-26,P020,Laptop Stand,2,37.80
ORD-009747,2025-12-26,P001,Ceramic Mug,1,10.80
ORD-009748,2025-12-26,P008,Running Socks,1,12.10
ORD-009749,2025-12-26,P002,Travel Tumbler,1,24.00
ORD-009750,2025-12-26,P015,Soy Wax Candle Set,1,37.40
ORD-009751,2025-12-26,P002,Travel Tumbler,1,24.00
ORD-009752,2025-12-26,P001,Ceramic Mug,2,12.00
ORD-009752,2025-12-26,P029,Hot Sauce Trio,2,23.00
ORD-009753,2025-12-26,P001,Ceramic Mug,2,12.00
ORD-009754,2025-12-26,P001,Ceramic Mug,1,10.80
ORD-009754,2025-12-26,P005,Wool Beanie,1,19.80
ORD-009754,2025-12-26,P008,Running Socks,1,11.00
ORD-009754,2025-12-26,P009,Leather Wallet,1,45.00
ORD-009755,2025-12-26,P002,Travel Tumbler,1,24.00
ORD-009756,2025-12-26,P001,Ceramic Mug,2,12.00
ORD-009756,2025-12-26,P004,Canvas Backpack,2,59.00
ORD-009757,2025-12-26,P001,Ceramic Mug,2,12.00
ORD-009758,2025-12-26,P002,Travel Tumbler,1,24.00
ORD-009759,2025-12-27,P001,Ceramic Mug,3,12.00
ORD-009760,2025-12-27,P003,Linen Tote Bag,4,18.00
ORD-009761,2025-12-27,P030,Wall Calendar,2,11.70
ORD-009762,2025-12-27,P001,Ceramic Mug,1,12.00
ORD-009763,2025-12-27,P001,Ceramic Mug,2,12.00
ORD-009764,2025-12-27,P002,Travel Tumbler,3,24.00
ORD-009764,2025-12-27,P013,Cast Iron Pan,1,56.00
ORD-009764,2025-12-27,P024,Yoga Mat,1,36.00
ORD-009765,2025-12-27,P007,Denim Jacket,1,89.00
ORD-009766,2025-12-27,P007,Denim Jacket,1,97.90
ORD-009767,2025-12-27,P001,Ceramic Mug,2,12.00
ORD-009767,2025-12-27,P003,Linen Tote Bag,3,18.00
ORD-009768,2025-12-27,P012,Chef Knife,1,74.00
ORD-009769,2025-12-27,P004,Canvas Backpack,2,59.00
ORD-009770,2025-12-27,P001,Ceramic Mug,1,12.00
ORD-009770,2025-12-27,P002,Travel Tumbler,3,24.00
ORD-009771,2025-12-27,P002,Travel Tumbler,1,21.60
ORD-009772,2025-12-27,P007,Denim Jacket,2,89.00
ORD-009773,2025-12-27,P001,Ceramic Mug,1,12.00
ORD-009774,2025-12-27,P001,Ceramic Mug,1,12.00
ORD-009775,2025-12-27,P001,Ceramic Mug,4,12.00
ORD-009776,2025-12-27,P002,Travel Tumbler,1,21.60
ORD-009776,2025-12-27,P003,Linen Tote Bag,1,16.20
ORD-009776,2025-12-27,P036,Gift Card Holder,2,7.00
ORD-009777,2025-12-27,P001,Ceramic Mug,2,12.00
ORD-009778,2025-12-27,P002,Travel Tumbler,2,24.00
ORD-009779,2025-12-27,P002,Travel Tumbler,1,24.00
ORD-009780,2025-12-27,P004,Canvas Backpack,1,59.00
ORD-009781,2025-12-27,P001,Ceramic Mug,3,12.00
ORD-009782,2025-12-27,P019,Wireless Mouse,2,26.10
ORD-009782,2025-12-27,P023,Bluetooth Speaker,1,69.00
ORD-009783,2025-12-27,P029,Hot Sauce Trio,5,23.00
ORD-009784,2025-12-27,P002,Travel Tumbler,1,26.40
ORD-009785,2025-12-27,P001,Ceramic Mug,3,12.00
ORD-009785,2025-12-27,P002,Travel Tumbler,2,24.00
ORD-009785,2025-12-27,P025,Resistance Bands,1,14.00
ORD-009786,2025-12-27,P012,Chef Knife,2,74.00
ORD-009787,2025-12-27,P001,Ceramic Mug,1,13.20
ORD-009787,2025-12-27,P021,USB-C Cable,1,11.00
ORD-009788,2025-12-27,P003,Linen Tote Bag,2,18.00
ORD-009789,2025-12-27,P004,Canvas Backpack,3,59.00
ORD-009790,2025-12-27,P003,Linen Tote Bag,1,18.00
ORD-009791,2025-12-27,P001,Ceramic Mug,1,10.80
ORD-009791,2025-12-27,P014,Scented Candle,4,16.00
ORD-009792,2025-12-27,P001,Ceramic Mug,1,13.20
ORD-009792,2025-12-27,P005,Wool Beanie,1,22.00
ORD-009792,2025-12-27,P013,Cast Iron Pan,3,61.60
ORD-009793,2025-12-27,P027,Coffee Beans 1kg,5,30.80
ORD-009794,2025-12-27,P031,Framed Print,1,57.60
ORD-009795,2025-12-27,P003,Linen Tote Bag,1,16.20
ORD-009796,2025-12-27,P003,Linen Tote Bag,1,18.00
ORD-009797,2025-12-27,P001,Ceramic Mug,3,12.00
ORD-009797,2025-12-27,P015,Soy Wax Candle Set,1,34.00
ORD-009798,2025-12-27,P001,Ceramic Mug,1,12.00
ORD-009799,2025-12-27,P001,Ceramic Mug,2,12.00
ORD-009800,2025-12-27,P006,Cotton T-Shirt,2,25.00
ORD-009800,2025-12-27,P007,Denim Jacket,1,89.00
ORD-009801,2025-12-27,P004,Canvas Backpack,1,59.00
ORD-009802,2025-12-27,P001,Ceramic Mug,1,12.00
ORD-009803,2025-12-27,P001,Ceramic Mug,3,12.00
ORD-009804,2025-12-27,P002,Travel Tumbler,1,24.00
ORD-009805,2025-12-27,P036,Gift Card Holder,1,7.00
ORD-009806,2025-12-27,P001,Ceramic Mug,1,12.00
ORD-009806,2025-12-27,P028,Olive Oil 500ml,2,21.00
ORD-009807,2025-12-27,P001,Ceramic Mug,2,12.00
ORD-009807,2025-12-27,P010,Steel Water Bottle,2,20.00
ORD-009808,2025-12-27,P009,Leather Wallet,3,45.00
ORD-009809,2025-12-27,P008,Running Socks,2,11.00
ORD-009810,2025-12-27,P006,Cotton T-Shirt,2,25.00
ORD-009810,2025-12-27,P020,Laptop Stand,1,46.20
ORD-009811,2025-12-27,P008,Running Socks,3,11.00
ORD-009812,2025-12-27,P004,Canvas Backpack,2,64.90
ORD-009813,2025-12-27,P001,Ceramic Mug,3,10.80
ORD-009814,2025-12-27,P001,Ceramic Mug,1,13.20
ORD-009815,2025-12-27,P001,Ceramic Mug,1,12.00
ORD-009815,2025-12-27,P021,USB-C Cable,1,9.00
ORD-009816,2025-12-27,P003,Linen Tote Bag,1,18.00
ORD-009816,2025-12-27,P006,Cotton T-Shirt,2,25.00
ORD-009816,2025-12-27,P016,Desk Lamp,2,49.00
ORD-009816,2025-12-27,P026,Herbal Tea Sampler,1,19.00
ORD-009817,2025-12-27,P009,Leather Wallet,1,45.00
ORD-009818,2025-12-27,P024,Yoga Mat,1,36.00
ORD-009819,2025-12-27,P001,Ceramic Mug,1,10.80
ORD-009820,2025-12-27,P008,Running Socks,1,11.00
ORD-009821,2025-12-27,P002,Travel Tumbler,1,24.00
ORD-009821,2025-12-27,P011,Bamboo Cutting Board,1,32.00
ORD-009822,2025-12-28,P001,Ceramic Mug,2,12.00
ORD-009822,2025-12-28,P005,Wool Beanie,1,24.20
ORD-009822,2025-12-28,P028,Olive Oil 500ml,1,21.00
ORD-009823,2025-12-28,P001,Ceramic Mug,4,10.80
ORD-009824,2025-12-28,P002,Travel Tumbler,1,24.00
ORD-009825,2025-12-28,P014,Scented Candle,4,16.00
ORD-009825,2025-12-28,P019,Wireless Mouse,1,29.00
ORD-009826,2025-12-28,P009,Leather Wallet,2,40.50
ORD-009826,2025-12-28,P028,Olive Oil 500ml,5,21.00
ORD-009827,2025-12-28,P003,Linen Tote Bag,3,18.00
ORD-009827,2025-12-28,P036,Gift Card Holder,1,7.00
ORD-009828,2025-12-28,P011,Bamboo Cutting Board,2,28.80
ORD-009829,2025-12-28,P001,Ceramic Mug,1,12.00
ORD-009830,2025-12-28,P003,Linen Tote Bag,2,18.00
ORD-009830,2025-12-28,P004,Canvas Backpack,1,59.00
ORD-009831,2025-12-28,P001,Ceramic Mug,3,12.00
ORD-009831,2025-12-28,P008,Running Socks,1,11.00
ORD-009831,2025-12-28,P022,Phone Case,3,15.00
ORD-009832,2025-12-28,P001,Ceramic Mug,3,12.00
ORD-009833,2025-12-28,P006,Cotton T-Shirt,4,25.00
ORD-009834,2025-12-28,P003,Linen Tote Bag,3,16.20
ORD-009835,2025-12-28,P027,Coffee Beans 1kg,2,28.00
ORD-009836,2025-12-28,P001,Ceramic Mug,1,12.00
ORD-009837,2025-12-28,P003,Linen Tote Bag,1,19.80
ORD-009838,2025-12-28,P008,Running Socks,1,11.00
ORD-009839,2025-12-28,P003,Linen Tote Bag,1,18.00
ORD-009840,2025-12-28,P003,Linen Tote Bag,1,18.00
ORD-009841,2025-12-28,P001,Ceramic Mug,1,12.00
ORD-009842,2025-12-28,P001,Ceramic Mug,1,13.20
ORD-009843,2025-12-28,P006,Cotton T-Shirt,1,25.00
ORD-009843,2025-12-28,P007,Denim Jacket,1,89.00
ORD-009844,2025-12-28,P001,Ceramic Mug,2,12.00
ORD-009844,2025-12-28,P002,Travel Tumbler,3,24.00
ORD-009844,2025-12-28,P010,Steel Water Bottle,1,20.00
ORD-009845,2025-12-28,P001,Ceramic Mug,1,12.00
ORD-009846,2025-12-28,P003,Linen Tote Bag,5,18.00
ORD-009846,2025-12-28,P008,Running Socks,1,11.00
ORD-009846,2025-12-28,P033,Wool Blanket,1,79.00
ORD-009847,2025-12-28,P022,Phone Case,4,13.50
ORD-009848,2025-12-28,P002,Travel Tumbler,3,24.00
ORD-009849,2025-12-28,P004,Canvas Backpack,1,59.00
ORD-009850,2025-12-28,P003,Linen Tote Bag,1,18.00
ORD-009851,2025-12-28,P021,USB-C Cable,3,10.00
ORD-009852,2025-12-28,P001,Ceramic Mug,1,12.00
ORD-009853,2025-12-28,P002,Travel Tumbler,1,24.00
ORD-009854,2025-12-28,P001,Ceramic Mug,2,13.20
ORD-009854,2025-12-28,P003,Linen Tote Bag,1,18.00
ORD-009854,2025-12-28,P009,Leather Wallet,2,45.00
ORD-009854,2025-12-28,P011,Bamboo Cutting Board,1,28.80
ORD-009855,2025-12-28,P003,Linen Tote Bag,1,18.00
ORD-009856,2025-12-28,P003,Linen Tote Bag,1,18.00
ORD-009857,2025-12-28,P001,Ceramic Mug,1,12.00
ORD-009857,2025-12-28,P011,Bamboo Cutting Board,1,32.00
ORD-009857,2025-12-28,P014,Scented Candle,3,17.60
ORD-009858,2025-12-28,P031,Framed Print,1,64.00
ORD-009859,2025-12-28,P001,Ceramic Mug,3,12.00
ORD-009859,2025-12-28,P006,Cotton T-Shirt,1,25.00
ORD-009860,2025-12-28,P001,Ceramic Mug,3,12.00
ORD-009860,2025-12-28,P014,Scented Candle,1,16.00
ORD-009860,2025-12-28,P025,Resistance Bands,2,14.00
ORD-009861,2025-12-28,P001,Ceramic Mug,1,12.00
ORD-009861,2025-12-28,P005,Wool Beanie,1,22.00
ORD-009862,2025-12-28,P005,Wool Beanie,1,22.00
ORD-009863,2025-12-28,P001,Ceramic Mug,1,12.00
ORD-009864,2025-12-28,P012,Chef Knife,1,74.00
ORD-009865,2025-12-28,P001,Ceramic Mug,3,12.00
ORD-009866,2025-12-28,P001,Ceramic Mug,2,13.20
ORD-009867,2025-12-28,P033,Wool Blanket,1,79.00
ORD-009867,2025-12-28,P036,Gift Card Holder,2,7.00
ORD-009868,2025-12-28,P002,Travel Tumbler,1,21.60
ORD-009868,2025-12-28,P003,Linen Tote Bag,2,18.00
ORD-009869,2025-12-28,P010,Steel Water Bottle,1,20.00
ORD-009869,2025-12-28,P033,Wool Blanket,2,79.00
ORD-009870,2025-12-28,P032,Throw Pillow,1,27.00
ORD-009871,2025-12-28,P013,Cast Iron Pan,1,56.00
ORD-009872,2025-12-29,P027,Coffee Beans 1kg,1,28.00
ORD-009873,2025-12-29,P001,Ceramic Mug,3,12.00
ORD-009874,2025-12-29,P012,Chef Knife,2,81.40
ORD-009875,2025-12-29,P002,Travel Tumbler,1,24.00
ORD-009876,2025-12-29,P001,Ceramic Mug,2,10.80
ORD-009876,2025-12-29,P017,Notebook A5,4,9.00
ORD-009877,2025-12-29,P003,Linen Tote Bag,1,16.20
ORD-009878,2025-12-29,P003,Linen Tote Bag,1,18.00
ORD-009879,2025-12-29,P001,Ceramic Mug,5,12.00
ORD-009880,2025-12-29,P002,Travel Tumbler,1,24.00
ORD-009880,2025-12-29,P006,Cotton T-Shirt,5,25.00
ORD-009881,2025-12-29,P004,Canvas Backpack,2,59.00
ORD-009882,2025-12-29,P001,Ceramic Mug,2,13.20
ORD-009883,2025-12-29,P001,Ceramic Mug,3,10.80
ORD-009884,2025-12-29,P017,Notebook A5,1,9.00
ORD-009885,2025-12-29,P001,Ceramic Mug,1,10.80
ORD-009886,2025-12-29,P031,Framed Print,1,64.00
ORD-009887,2025-12-29,P003,Linen Tote Bag,2,18.00
ORD-009888,2025-12-29,P005,Wool Beanie,3,22.00
ORD-009889,2025-12-29,P006,Cotton T-Shirt,1,25.00
ORD-009890,2025-12-29,P002,Travel Tumbler,1,24.00
ORD-009890,2025-12-29,P013,Cast Iron Pan,1,61.60
ORD-009890,2025-12-29,P019,Wireless Mouse,1,29.00
ORD-009890,2025-12-29,P030,Wall Calendar,1,13.00
ORD-009891,2025-12-29,P001,Ceramic Mug,5,13.20
ORD-009891,2025-12-29,P011,Bamboo Cutting Board,1,35.20
ORD-009892,2025-12-29,P002,Travel Tumbler,1,24.00
ORD-009892,2025-12-29,P004,Canvas Backpack,1,59.00
ORD-009892,2025-12-29,P017,Notebook A5,1,8.10
ORD-009893,2025-12-29,P001,Ceramic Mug,1,12.00
ORD-009894,2025-12-29,P003,Linen Tote Bag,1,18.00
ORD-009894,2025-12-29,P004,Canvas Backpack,3,59.00
ORD-009895,2025-12-29,P003,Linen Tote Bag,5,18.00
ORD-009896,2025-12-29,P005,Wool Beanie,1,19.80
ORD-009896,2025-12-29,P017,Notebook A5,1,9.00
ORD-009897,2025-12-29,P001,Ceramic Mug,1,10.80
ORD-009898,2025-12-29,P001,Ceramic Mug,2,10.80
ORD-009898,2025-12-29,P011,Bamboo Cutting Board,1,32.00
ORD-009899,2025-12-29,P003,Linen Tote Bag,2,16.20
ORD-009900,2025-12-29,P008,Running Socks,1,11.00
ORD-009901,2025-12-29,P011,Bamboo Cutting Board,1,32.00
ORD-009902,2025-12-29,P002,Travel Tumbler,3,24.00
ORD-009903,2025-12-29,P016,Desk Lamp,1,49.00
ORD-009904,2025-12-29,P002,Travel Tumbler,2,24.00
ORD-009905,2025-12-29,P001,Ceramic Mug,2,12.00
ORD-009906,2025-12-29,P001,Ceramic Mug,1,12.00
ORD-009907,2025-12-29,P004,Canvas Backpack,5,59.00
ORD-009908,2025-12-29,P002,Travel Tumbler,1,24.00
ORD-009908,2025-12-29,P004,Canvas Backpack,1,59.00
ORD-009908,2025-12-29,P007,Denim Jacket,1,89.00
ORD-009909,2025-12-29,P001,Ceramic Mug,1,10.80
ORD-009910,2025-12-29,P001,Ceramic Mug,2,12.00
ORD-009911,2025-12-29,P006,Cotton T-Shirt,1,25.00
ORD-009912,2025-12-29,P011,Bamboo Cutting Board,1,32.00
ORD-009913,2025-12-29,P001,Ceramic Mug,2,12.00
ORD-009914,2025-12-29,P024,Yoga Mat,2,32.40
ORD-009915,2025-12-29,P003,Linen Tote Bag,1,18.00
ORD-009916,2025-12-29,P001,Ceramic Mug,1,12.00
ORD-009917,2025-12-29,P003,Linen Tote Bag,2,19.80
ORD-009918,2025-12-29,P001,Ceramic Mug,1,12.00
ORD-009918,2025-12-29,P003,Linen Tote Bag,2,18.00
ORD-009919,2025-12-29,P002,Travel Tumbler,2,26.40
ORD-009920,2025-12-29,P009,Leather Wallet,2,45.00
ORD-009921,2025-12-29,P001,Ceramic Mug,2,10.80
ORD-009922,2025-12-29,P002,Travel Tumbler,3,24.00
ORD-009922,2025-12-29,P009,Leather Wallet,2,40.50
ORD-009923,2025-12-29,P008,Running Socks,4,12.10
ORD-009924,2025-12-29,P003,Linen Tote Bag,1,18.00
ORD-009924,2025-12-29,P010,Steel Water Bottle,2,22.00
ORD-009925,2025-12-29,P005,Wool Beanie,5,24.20
ORD-009926,2025-12-29,P001,Ceramic Mug,4,13.20
ORD-009927,2025-12-30,P016,Desk Lamp,4,53.90
ORD-009928,2025-12-30,P001,Ceramic Mug,3,12.00
ORD-009929,2025-12-30,P007,Denim Jacket,2,89.00
ORD-009930,2025-12-30,P006,Cotton T-Shirt,2,22.50
ORD-009931,2025-12-30,P014,Scented Candle,3,16.00
ORD-009932,2025-12-30,P014,Scented Candle,1,16.00
ORD-009933,2025-12-30,P003,Linen Tote Bag,2,18.00
ORD-009934,2025-12-30,P001,Ceramic Mug,1,10.80
ORD-009935,2025-12-30,P013,Cast Iron Pan,2,61.60
ORD-009936,2025-12-30,P007,Denim Jacket,2,89.00
ORD-009936,2025-12-30,P010,Steel Water Bottle,2,18.00
ORD-009937,2025-12-30,P003,Linen Tote Bag,1,18.00
ORD-009938,2025-12-30,P003,Linen Tote Bag,1,16.20
ORD-009938,2025-12-30,P005,Wool Beanie,4,19.80
ORD-009938,2025-12-30,P007,Denim Jacket,1,89.00
ORD-009938,2025-12-30,P016,Desk Lamp,2,49.00
ORD-009939,2025-12-30,P001,Ceramic Mug,1,12.00
ORD-009939,2025-12-30,P006,Cotton T-Shirt,2,25.00
ORD-009940,2025-12-30,P003,Linen Tote Bag,1,18.00
ORD-009941,2025-12-30,P035,Umbrella,2,26.00
ORD-009942,2025-12-30,P001,Ceramic Mug,1,12.00
ORD-009943,2025-12-30,P005,Wool Beanie,1,22.00
ORD-009944,2025-12-30,P001,Ceramic Mug,1,12.00
ORD-009944,2025-12-30,P003,Linen Tote Bag,1,18.00
ORD-009944,2025-12-30,P004,Canvas Backpack,2,64.90
ORD-009945,2025-12-30,P001,Ceramic Mug,1,13.20
ORD-009946,2025-12-30,P001,Ceramic Mug,2,10.80
ORD-009946,2025-12-30,P002,Travel Tumbler,3,26.40
ORD-009947,2025-12-30,P001,Ceramic Mug,1,12.00
ORD-009948,2025-12-30,P018,Fountain Pen,1,34.20
ORD-009949,2025-12-30,P001,Ceramic Mug,2,12.00
ORD-009950,2025-12-30,P001,Ceramic Mug,2,12.00
ORD-009951,2025-12-30,P004,Canvas Backpack,1,59.00
ORD-009951,2025-12-30,P028,Olive Oil 500ml,1,21.00
ORD-009952,2025-12-30,P036,Gift Card Holder,3,7.70
ORD-009953,2025-12-30,P027,Coffee Beans 1kg,2,28.00
ORD-009954,2025-12-30,P007,Denim Jacket,1,97.90
ORD-009954,2025-12-30,P033,Wool Blanket,1,86.90
ORD-009955,2025-12-30,P001,Ceramic Mug,1,12.00
ORD-009956,2025-12-30,P012,Chef Knife,1,81.40
ORD-009957,2025-12-30,P005,Wool Beanie,1,22.00
ORD-009958,2025-12-31,P002,Travel Tumbler,2,26.40
ORD-009958,2025-12-31,P012,Chef Knife,1,74.00
ORD-009959,2025-12-31,P007,Denim Jacket,1,89.00
ORD-009960,2025-12-31,P002,Travel Tumbler,1,24.00
ORD-009961,2025-12-31,P002,Travel Tumbler,1,24.00
ORD-009962,2025-12-31,P002,Travel Tumbler,2,24.00
ORD-009963,2025-12-31,P004,Canvas Backpack,1,64.90
ORD-009963,2025-12-31,P005,Wool Beanie,1,22.00
ORD-009963,2025-12-31,P016,Desk Lamp,1,49.00
ORD-009964,2025-12-31,P003,Linen Tote Bag,1,18.00
ORD-009964,2025-12-31,P011,Bamboo Cutting Board,2,28.80
ORD-009964,2025-12-31,P033,Wool Blanket,1,79.00
ORD-009965,2025-12-31,P006,Cotton T-Shirt,1,27.50
ORD-009966,2025-12-31,P001,Ceramic Mug,4,12.00
ORD-009967,2025-12-31,P004,Canvas Backpack,1,59.00
ORD-009968,2025-12-31,P002,Travel Tumbler,1,24.00
ORD-009968,2025-12-31,P003,Linen Tote Bag,5,16.20
ORD-009969,2025-12-31,P001,Ceramic Mug,3,13.20
ORD-009969,2025-12-31,P004,Canvas Backpack,2,59.00
ORD-009969,2025-12-31,P010,Steel Water Bottle,1,20.00
ORD-009970,2025-12-31,P001,Ceramic Mug,2,12.00
ORD-009971,2025-12-31,P002,Travel Tumbler,1,24.00
ORD-009972,2025-12-31,P001,Ceramic Mug,1,13.20
ORD-009973,2025-12-31,P003,Linen Tote Bag,1,18.00
ORD-009974,2025-12-31,P001,Ceramic Mug,1,10.80
ORD-009975,2025-12-31,P003,Linen Tote Bag,1,18.00
ORD-009976,2025-12-31,P002,Travel Tumbler,1,26.40
ORD-009977,2025-12-31,P007,Denim Jacket,1,89.00
ORD-009978,2025-12-31,P002,Travel Tumbler,1,24.00
ORD-009979,2025-12-31,P002,Travel Tumbler,1,26.40
ORD-009980,2025-12-31,P002,Travel Tumbler,1,24.00
ORD-009980,2025-12-31,P007,Denim Jacket,2,89.00
ORD-009980,2025-12-31,P033,Wool Blanket,2,79.00
ORD-009981,2025-12-31,P001,Ceramic Mug,1,12.00
ORD-009982,2025-12-31,P001,Ceramic Mug,1,12.00
ORD-009983,2025-12-31,P035,Umbrella,5,28.60
ORD-009984,2025-12-31,P001,Ceramic Mug,4,12.00
ORD-009985,2025-12-31,P001,Ceramic Mug,1,12.00
ORD-009985,2025-12-31,P019,Wireless Mouse,2,29.00
ORD-009986,2025-12-31,P002,Travel Tumbler,2,26.40
ORD-009987,2025-12-31,P017,Notebook A5,1,9.00
ORD-009988,2025-12-31,P004,Canvas Backpack,1,59.00
ORD-009988,2025-12-31,P010,Steel Water Bottle,1,20.00
ORD-009988,2025-12-31,P012,Chef Knife,1,66.60
ORD-009989,2025-12-31,P001,Ceramic Mug,3,12.00
ORD-009989,2025-12-31,P008,Running Socks,1,11.00
ORD-009990,2025-12-31,P001,Ceramic Mug,2,12.00
ORD-009991,2025-12-31,P003,Linen Tote Bag,2,16.20
ORD-009991,2025-12-31,P031,Framed Print,1,64.00
ORD-009992,2025-12-31,P002,Travel Tumbler,1,26.40
ORD-009993,2025-12-31,P001,Ceramic Mug,4,13.20
ORD-009994,2025-12-31,P001,Ceramic Mug,1,12.00
ORD-009995,2025-12-31,P008,Running Socks,1,11.00
ORD-009996,2025-12-31,P001,Ceramic Mug,4,13.20
ORD-009996,2025-12-31,P006,Cotton T-Shirt,1,25.00
ORD-009997,2025-12-31,P001,Ceramic Mug,1,12.00
ORD-009997,2025-12-31,P011,Bamboo Cutting Board,3,28.80
ORD-009998,2025-12-31,P001,Ceramic Mug,1,12.00
ORD-009999,2025-12-31,P001,Ceramic Mug,3,12.00
ORD-009999,2025-12-31,P002,Travel Tumbler,1,24.00
ORD-010000,2025-12-31,P001,Ceramic Mug,2,12.00
